cluster_id,ward,area_m2,d_toilet,n_toilet,d_health,n_health,d_school,n_school,d_school_municipal,n_school_municipal,d_park,n_park,d_fire,n_fire,d_police,n_police,d_bus,n_bus,d_rail,n_rail,d_funeral,n_funeral,toilet_seats,toilet_seats_f
0,L,2938.001293104852,13.264663191228088,0,477.2928689653489,0,126.27431519954692,0,126.27431519954692,0,519.5260732008445,0,1318.2715489189097,0,1973.0524077701536,0,114.36615143748759,0,2865.2024800466,0,819.4884092106928,0,0.0,0.0
1,L,12619.196936352548,401.81143406653894,0,344.4909712289519,0,224.96742184289528,0,384.90986231141716,0,145.99081463066315,0,1999.725275850953,0,1736.6711566952624,0,9.370706433052538,0,2120.832034191976,0,688.6743190912109,0,0.0,0.0
2,L,87066.27162156464,0.0,8,221.64329008222666,0,145.9966992840981,0,252.23835369973912,0,38.08948408383471,0,685.3497687655308,0,1731.1460738102492,0,16.420690796627134,0,770.8292733928402,0,606.957352073111,0,109.0,44.0
3,L,609.1340723558869,11.911794783356799,0,368.14866554263637,0,346.4395931121858,0,397.5786130398236,0,188.7958358050704,0,801.5607270518384,0,1953.9487220218673,0,270.02051732174453,0,1023.0726235959578,0,779.3170873441113,0,0.0,0.0
4,L,210527.56117086567,0.0,23,10.34955142331329,0,0.0,8,0.0,6,9.942064815505587,0,323.8308351756406,0,1497.172252222161,0,62.678929554623494,0,1363.8051606545632,0,242.47078171914407,0,367.0,174.0
5,L,99934.07102068272,0.0,25,0.0,2,0.0,4,42.296460082671935,0,120.18588470328402,0,1490.8735052856362,0,1870.5325840146822,0,2.14279949747942,0,2162.8305794052617,0,1149.1615918392163,0,165.0,87.0
6,L,780.4691752751799,44.14994498433036,0,82.35805995399053,0,82.82965634071421,0,124.68931137028501,0,227.84684145951513,0,1687.1976125346678,0,2159.8348142729155,0,179.40073374102155,0,2288.8006729270605,0,1392.3695218694313,0,0.0,0.0
7,L,22550.31092291493,14.05657989190239,0,122.97056775560283,0,11.09015565597223,0,130.4619127348028,0,151.3927196969939,0,364.4480345161834,0,1557.8392079626385,0,91.3904383100657,0,1238.3485979342452,0,471.4268804186739,0,0.0,0.0
8,L,151328.64556450772,0.0,27,212.8621184536466,0,2.289420302752,0,66.32734969694614,0,168.59523582125846,0,887.7215252539595,0,2049.960509229709,0,10.670246991086193,0,1525.4039981558315,0,770.3259118422966,0,212.0,102.0
9,L,31652.268182711996,38.19930962284975,0,382.1863172855411,0,3.007348138076155,0,73.8559681320618,0,137.12249897172546,0,1620.220894844465,0,2125.9425992219435,0,11.65244767926196,0,1542.948873802986,0,1078.417972804281,0,0.0,0.0
10,L,42628.67961878313,0.0,18,226.09254011920362,0,82.02166798901354,0,226.15135163008983,0,264.61732375475225,0,1277.7517169949047,0,1888.4767337240735,0,19.59457542881148,0,1968.4539773169984,0,968.3370044124468,0,86.0,47.0
11,L,50773.890003858956,0.0,30,232.02133706456485,0,87.66785716087264,0,357.7817072523986,0,0.0,1,1300.7548975177592,0,1706.5583487595866,0,10.726042727302971,0,2127.0003047187943,0,926.5171709614145,0,194.0,103.0
12,L,43814.447476167916,0.0,17,383.11119861377307,0,11.087264047234894,0,261.3911942973471,0,246.21429437106548,0,992.3383422444056,0,1919.484654595721,0,83.76030024842082,0,1760.7387995493784,0,716.2920920295211,0,90.0,45.0
13,L,235856.18564764154,0.0,33,269.2138873741013,0,0.0,10,38.639712471932626,0,0.0,1,1428.1893137583036,0,1781.7656149224842,0,113.6149981941767,0,1961.1151696622499,0,916.4463080938932,0,202.0,110.0
14,L,8925.593998199465,86.21962517338679,0,460.4835809062436,0,0.0,1,210.11252832848655,0,145.0500873550861,0,1951.177017301993,0,2013.9402507448103,0,303.52668292347863,0,2135.728638099356,0,1072.057507543161,0,0.0,0.0
15,L,13288.664372935387,182.35471471778905,0,398.4705566548637,0,120.91737843891346,0,124.30891847003703,0,329.0683486893934,0,1724.2408461264279,0,1909.7532191233693,0,0.0,1,1436.6336340692576,0,853.9959688412622,0,0.0,0.0
16,L,9885.314399470506,0.0,2,632.0676742013223,0,168.80609816528607,0,282.25255243375204,0,43.7026736642357,0,1062.511556028484,0,277.95750448225766,0,280.8337236612435,0,1037.6997097095648,0,917.8494711613919,0,19.0,10.0
17,L,29693.390847940467,186.0151467370886,0,561.8257781155261,0,0.0,1,617.0248519202423,0,34.49137270507289,0,1826.2069876232792,0,1501.7548405224193,0,2.698176515012185,0,2343.099486761736,0,652.4082360159944,0,0.0,0.0
18,L,495.6102771284576,4.94466015047881,0,567.2706790135042,0,189.09975155413142,0,255.35863885207903,0,237.23114954041077,0,1025.9696742712329,0,443.4531705644281,0,266.147795792572,0,1188.7905540437555,0,778.1667800553964,0,0.0,0.0
19,L,1689.3427492994706,32.491819409497246,0,496.105378175679,0,99.86546931084811,0,99.86546931084811,0,259.4230481317016,0,955.1534471687443,0,458.451129106832,0,68.97336744991725,0,916.3068258903743,0,831.2986749447617,0,0.0,0.0
20,L,112908.14238869742,0.0,29,340.0811264883016,0,0.0,1,0.0,1,41.682921786149485,0,1148.34192928294,0,1934.0845413919453,0,7.2031654052774305,0,1280.8404925540813,0,1011.9206419100158,0,478.0,247.0
21,L,20339.35326017066,1.819864001680962,0,128.96703162731157,0,32.96015776737899,0,59.52973917088282,0,138.50115958124007,0,1412.1929325524113,0,1878.1834460968319,0,39.02163979261629,0,2486.192175834173,0,1064.7232466673652,0,0.0,0.0
22,L,27384.07018626293,0.0,15,230.9912010121458,0,81.6851335362667,0,81.6851335362667,0,48.02981192085045,0,1275.9590889694105,0,1749.2455930621736,0,5.012039310532078,0,2499.667196743521,0,905.5736105124967,0,108.0,58.0
23,L,2019.3115477412161,132.54243664591584,0,510.1029931583536,0,104.41334851859249,0,104.41334851859249,0,336.91291961084175,0,1671.282312510569,0,2045.499032602055,0,30.91458223064675,0,1405.2761624620484,0,1047.2334258901863,0,0.0,0.0
24,L,10121.654097834653,51.59357531375712,0,326.0184029166972,0,2.288328563759531,0,326.07227229237105,0,96.96122627847551,0,1042.9296858414623,0,2237.479816527936,0,315.7262238288744,0,1413.653848746236,0,1093.6460001134008,0,0.0,0.0
25,L,17823.94372325587,1.289999578867831,0,497.0062121252696,0,29.276278400457574,0,170.1725244144161,0,472.5444433916793,0,1299.3529773543066,0,1737.6486184882601,0,51.40677526898205,0,2826.365627679368,0,763.5506883358806,0,0.0,0.0
26,L,8522.335089558945,357.1962523711816,0,416.93011419067403,0,314.4548655521132,0,525.2989644106877,0,142.58449947808717,0,1971.0531576335934,0,811.2193825669865,0,29.532465652453553,0,2560.067273695201,0,944.2810766734214,0,0.0,0.0
27,L,17397.750752926804,0.0,3,568.162377080182,0,17.225402651019383,0,342.8440313482894,0,30.308495211437386,0,902.9043563403126,0,378.1245378595134,0,337.23800261955404,0,1105.3076314051714,0,769.3659712494699,0,34.0,22.0
28,L,8404.647160775285,18.434006054298766,0,448.56153414221774,0,279.0761274033453,0,279.0761274033453,0,55.480067853298856,0,998.8883181035396,0,242.58812299427157,0,427.7796078118729,0,910.9591689200635,0,803.2298221131934,0,0.0,0.0
29,L,1185.182953207766,132.42788883810158,0,471.82604155996256,0,61.39729430876583,0,141.3118660562233,0,354.6039532666105,0,1703.0601195419574,0,1994.485312908298,0,11.182301996203856,0,1357.5628205087835,0,1030.4352407853276,0,0.0,0.0
30,L,1228.4715323667494,74.72971390885114,0,431.2542697039927,0,83.09936034336675,0,83.09936034336675,0,444.845640201857,0,1288.6157241852789,0,1910.448398971179,0,46.8507209925936,0,2824.372630647287,0,889.1702576009665,0,0.0,0.0
31,L,1083.9609782361852,73.07018093119477,0,400.9999402981679,0,69.35193596649984,0,69.35193596649984,0,429.4850162641486,0,1320.7241593596657,0,1932.5287810722475,0,30.66613490983156,0,2793.764677369075,0,913.2816634561925,0,0.0,0.0
32,L,2562.2970798094784,0.0,1,342.6804200393346,0,236.63480837464675,0,236.63480837464675,0,123.48833236378798,0,1322.9383172526475,0,1736.5476190288894,0,126.12968841631476,0,2614.7799505826597,0,1042.286567316267,0,4.0,2.0
33,L,1102.5290517819535,19.430144993322585,0,340.7057418201171,0,267.8553141055451,0,356.84415002837625,0,47.00644309422327,0,1416.5697970248937,0,1704.4697746534155,0,132.96605538555195,0,2552.806146892885,0,1191.498778807444,0,0.0,0.0
34,L,571.9280528520388,53.12846665666661,0,344.05523169485616,0,293.4069157523805,0,409.38397327982653,0,18.501692203631745,0,1445.4529626419283,0,1706.53519187517,0,130.55364090320367,0,2522.649456284751,0,1248.5510593846068,0,0.0,0.0
35,L,14282.103812194575,0.0,6,550.3584894669439,0,37.93598380997215,0,204.08298773328397,0,199.45348492377593,0,991.3709816146902,0,1717.2898156954288,0,32.36030370148952,0,1949.0137384870513,0,625.0610132540056,0,28.0,14.0
36,L,2698.8208984057205,0.0,1,435.10896449588597,0,50.401190998133096,0,50.401190998133096,0,280.841901349626,0,374.4291470161881,0,1414.1197294127066,0,17.84004453011338,0,956.2369907499781,0,252.71776315647472,0,16.0,8.0
37,L,5408.169796451079,0.0,2,12.970247291762083,0,334.1592784970709,0,378.7250951661195,0,527.0940803413978,0,623.681275542672,0,932.6003321635033,0,54.259196776587515,0,773.1836613280985,0,412.6107698664569,0,12.0,6.0
38,L,11784.817552982257,64.47838715669798,0,412.94713819227564,0,49.48080598882983,0,386.6663710577068,0,18.560152881409653,0,595.250790536842,0,610.6418034872472,0,337.15871257267395,0,1308.481236582757,0,488.50156287453564,0,0.0,0.0
39,L,4741.1439943865935,21.75996268113771,0,253.69228418309112,0,410.96144431614016,0,410.96144431614016,0,501.0367451914059,0,938.422014278301,0,927.5017126519144,0,279.33647040403827,0,525.9473547803293,0,726.9464564296354,0,0.0,0.0
40,L,1906.3074119421137,121.4522673037491,0,943.9137831875822,0,306.60620958235984,0,306.60620958235984,0,94.55717171845595,0,1537.3664741068744,0,1391.9032835602823,0,92.82361816203891,0,93.3220059844249,0,565.9907244576541,0,0.0,0.0
41,L,1577.7473482357343,12.078609575834559,0,502.80528549330825,0,390.5022854257655,0,390.5022854257655,0,326.9982621406415,0,1588.2358741739324,0,523.6146842710364,0,328.63703400613474,0,469.9208311957449,0,822.9880832660737,0,0.0,0.0
42,L,2427.878025483766,319.26927890521216,0,331.6044901502151,0,452.6048247114077,0,571.8518691851998,0,158.81024832965733,0,1960.275202985148,0,938.2893954147886,0,143.07223662975872,0,2599.518150428353,0,948.7516996759794,0,0.0,0.0
43,L,30624.20660623922,0.0,6,493.62804553351043,0,5.580956182541708,0,203.34260044214747,0,78.1292065737302,0,1375.096783637051,0,2344.5744591867997,0,66.97899806139543,0,1704.6164628579118,0,1256.9357991790496,0,57.0,28.0
44,L,9767.713728121098,0.0,2,678.172385792541,0,42.27995052326908,0,399.45965467933104,0,366.931379709486,0,1417.1052686860053,0,1617.102070214955,0,142.6461037471526,0,2843.779485459701,0,660.8197989438079,0,8.0,4.0
45,L,5954.769970745674,202.65283071962187,0,462.5760785906188,0,20.7703025677583,0,213.3398493544833,0,355.70789112879504,0,1778.8482197669878,0,1925.6304583675196,0,37.53125006329117,0,1327.304628380369,0,890.6477626910138,0,0.0,0.0
46,L,739.2436328322567,69.7823046331508,0,379.1637157223251,0,159.58500588513814,0,159.58500588513814,0,363.1862653776438,0,926.1146185749792,0,1384.2292440643726,0,110.83046940684173,0,424.72536601264864,0,669.3577247571404,0,0.0,0.0
47,L,652.4682630771032,174.05902758982995,0,529.0018064631013,0,85.86327790059185,0,165.94374123900033,0,393.58813710863063,0,1737.4828232786767,0,2016.4007089663846,0,64.7713882041035,0,1397.7690772793208,0,995.7584554205265,0,0.0,0.0
48,L,1408.1699492628734,41.577460222478415,0,611.101953700388,0,13.902625065592703,0,373.01466512037723,0,374.93647409043996,0,1167.8909756324865,0,1710.5379792605008,0,143.09032809115018,0,2122.28325037122,0,767.1420183057645,0,0.0,0.0
49,L,1300.9256941575939,294.8939280082778,0,405.7600477127968,0,101.70834123969215,0,448.8208829821882,0,217.46560523071017,0,493.1162689560023,0,700.0306365257492,0,256.79591579350375,0,1392.393621420955,0,414.07301879343333,0,0.0,0.0
50,L,5399.914082573161,134.50499589340237,0,328.18523698332973,0,45.325365278322415,0,357.8146984637289,0,78.74843137321062,0,659.1699705841091,0,553.5398565922154,0,313.68917812515417,0,1437.6310855322404,0,503.9068252143015,0,0.0,0.0
51,L,2207.479229366834,94.6810474453555,0,393.78743247923984,0,50.22886361773671,0,275.2461282972033,0,88.74727892484489,0,786.0453928150785,0,505.7065515521321,0,287.23693490001654,0,1390.2734792997692,0,597.3328762593328,0,0.0,0.0
52,L,2126.6667116360495,36.96999501792623,0,170.4229961527574,0,39.461425040524375,0,39.461425040524375,0,164.75800829318555,0,1661.9893784843887,0,2210.4874279255505,0,45.48026361986685,0,2207.8560627054676,0,1423.067966102533,0,0.0,0.0
53,L,2254.5000045217607,262.67867212303855,0,304.32154778079183,0,475.2747215518761,0,537.8977068622996,0,127.13329146034525,0,1987.2398036113736,0,935.6771246367806,0,153.20959736289328,0,2662.3327413632605,0,899.1977619901218,0,0.0,0.0
54,L,1845.6655544848243,308.4165393186134,0,573.7289965435599,0,300.538951384275,0,345.65371493296567,0,126.88225897661943,0,2209.2365113072156,0,671.3579487222679,0,10.298711375527583,0,2761.815756555525,0,793.8114929295733,0,0.0,0.0
55,T,3768.003301740139,6.449213214926623,0,707.1591749935264,0,201.252356806407,0,369.1285980387119,0,480.28348929418036,0,1123.140693992949,0,2256.0169748833696,0,15.09731154987687,0,1841.260065824989,0,1122.0086961488976,0,0.0,0.0
56,T,464.31245142842357,22.25436891789379,0,710.5652604964066,0,565.410485839378,0,578.2150094582748,0,344.5680905786947,0,1139.2072454633092,0,1390.453174635695,0,141.3923841877248,0,367.8021126949573,0,369.6976063359851,0,0.0,0.0
57,T,2131.732614882836,14.012414683773873,0,696.6762341421361,0,554.6017420282848,0,604.9682525104786,0,332.6428963765344,0,1117.3786145227857,0,1415.40389117322,0,128.8168128509221,0,362.78708909480906,0,352.88378637159195,0,0.0,0.0
58,T,8382.773768037034,0.0,1,284.21289996253034,0,43.8777003299508,0,62.43806886026452,0,11.410762938299662,0,1252.6531971153217,0,635.1741753777719,0,32.24210287747008,0,432.88003022410913,0,926.0450622127781,0,14.0,7.0
59,T,8021.550678004497,0.0,3,405.3146675269163,0,71.09014995435582,0,283.85145539020846,0,98.9145176233248,0,442.929857658858,0,772.8794348249851,0,108.94529423233298,0,1031.50708478246,0,950.1159930284987,0,52.0,23.0
60,T,4061.5615910404244,0.0,1,921.202774179307,0,63.92338889239478,0,91.33107857821246,0,106.7172712868039,0,1694.778992815016,0,606.7354551542346,0,127.53681852612101,0,1072.9535048338778,0,561.0247754553532,0,12.0,6.0
61,T,1845.0945852374862,43.947314063146656,0,1029.0423505246217,0,513.8837135411726,0,513.8837135411726,0,300.83992581295547,0,1758.298709369366,0,457.1185258686979,0,205.6020366077581,0,626.2777106256901,0,822.486832104217,0,0.0,0.0
62,T,4175.0814539381045,0.0,3,866.0632824077987,0,472.6035073220639,0,472.6035073220639,0,88.27536760640476,0,1546.095808406294,0,265.379631293577,0,172.05110907540163,0,777.4707127679247,0,979.1736331193654,0,30.0,13.0
63,T,5142.898862331943,0.0,1,334.23594586036177,0,580.8269392732083,0,742.3798035386568,0,144.2711899266075,0,990.4150700690188,0,1051.6843907456991,0,36.137672509992406,0,1587.9168874898633,0,574.0327351835754,0,10.0,5.0
64,T,1190.6430095107796,36.37060038557192,0,777.7275625381325,0,442.0560031376332,0,594.4295381299097,0,376.45690518202593,0,1347.8112979213563,0,2418.3843639343236,0,130.3078617093107,0,1889.2210193438757,0,1081.8216671776763,0,0.0,0.0
65,T,1190.632363531237,11.974833001569356,0,810.5723737305466,0,509.35241075154175,0,625.9005668116181,0,366.7874901707767,0,1411.2987490104326,0,2466.772798037033,0,183.9900175080557,0,1908.8771582144732,0,1068.5896663883389,0,0.0,0.0
66,T,1504.3311648904323,0.0,1,741.1607695165131,0,286.99638581300246,0,314.9107137258865,0,63.82170032206521,0,1496.9271738712794,0,2169.185729555445,0,200.09130644840008,0,1172.3916174085857,0,127.07447117332532,0,5.0,2.0
67,T,1933.8104677418944,30.76071133431028,0,1042.5408961144567,0,122.76737413319695,0,161.23867835453012,0,71.81389619583138,0,1714.671129792317,0,728.7951078625075,0,167.69121419460285,0,1046.9902472872886,0,521.1875718466503,0,0.0,0.0
68,T,2266.0297953100808,200.63977789260593,0,625.8156995621059,0,114.86955862439616,0,580.3728265979647,0,171.73735343871158,0,1099.124180992484,0,426.65662057146346,0,146.93769032393726,0,1194.498869760373,0,718.9152207902869,0,0.0,0.0
69,T,1054.572073914243,0.0,1,702.245464276257,0,204.34487128448052,0,209.95302618614033,0,59.18192673290421,0,789.7794229535446,0,1677.5856449621365,0,35.46491956234362,0,1103.063588122573,0,488.86423553838597,0,5.0,3.0
70,T,19174.08823441886,0.0,5,30.086265902600765,0,233.07809981834959,0,296.306517389029,0,94.15641793757078,0,611.7400190717142,0,1059.33977042944,0,70.86436297408122,0,1783.25300151973,0,960.8085932763893,0,60.0,38.0
71,T,42430.9423518727,0.0,4,301.24916267237285,0,168.50386098137463,0,168.50386098137463,0,172.3372386550317,0,1238.6761212311653,0,79.1826430954955,0,24.551653222217414,0,744.0542081441953,0,928.9796622112955,0,42.0,23.0
72,T,31801.849752303475,0.0,5,90.32914307861373,0,52.016388577128275,0,55.64849424568101,0,18.343500353336925,0,700.9722348134718,0,387.67982669074536,0,31.41299680354814,0,792.8885225004066,0,1042.9938341120524,0,41.0,26.0
73,T,1007.1117478121487,7.041349696198932,0,543.4164591859575,0,260.1869395185657,0,411.02563777734025,0,85.57834664426493,0,1236.90701085792,0,787.5318027625359,0,100.51515618008752,0,498.18767386156185,0,670.1518576703585,0,0.0,0.0
74,T,1293.968189711618,32.912678171455084,0,90.47544757529748,0,84.96199832597378,0,110.66356278074947,0,3.7476560659089975,0,1024.7012389143642,0,468.8174839837605,0,172.62970385789254,0,743.6483860009187,0,1043.9081600662628,0,0.0,0.0
75,N,51036.845841579234,0.0,12,128.89184897867315,0,125.57899998663987,0,306.63056912163245,0,122.10244210921115,0,1189.4323741470462,0,429.56950931618934,0,6.454805835605015,0,512.7799141123522,0,592.5616357687367,0,160.0,65.0
76,N,19659.202945626035,0.0,1,474.6511026216491,0,96.77745146809892,0,96.77745146809892,0,67.46644108666696,0,1586.8106265278266,0,97.41428462199976,0,101.90301511896782,0,679.4201314618252,0,1117.153663707968,0,16.0,8.0
77,N,9516.413418967632,10.997164159982153,0,407.76952343836734,0,172.3753954487867,0,394.04976350931537,0,0.0,1,1072.464851519267,0,465.16503281089786,0,81.15923660746411,0,816.4818310210982,0,496.1850137186929,0,0.0,0.0
78,N,3237.5262985169384,124.92030623623859,0,311.2199593442949,0,60.50379592443566,0,157.81317246659984,0,245.87241331932367,0,1216.039008552333,0,250.13084255810787,0,9.657659496580662,0,862.3621601871018,0,694.8437270174234,0,0.0,0.0
79,N,34227.92178734674,0.0,4,598.1592468967056,0,9.431870427886967,0,65.8777364153052,0,113.0669128923428,0,42.393357541916224,0,21.83819839023586,0,21.62990071028018,0,1586.8770016964675,0,500.8030543162611,0,38.0,19.0
80,N,9927.329058237241,0.0,1,510.0708652460343,0,113.65523280183075,0,230.1159567491145,0,251.31835014058888,0,1605.4257468861222,0,1423.14490062318,0,0.0,1,892.2136475571833,0,724.1885755428674,0,2.0,2.0
81,N,1864.5459252919425,309.15800119550505,0,286.1066107444656,0,44.162305998982546,0,155.49383133068,0,175.18250665423164,0,1399.7194383534097,0,1738.053430844288,0,28.982306898946113,0,821.8241958279331,0,402.14074821543556,0,0.0,0.0
82,N,27503.37371967111,88.64321800547167,0,12.425972658952691,0,11.774072312238141,0,39.082576756844844,0,80.19901590139776,0,1362.0315281825033,0,1742.403295143581,0,159.9846925851429,0,949.1535113911012,0,544.7968849798485,0,0.0,0.0
83,N,12745.976182831173,0.0,1,26.660802222118438,0,27.886196012255315,0,41.762609490829654,0,71.36976317236912,0,1622.0358045897437,0,1636.228934893584,0,44.33118118774643,0,914.6059762463831,0,679.8740875825887,0,80.0,80.0
84,N,16891.123867336693,0.0,4,383.7043457080663,0,35.90047652495124,0,35.90047652495124,0,239.44651930497295,0,934.6440581480746,0,1347.5686873697414,0,19.661892812290827,0,284.88139151094776,0,558.0220996828192,0,37.0,19.0
85,N,13590.93821733857,0.0,1,690.7050048259671,0,121.95229824186023,0,199.3297918980499,0,161.40699920845537,0,2055.544970587668,0,547.6413458691301,0,26.0115442953626,0,641.884093059799,0,900.4876982153,0,12.0,6.0
86,N,4168.828063517992,0.0,1,348.8803112720212,0,45.13038380355215,0,45.13038380355215,0,249.55930202002057,0,1432.5687408654724,0,94.52417230332598,0,38.631233432289626,0,921.9558889598576,0,974.7682454922063,0,8.0,4.0
87,N,86944.81714448218,0.0,8,14.694725672269913,0,0.0,2,0.0,2,35.34514157491448,0,863.0957305151852,0,696.2625334740818,0,5.098378472043144,0,682.4557857185267,0,375.222766266338,0,146.0,66.0
88,N,1748.8268122691377,68.63631136789728,0,397.68576246446037,0,269.2490521751369,0,420.33259080732154,0,13.846775483493673,0,1075.5797266854547,0,576.7899035461911,0,65.94862275422521,0,811.8892818559798,0,488.6227220103562,0,0.0,0.0
89,N,18675.449576326082,0.0,3,335.33114747931853,0,444.5917613261591,0,545.1150956056539,0,11.619819871894759,0,681.7850495543087,0,638.2923629033759,0,385.856765186932,0,1251.847884742277,0,427.29759098808177,0,34.0,18.0
90,T,10878.102196673817,0.0,2,572.1268796173529,0,300.21416495277487,0,300.21416495277487,0,46.39328654897023,0,1221.9061722516572,0,755.4076530550172,0,111.11769999718821,0,644.7362921446595,0,421.54037120303883,0,28.0,18.0
91,T,2715.785305598859,60.602557515753084,0,370.7939331892768,0,86.73977466150168,0,347.9800953207922,0,133.02630151389806,0,289.22226094459404,0,1729.9064439665424,0,323.6060120853351,0,736.2654055246694,0,0.0,1,0.0,0.0
92,T,7728.14301864689,0.0,6,1025.5282967722626,0,293.8203636514006,0,293.8203636514006,0,35.33155619730323,0,767.1515918831844,0,2080.620110655522,0,149.2190386265081,0,2033.1557657735323,0,1442.4236895682382,0,47.0,23.0
93,T,2833.2556383248198,2.067001736411114,0,1176.5725727612185,0,190.71806882743493,0,190.71806882743493,0,313.0782840468564,0,1077.2575813859671,0,2381.6233061669263,0,81.98266868916816,0,2254.062875078129,0,1608.0675615950036,0,0.0,0.0
94,T,8322.260478499908,0.0,2,1006.4572459355087,0,0.0,1,0.0,1,444.26235409805514,0,1097.8384720776678,0,2356.4743541286225,0,88.70761620708645,0,2117.3049865440153,0,1438.0098457441097,0,21.0,13.0
95,T,1547.63957747741,38.016998722758714,0,992.7364176863183,0,152.48804221499702,0,152.48804221499702,0,626.394431101496,0,1252.8274911692706,0,2470.904276029087,0,108.61076841907705,0,2125.9056547521072,0,1410.718097653332,0,0.0,0.0
96,T,2682.6350762821835,4.670090660310599,0,695.4702113026441,0,53.9584779463868,0,70.24211561036431,0,325.7941287610209,0,859.2019006559857,0,2065.4847499042166,0,17.529082701609447,0,1803.0856300588055,0,1123.3888920693507,0,0.0,0.0
97,T,2183.4570928253174,49.874317411756,0,270.37312172141947,0,76.41101953616243,0,76.41101953616243,0,93.72634672487258,0,1155.58430556365,0,303.8843780020172,0,105.7195060215898,0,839.9725441433338,0,1093.8138330329325,0,0.0,0.0
98,T,802.7877548820427,65.64440947177653,0,171.20958166345304,0,51.278967369210505,0,51.278967369210505,0,13.607784719670162,0,1080.8901202611185,0,398.1253061770202,0,144.11173960181947,0,796.9786839684747,0,1119.6129263491523,0,0.0,0.0
99,T,2441.2821652055363,145.615552334244,0,215.65087270892477,0,231.5581268476524,0,251.85930114046678,0,146.80495271272852,0,504.215657372786,0,1556.032842752138,0,64.49354297961278,0,473.89581922930176,0,244.41425830917757,0,0.0,0.0
100,T,11493.997879950362,13.593451125538543,0,690.0195182671955,0,172.6102713511718,0,336.1601277223165,0,101.54091688133946,0,1381.3605839792942,0,2008.395871243309,0,266.8493426953446,0,1010.988287764773,0,10.376526971890481,0,0.0,0.0
101,T,3693.7919251866088,74.76289835328166,0,670.4796123785393,0,157.69418158083596,0,405.0171656801873,0,266.1561190239439,0,1287.7306243918633,0,1858.5334963896553,0,286.95650899220175,0,860.7340643954124,0,147.8556012335503,0,0.0,0.0
102,T,5229.015649393407,10.91373637652897,0,490.7624190213305,0,215.73470930021142,0,215.73470930021142,0,176.20815771835845,0,1352.4477995121415,0,1738.075816848646,0,81.85644982900601,0,821.1074135145478,0,156.69304120598747,0,0.0,0.0
103,N,5159.635045799784,0.0,1,322.97556089871523,0,127.8713454004562,0,127.8713454004562,0,69.96873251991249,0,738.9576964403385,0,737.2231183559105,0,252.88752878644283,0,1249.763006192171,0,249.2398542852828,0,14.0,6.0
104,N,50718.85466636443,0.0,11,99.74984979911599,0,7.110335875580019,0,28.28409133541762,0,24.186731091209204,0,566.296895039954,0,455.7360330037104,0,102.44191107825188,0,1022.1006233541049,0,351.67169329746923,0,158.0,79.0
105,N,4094.3173844000685,0.0,1,98.6249395894687,0,12.553223538759962,0,55.16364343731239,0,139.95287871218764,0,853.8076447910383,0,731.7725880172821,0,169.5501257521691,0,1354.4261119249995,0,529.8809384834643,0,6.0,3.0
106,N,51633.19371659113,0.0,5,435.237659300654,0,65.22617570742746,0,65.22617570742746,0,135.43352455493024,0,1361.8474438375256,0,1171.4712211504836,0,123.7670144767288,0,646.4858474604288,0,413.704900351908,0,54.0,27.0
107,N,991.0500618527506,55.51867150753994,0,238.9976785158489,0,25.094572404721816,0,25.094572404721816,0,254.34658403281892,0,1814.3910148817204,0,1634.058000427284,0,28.047550364995008,0,962.5625319469418,0,937.912378134576,0,0.0,0.0
108,N,2698.7242959216705,2.5651600072017846,0,657.419493579048,0,101.98237460528296,0,210.0406905498224,0,122.95539332655069,0,1824.2906924470474,0,285.65466260810393,0,75.72558137775401,0,702.7895606813863,0,1254.0976209941173,0,0.0,0.0
109,N,12666.186012599868,0.0,2,256.42092828261565,0,0.0,2,0.0,2,687.8074259979664,0,2368.014100986665,0,848.6288426144755,0,45.191834449771,0,1176.3512147329106,0,647.6749421575855,0,28.0,14.0
110,N,6488.9994928152655,0.0,1,653.0694241384862,0,15.242844469063254,0,15.242844469063254,0,370.87599799244765,0,659.8753574193213,0,326.4890809496825,0,2.2552453028329684,0,1657.0263135153828,0,892.9960383812162,0,6.0,6.0
111,N,9465.557754941976,0.0,1,791.4382750819399,0,253.10742333610392,0,253.10742333610392,0,240.98583872183164,0,2396.235238590424,0,927.6221094328002,0,0.0,1,680.2539978129543,0,639.9097746743994,0,4.0,2.0
112,N,5533.724319418224,42.12037834348775,0,611.6581581099722,0,113.79025035929868,0,113.79025035929868,0,41.2143697302266,0,1613.8235349947445,0,117.42888428997101,0,0.0,1,679.9056719392961,0,1095.1334305158975,0,0.0,0.0
113,N,1164.5319212221461,41.959287571467264,0,334.2876779468956,0,323.93219264321795,0,327.62707901787843,0,133.65621132594958,0,1130.2744321449761,0,644.1179766867026,0,13.388838950540256,0,783.652313321228,0,527.9365132106253,0,0.0,0.0
114,N,1785.9998345234046,19.18470855945863,0,222.98921703159738,0,169.56306682276787,0,217.06861426027083,0,187.40057792207847,0,1252.648121910132,0,853.4252742528994,0,53.18912978850539,0,685.9013408042908,0,651.606455828754,0,0.0,0.0
115,N,3534.750591357238,0.0,1,606.0938563766234,0,403.79897199381577,0,403.79897199381577,0,133.15534784452802,0,608.1670711724628,0,719.4123859419572,0,20.907224651568434,0,1237.0761231082452,0,15.42630322792427,0,12.0,12.0
116,N,811.4464855226541,15.612484181063584,0,275.60057465333523,0,189.76514943594555,0,237.8600273177024,0,212.33293906848252,0,1313.0086250826225,0,944.9079723257145,0,39.29694984875303,0,710.9904925664681,0,723.4626295197532,0,0.0,0.0
117,N,27937.940104940953,30.10173619567661,0,491.9494014440028,0,111.82655052234419,0,140.85428853274058,0,104.78173554334472,0,1667.1082982297373,0,1535.4630724744957,0,34.509386237329444,0,1019.9085784131929,0,681.6760099215394,0,0.0,0.0
118,N,8759.05031840653,341.08848803889754,0,278.1229782556259,0,58.367897615605756,0,219.72421017239057,0,86.0442678382975,0,1153.7324589119453,0,1914.842840770113,0,120.21479236536624,0,893.1515572111698,0,528.7641418826942,0,0.0,0.0
119,N,2492.2755881635144,9.49198859740239,0,484.7547160821761,0,156.10228750873938,0,354.4068479914233,0,183.34404982706852,0,1698.6574150889328,0,1470.3617143421382,0,140.91905247509985,0,637.5728428013414,0,301.72267621663366,0,0.0,0.0
120,N,3177.8572862464935,164.5653877224912,0,469.98992366265725,0,97.31209974165382,0,418.74826134090335,0,330.03243234962184,0,1526.51530211673,0,1640.1031735478987,0,233.4701060435044,0,592.7768431180463,0,125.43719359235213,0,0.0,0.0
121,N,24494.879394088966,0.0,3,354.89794476028374,0,76.25412625509406,0,530.6085291853125,0,125.88551636467967,0,1498.3898395440676,0,1206.6082214905364,0,408.0614411616843,0,322.59472628456786,0,480.41685768066134,0,22.0,8.0
122,N,1348.4233621215267,105.0307846043957,0,593.8773102943303,0,294.64882891678576,0,667.3343180227602,0,423.7721968543419,0,1431.5646982321668,0,1292.966730158736,0,424.4472277521976,0,415.3734026587959,0,715.2270072620377,0,0.0,0.0
123,N,2678.2533805947705,0.0,1,329.4151452839468,0,138.74812303607564,0,561.1133529039583,0,195.99593700238984,0,1420.3607583443754,0,1392.2039626822298,0,264.31448394700834,0,195.65542707736486,0,636.6953980571554,0,8.0,0.0
124,N,1757.1868511416167,348.3699981692593,0,460.15134996252425,0,146.86813020778732,0,399.9822390816509,0,185.61357325576836,0,1126.7094183390693,0,2065.1981030124407,0,86.14171296798018,0,788.1950055146542,0,495.6160340949863,0,0.0,0.0
125,N,7066.169656086703,0.0,5,503.74072820906383,0,105.64401454392491,0,112.28069854932296,0,774.7508722919398,0,2646.369979152915,0,1110.853718339303,0,80.99587836239847,0,1264.8357753094447,0,553.0865915236345,0,72.0,36.0
126,N,6112.326374166965,0.0,1,111.49839317936654,0,40.03818289198621,0,614.8301065990794,0,1.5951295227754412,0,1646.5491637611606,0,1711.490688246217,0,292.3991513679353,0,299.14762848140214,0,439.0466388403221,0,10.0,5.0
127,N,3886.2807676937396,0.0,1,368.6456096952408,0,96.27010171412374,0,569.7781233079767,0,123.96422948819023,0,1684.2080283850833,0,1684.8536857205158,0,346.1262044657324,0,376.55773800163115,0,339.00507988813837,0,18.0,8.0
128,N,1658.000569341469,3.006128110438613,0,179.53192598663048,0,286.7663903795274,0,333.30081593718796,0,308.5279791341785,0,1390.0495686022418,0,871.7585033976256,0,41.28229340343172,0,610.5406331743143,0,789.8014168054553,0,0.0,0.0
129,N,5168.212060485095,0.0,3,212.49802805580657,0,55.753165832595876,0,266.53445246511205,0,41.56505904028119,0,1479.0783174100238,0,470.5179829061312,0,150.72113597920855,0,234.31679503210634,0,888.1706355159646,0,24.0,8.0
130,N,3520.55622004709,21.766665629706484,0,590.3540641814003,0,129.25538126242492,0,129.2713484557096,0,45.85336044357613,0,2020.1415058706818,0,757.7811951586377,0,36.60701825598877,0,171.51164985777254,0,989.2998894756389,0,0.0,0.0
131,N,2314.67963288079,63.38329516231078,0,459.48528510634407,0,95.19827082523517,0,95.19827082523517,0,138.1290974307027,0,1602.416632546091,0,289.0043863670296,0,149.6022281431606,0,483.7110375116964,0,1041.5660568080352,0,0.0,0.0
132,N,3091.0342827839986,61.48683778200348,0,417.46478901516593,0,126.31373426433937,0,126.31373426433937,0,94.67224148719673,0,1652.2020329963043,0,356.9254945946716,0,197.5066989882711,0,371.9155087884911,0,1083.5654813309814,0,0.0,0.0
133,N,11915.938734528716,456.9137369195719,0,772.6666713854047,0,121.97215751959268,0,121.97215751959268,0,146.82113729727786,0,2266.745179560174,0,588.8376369508866,0,92.53477771362336,0,831.3559589921545,0,880.8230330625908,0,0.0,0.0
134,N,7650.541850802061,49.639948134155304,0,445.5818019517254,0,62.35310493338704,0,62.35310493338704,0,702.6776831529003,0,2549.099635452519,0,1013.2932255658563,0,20.398963444325133,0,1191.6489450293775,0,545.0097716694453,0,0.0,0.0
135,N,7373.805365177921,24.929554554112872,0,401.81170147694485,0,9.610192388379156,0,9.610192388379156,0,758.7008831105761,0,2561.8841780458806,0,1031.1508878962134,0,82.49220442230947,0,1246.3020731957088,0,584.9133472727938,0,0.0,0.0
136,N,36169.25828661702,0.0,4,385.3455224132703,0,0.0,1,17.872718220467995,0,797.7018645891707,0,2164.646221531503,0,1085.2958762705314,0,159.13941263102066,0,1327.9012788473249,0,240.52348973731614,0,44.0,18.0
137,N,17740.197363458607,126.81035477507766,0,644.7009251407716,0,98.6532605468982,0,396.18707474453277,0,688.69154000141,0,2082.8114480527256,0,1236.680813576121,0,532.1038958033306,0,1773.459426656077,0,61.444364326354794,0,0.0,0.0
138,N,10088.849208322781,0.0,5,367.7470687846441,0,88.59176896306144,0,88.59176896306144,0,200.1369218041822,0,1830.3805010532624,0,298.94085303129907,0,254.318913141637,0,856.2443330553942,0,1042.8500001623818,0,10.0,5.0
139,N,13293.933293198124,0.0,2,484.12369216792365,0,4.7031747394735826,0,4.7031747394735826,0,456.21742323608885,0,680.4019165696591,0,358.0611860275492,0,12.350760674775328,0,1757.6236433171825,0,711.0299531743933,0,24.0,12.0
140,N,3825.7598620834974,18.314468146132132,0,411.27125720778673,0,29.93933139728952,0,140.09440279671875,0,571.3465233359758,0,699.4280891821445,0,393.61144659257354,0,172.51510674746305,0,1899.4704266873175,0,679.6546520888709,0,0.0,0.0
141,N,468724.4805784992,0.0,38,186.184335501083,0,0.0,4,8.331631190884046,0,67.91479731407458,0,747.0513429808194,0,414.0320493667579,0,42.84861280015389,0,1264.1803047857572,0,0.7972421416340572,0,371.0,181.0
142,N,1899.4135365300576,0.0,1,643.765046003276,0,109.2193287814891,0,225.59259594122076,0,650.8153843991628,0,909.6543837878496,0,578.9407585043907,0,211.29851950378003,0,1892.1265049405818,0,755.5453131427712,0,7.0,7.0
143,N,1257.3452634930195,48.051256905789444,0,527.7112690172987,0,176.5144062570247,0,352.86080257906826,0,690.9488612027397,0,1001.0469961512176,0,686.565043847638,0,355.6867702403286,0,2078.599459189423,0,562.6848084676723,0,0.0,0.0
144,N,2727.356049762312,26.79216093445715,0,413.65810124143576,0,60.109157888208465,0,119.73184323145824,0,508.0918396857501,0,628.568399290038,0,323.576912002944,0,167.90447663033132,0,1857.997101175631,0,741.4272429277455,0,0.0,0.0
145,N,8855.145545159954,16.663768777088947,0,490.51616307089773,0,0.0,1,0.0,1,385.2730209350932,0,586.7843810796932,0,262.5486876531174,0,17.971706919799683,0,1711.6291836205833,0,777.5977164138686,0,0.0,0.0
146,N,9565.363717159624,0.0,1,355.9060553452561,0,18.280655604861,0,117.54560274048143,0,348.3271452571201,0,448.1892656832713,0,163.97629886257414,0,138.6149471631324,0,1768.8258189939706,0,671.1905695456569,0,10.0,5.0
147,N,14423.361999579553,6.679840786551699,0,507.4370620184569,0,28.022545518218823,0,28.022545518218823,0,278.09910057083965,0,378.7416422002433,0,92.73585762763703,0,22.153865236639074,0,1686.3149711805665,0,653.6040418767363,0,0.0,0.0
148,N,3594.712704610706,57.605045251247795,0,651.549135700702,0,206.9059074729047,0,206.9059074729047,0,103.33792885713,0,1501.9989179325462,0,1387.0115037503256,0,43.64880030121246,0,1038.8208512956612,0,564.0414806866635,0,0.0,0.0
149,N,6607.792089905604,0.0,1,604.41994986343,0,6.496322124856811,0,213.2400927939716,0,803.3443705084333,0,2626.322117321839,0,1193.8306293975736,0,137.310895002824,0,1291.0697695666065,0,511.14648423073544,0,7.0,3.0
150,N,2841.3709525338218,127.47742389827089,0,510.44765560736346,0,45.25643966271322,0,310.5775537733734,0,950.7506866883563,0,2336.356283564055,0,1338.7258159251755,0,463.74480326440437,0,1634.0409943908307,0,292.8023095367458,0,0.0,0.0
151,N,7280.546033627164,207.9893026465609,0,113.27656301660616,0,61.57377157467521,0,169.2809608424837,0,118.74532408454509,0,1349.4776295607032,0,1860.1731117413178,0,190.46394636098967,0,962.9882958242114,0,567.3047082746493,0,0.0,0.0
152,N,1170.8330448968443,57.35753250078987,0,443.91440253183646,0,259.03322267512965,0,259.03322267512965,0,119.75913064379645,0,2012.295343378908,0,1689.9197534234722,0,17.03855053818423,0,652.3925671725939,0,335.314195583045,0,0.0,0.0
153,N,642.1917333787356,106.67613210807743,0,411.8615236857609,0,303.03110250620057,0,303.03110250620057,0,95.24557574088712,0,1988.4544463341842,0,1678.5213003136537,0,31.72967480858718,0,633.395767142394,0,392.78273311226764,0,0.0,0.0
154,N,441.86453523763345,7.174234354494334,0,75.6313508178924,0,185.64241084648242,0,350.1667321270183,0,106.07888933634325,0,1435.218269095958,0,632.3671248358048,0,130.91780812362316,0,417.427896088068,0,831.8173675832152,0,0.0,0.0
155,N,256.03381192254096,49.33124430858229,0,82.55743805150841,0,131.19021302592557,0,279.4958650012096,0,95.85886935651604,0,1547.158766558525,0,681.5235563290494,0,138.57085500225946,0,352.88723779746636,0,942.3146960821933,0,0.0,0.0
156,N,189.95978702110227,70.84920518142447,0,100.97737574829607,0,119.23463711299974,0,276.63594284952615,0,85.62255189412691,0,1568.5732424832418,0,683.2046864646411,0,151.1948764368928,0,343.5554096051637,0,963.8604312285968,0,0.0,0.0
157,N,412.96033044030935,13.471939281276292,0,85.7318148094023,0,209.36320626948648,0,383.23190636927353,0,114.91418260795886,0,1439.4526246254777,0,620.3218781884076,0,141.01721593364135,0,444.3006850852541,0,836.7089709947545,0,0.0,0.0
158,N,8963.700622327311,0.0,1,777.1934493171816,0,280.0288597080775,0,280.0288597080775,0,168.89786733151516,0,2266.0637352496747,0,777.5659923369515,0,86.54741441467776,0,658.3626091617423,0,782.1469604493318,0,6.0,2.0
159,N,6923.507546273202,0.0,2,663.2236781977838,0,64.49852137118852,0,185.58108207285113,0,156.96338204593658,0,1933.0574956524192,0,413.54549348832796,0,19.04555243927732,0,649.9321873387553,0,1127.1517451526606,0,24.0,14.0
160,N,11013.30045984619,191.045864587128,0,481.3735963166285,0,19.711996247776305,0,152.57645578339,0,184.14100098595821,0,1839.0305446467726,0,1714.0987096638378,0,0.0,1,1167.2940967097982,0,754.8794280519875,0,0.0,0.0
161,N,1577.3492790590415,26.32614208140172,0,654.6418704948962,0,0.0,1,0.0,1,343.9782730264522,0,583.1528061495104,0,249.52524943367322,0,58.50726482763681,0,1654.5673622291615,0,881.5957770725344,0,0.0,0.0
162,N,1280.119692317659,37.89835184222764,0,605.4287867956621,0,475.34670512288614,0,475.34670512288614,0,130.73419825582712,0,545.0890631329665,0,660.4522730766497,0,26.794896617986115,0,1377.491203349951,0,28.589111563640056,0,0.0,0.0
163,N,1276.024484294438,164.65698241643528,0,251.00074055276855,0,94.56437005885779,0,136.90947864436282,0,322.8421403479999,0,1305.851904944688,0,228.3968319179548,0,65.60484125192316,0,1004.1778833108937,0,858.5317560571481,0,0.0,0.0
164,N,1647.724845423561,31.88013065259986,0,483.90324163775375,0,80.55335451297208,0,80.55335451297208,0,125.03755910346683,0,1577.1935141240388,0,71.88393015044053,0,102.17706132512528,0,777.6883974798878,0,1100.16696432102,0,0.0,0.0
165,L,3297.4654695149216,30.594181547173324,0,356.55895316460055,0,158.16201372118186,0,162.29906717365424,0,29.305432654166008,0,1367.7099771485593,0,2046.6991530714247,0,197.59305390085876,0,1332.0793060380288,0,965.9355495894704,0,0.0,0.0
166,L,2300.194544369306,58.935632004302136,0,398.78439532325694,0,117.67281943519765,0,215.5515634066897,0,0.0,1,1328.8921033948081,0,2131.5281177005486,0,308.8949965638891,0,1338.0583345924883,0,973.5655963737222,0,0.0,0.0
167,N,23786.444298818784,80.58369273394482,0,362.0579431896717,0,0.0,1,259.2495969428613,0,43.597099521581924,0,1132.7221350698687,0,2109.8381576661573,0,362.7719307688913,0,1217.597548711795,0,863.9138215771425,0,0.0,0.0
168,N,95702.64488779592,0.0,2,0.0,2,0.0,1,35.489817875233,0,31.64407400253661,0,1321.5002236840921,0,1696.2462769771248,0,24.49361442747743,0,926.2058661940953,0,643.116823654939,0,24.0,12.0
169,N,2459.349552373142,191.20370405525844,0,545.8844354257647,0,24.145649388851936,0,373.0107428596406,0,905.8573776927357,0,2282.5990847838734,0,1389.7222338554993,0,528.7812472821641,0,1697.1154890213286,0,278.55648308088615,0,0.0,0.0
170,N,797.0584797263632,194.41744937865528,0,395.8534096609642,0,106.83049182776455,0,654.467318916467,0,233.870115327377,0,1732.3896442204564,0,1514.7667136589844,0,252.9635842996694,0,608.304882481873,0,267.1536178811426,0,0.0,0.0
171,N,1338.029527334187,1.9443964365517676,0,575.7990609931961,0,98.53188009956567,0,189.97518460026652,0,8.684559003934922,0,1980.9535925003183,0,697.160361385245,0,98.69373749699646,0,207.9757236376043,0,1069.0007170148044,0,0.0,0.0
172,N,1443.3031462452195,11.6637397256998,0,651.4046042719357,0,81.18514901568513,0,93.0749885462534,0,127.57645763115836,0,2099.3083989278994,0,844.5569428783984,0,64.00507459356199,0,200.24289945792762,0,944.9532288652507,0,0.0,0.0
173,N,817.6540269682034,4.7577884318528705,0,205.35569450020057,0,306.9763344817658,0,306.9763344817658,0,341.6010059678674,0,1571.9198996191417,0,939.2896998855921,0,103.43952848568725,0,474.0013564060187,0,972.8375589412699,0,0.0,0.0
174,N,825.924496871272,174.15053233415796,0,124.98855308194823,0,32.169801782691856,0,32.169801782691856,0,0.9978459203933407,0,1609.7900613677846,0,1627.4467100044637,0,176.73541704197987,0,848.6893794704431,0,595.3899549778982,0,0.0,0.0
175,N,1065.4713348440878,204.87409357837691,0,139.81823363468487,0,0.0,1,0.0,1,13.262948754151802,0,1516.0510599101908,0,1680.5715171557522,0,150.93929735474458,0,894.0287275296405,0,557.0246002393645,0,0.0,0.0
176,N,1077.7685422249165,0.0,1,496.68839141243365,0,284.13213299452985,0,284.13213299452985,0,156.98272606247482,0,734.4746574563139,0,781.3715326694088,0,154.7628864643844,0,1202.3881578993964,0,186.09099653726406,0,6.0,2.0
177,N,2295.7301401247205,618.3371975022403,0,1440.1151192359694,0,530.5818218551944,0,784.3021440185124,0,426.5436783310743,0,1938.4382546892093,0,1254.6538770367492,0,289.833557525661,0,917.7403146241661,0,882.1386808267766,0,0.0,0.0
178,T,6708.452971985672,10.222387675651543,0,807.2027726707837,0,406.2862783015079,0,496.19225827283464,0,405.1555340997987,0,1329.458366054342,0,2433.887727553973,0,28.540090711533114,0,1923.9891229485515,0,1110.3476729779845,0,0.0,0.0
179,T,2938.4526313465176,0.0,1,670.2481253872638,0,357.4728870210662,0,538.8864414384107,0,331.7709836975403,0,1244.9593510260281,0,2304.560013669511,0,39.755583210137026,0,1789.9718305819856,0,1023.938260942502,0,12.0,6.0
180,T,33959.273922254324,0.0,1,506.9943735311674,0,2.9456000315476674,0,259.8806409407203,0,82.11874300692008,0,1293.710562128341,0,1774.2683475519354,0,17.693354625807928,0,2134.37440914473,0,340.5750323997967,0,10.0,5.0
181,T,34170.89061375965,0.0,7,650.5028314757225,0,97.39600920449692,0,97.39600920449692,0,49.17211808564527,0,934.3240560264824,0,1683.2389008647003,0,81.88319178068262,0,2342.2798780303274,0,779.4575699241091,0,46.0,25.0
182,T,24278.151867361295,3.235260478450216,0,239.27779206807688,0,19.61421184902822,0,141.24616924625585,0,56.809275855057145,0,1032.4211559170167,0,1547.3929884691345,0,32.520284473265974,0,766.7152477978532,0,24.691222651497807,0,0.0,0.0
183,T,6591.654097146937,0.0,2,559.2746810515207,0,122.65192601401222,0,122.65192601401222,0,333.40416247653206,0,1490.999452548254,0,375.8430878213192,0,184.90573417823276,0,859.1387207808696,0,713.4474501649927,0,10.0,10.0
184,T,2592.085272117231,32.10340673420589,0,714.0054983851581,0,89.60207942544346,0,89.60207942544346,0,276.74690284462076,0,1521.153911929713,0,529.0854371241878,0,40.55685704185407,0,858.5084232652104,0,571.4634070152497,0,0.0,0.0
185,T,8361.662631765099,0.0,6,513.8950520665605,0,298.69442501456365,0,396.16952252664436,0,98.99367962395127,0,1257.9185027383173,0,1561.8385861435847,0,70.74210808810328,0,662.7889779868185,0,88.26573245612035,0,66.0,39.0
186,T,8196.589828303666,0.0,2,434.8897521767835,0,233.83695294842434,0,387.22958492300216,0,50.55641151832811,0,1200.1030732132347,0,1561.8387453471682,0,2.3447409302062323,0,705.1442557865697,0,21.777534754045917,0,37.0,17.0
187,T,1525.0190021938006,37.146154105005515,0,471.1964324411797,0,246.88428207547642,0,473.68196085643814,0,24.02440142276434,0,1145.7457745188756,0,1455.505518508957,0,74.07866003017322,0,643.0985141815884,0,56.717518149161506,0,0.0,0.0
188,T,2550.6165155597823,0.0,1,494.38815366772064,0,268.42714170963575,0,461.7171543362058,0,67.16479991612796,0,1151.1005492617917,0,1414.4951806598738,0,45.42064756509089,0,584.7849063545842,0,103.48097816069293,0,14.0,7.0
189,T,3402.8360493206974,0.0,1,128.9551183542322,0,1.965768902388647,0,353.57241436848324,0,224.88616469957964,0,971.6554020983621,0,1579.0251338604237,0,62.431057129720244,0,916.7121485563305,0,210.9066692406978,0,16.0,8.0
190,T,2653.7654168840654,33.260495665997304,0,402.68497283192687,0,103.61626208796464,0,103.61626208796464,0,66.87925108699608,0,1306.6593154477348,0,1837.9927066096834,0,0.4349993698544744,0,990.5626570396663,0,240.88618506914446,0,0.0,0.0
191,T,9304.447373576962,0.0,2,606.0209966674271,0,124.10982645604332,0,301.54828381036253,0,343.9766677956753,0,1043.4625781921843,0,2181.322361717772,0,6.209355744809728,0,1729.715264518293,0,993.4725485865322,0,22.0,10.0
192,T,1562.2777329457479,254.4078368571791,0,558.5416209831698,0,172.96794415030536,0,661.2570381054059,0,250.39242519688656,0,1059.0616737766316,0,521.8537948199265,0,206.46371472469616,0,1240.909866186915,0,693.6222342126941,0,0.0,0.0
193,T,656.2905332521838,2.1943622612096187,0,695.9177897827353,0,223.50705668554698,0,453.3682902784345,0,114.07664394316365,0,1227.1738755093434,0,177.3379145425336,0,67.0027908906924,0,1096.6133104351654,0,929.0677822643397,0,0.0,0.0
194,T,1300.0938346612102,172.52962207744886,0,717.2919554979765,0,434.629318391723,0,664.7405057806901,0,446.32776978101583,0,999.4723062817102,0,1578.3932138906716,0,180.96674159813023,0,469.617533471832,0,449.97052827439575,0,0.0,0.0
195,T,1962.4580370105637,3.948853615690567,0,1458.7200859384866,0,648.261936369447,0,906.9924397556622,0,206.3556001221263,0,807.1393658124473,0,2814.501619157789,0,427.8481607711902,0,1000.267634539599,0,1129.2692687636593,0,0.0,0.0
196,S,757.5679948693034,15.58224579155426,0,1509.5972261991112,0,267.2141915244254,0,267.2141915244254,0,790.8895363272462,0,3964.119040946578,0,1923.3437844571763,0,311.6575279024648,0,2848.777164981795,0,352.603463885992,0,0.0,0.0
197,S,4337.285496889026,0.0,1,370.8113383126132,0,3.5788471537735984,0,745.3177307009425,0,528.4531567649376,0,2090.775354529061,0,1418.3636761762907,0,214.38129247818583,0,916.0680002845074,0,642.7648593310633,0,20.0,10.0
198,S,2559.4529657876606,148.10012539173093,0,800.9092485321968,0,248.50149100750897,0,259.7662456124264,0,202.19361702551217,0,3738.829394351071,0,1010.513760932448,0,23.249686058753916,0,509.2342179764496,0,782.3933131181412,0,0.0,0.0
199,S,113819.87747661382,0.0,6,240.5253015115078,0,0.0,2,387.4476473086383,0,226.72642970968138,0,1758.9851141934976,0,1153.2046580178837,0,107.62788739817627,0,641.8778587484474,0,270.5698217663214,0,80.0,37.0
200,S,19224.759223015753,0.0,7,616.5610938879062,0,175.9007736740057,0,310.9763310477071,0,158.17660662687243,0,3633.1110909606577,0,946.0224637371861,0,133.79394664235969,0,589.7148887531812,0,579.2225926907003,0,86.0,44.0
201,S,14755.032567287843,0.0,2,539.6750319455514,0,23.578184761711686,0,40.99320809546577,0,145.22942595612753,0,2299.049369381314,0,510.3435154360291,0,0.0,1,1422.3269765650466,0,650.6538704965425,0,13.0,7.0
202,S,9250.671431424698,0.0,1,51.01617502357902,0,275.55322765793255,0,461.9621964930299,0,39.542539273915324,0,2653.153224468459,0,117.56289398364174,0,17.702462383183782,0,897.096747071234,0,830.4224904019819,0,2.0,1.0
203,S,29010.679671316448,0.0,5,181.05699167675624,0,213.0294813334277,0,513.5712598746878,0,94.62415546750796,0,2397.369464203083,0,232.67806134008086,0,21.602722307991524,0,710.1810734988115,0,682.3895449235324,0,41.0,23.0
204,S,17726.480911562958,0.0,4,853.8050311244729,0,20.685554760230655,0,20.685554760230655,0,26.91222027545118,0,1823.5281877271439,0,731.4563653412504,0,0.0,2,344.55471524660356,0,459.416834607337,0,27.0,12.0
205,S,3106.1708976408095,0.0,1,752.3801250015018,0,342.8219115588049,0,342.8219115588049,0,65.26646544440152,0,2036.4987624165572,0,783.0694822133372,0,183.12259368246785,0,508.9833076828656,0,599.8634161092673,0,2.0,2.0
206,S,13753.905856862948,0.0,3,569.1735555996202,0,342.5675131451609,0,362.5324690995879,0,184.72198740161298,0,2128.0603356275674,0,616.0255182146449,0,41.20811480283983,0,398.142766214405,0,428.8050323678244,0,21.0,14.0
207,S,27417.080831947176,578.9177222797041,0,191.3980312877051,0,682.1106585406721,0,682.1106585406721,0,111.52325647687385,0,2464.159721813521,0,983.8825483177794,0,31.21846762931094,0,1978.0503706285137,0,1028.189795547164,0,0.0,0.0
208,S,1632.859560165652,90.76045879847338,0,778.3829758409245,0,61.42119561131625,0,61.42119561131625,0,423.72285803377594,0,2875.2341342894183,0,1940.0426005090303,0,0.0,1,950.6371518158971,0,175.3538680736016,0,0.0,0.0
209,S,6070.768459436304,126.28332819298899,0,1210.9157924816193,0,214.71982623548504,0,459.595628978948,0,411.69022259169145,0,3320.866655476402,0,1848.1332722777738,0,236.58050728547028,0,929.800396243886,0,537.8699591616813,0,0.0,0.0
210,S,239.4656761008124,224.17217730009332,0,525.6914565754214,0,386.9298886735656,0,469.45499022227426,0,231.17917507944802,0,2566.6929114744435,0,1592.8509475629166,0,139.04303765368806,0,689.5014126457467,0,344.6456572252931,0,0.0,0.0
211,S,33071.32944644203,0.0,6,880.8016854474805,0,38.99486131259632,0,51.875177927417525,0,319.79524158629533,0,3933.8807853590206,0,1249.2676234048383,0,4.64798192531596,0,801.4975609935574,0,815.1005546783584,0,46.0,22.0
212,S,3898.569289794931,43.20777212246666,0,336.4693096016521,0,40.24533043831964,0,319.0068358817019,0,274.68800528232873,0,1601.4113220827915,0,1253.3851521488045,0,233.3460584739889,0,1492.879091788361,0,320.8804223301704,0,0.0,0.0
213,S,6377.882568502344,0.0,3,324.9286309882504,0,54.31502969826319,0,482.9449401590063,0,112.73761174485635,0,3431.8738227997387,0,927.5385817828341,0,29.370710858814864,0,1032.8882745401345,0,221.62175479159734,0,6.0,3.0
214,S,22981.198262030903,111.15039345160125,0,1229.1625604945605,0,137.06081587906027,0,137.06081587906027,0,48.44662908539906,0,3366.7811246484803,0,950.9428667097577,0,2.2384526375273066,0,193.39748469965318,0,817.3227437189628,0,0.0,0.0
215,S,11021.521585014982,0.0,1,583.9138604419045,0,0.0,1,90.52131472445357,0,267.84882140967306,0,2623.5974303815583,0,656.2898014043774,0,1.632663299348817,0,482.2457032374484,0,359.8225817269579,0,3.0,2.0
216,S,6068.031183913185,0.0,1,397.15741424733557,0,36.3887976428153,0,293.6740979077764,0,60.61952121964513,0,2563.534200457366,0,465.0496937680016,0,2.42305327535026,0,577.751101142142,0,489.7049727018964,0,6.0,3.0
217,S,11019.351938315594,37.65442083097007,0,971.3178141287459,0,251.548368117212,0,406.56173281586837,0,21.799155332115863,0,2681.084612414926,0,918.729021651069,0,94.08551545220719,0,452.47377904967647,0,756.0504332609346,0,0.0,0.0
218,S,1048.6921654427308,77.68313520539431,0,1013.4000381846048,0,278.75026820350837,0,451.03014681265563,0,19.52747905853871,0,2695.478886461997,0,962.0829583616595,0,188.8531386911127,0,548.3413993532251,0,802.8720394266628,0,0.0,0.0
219,S,167263.50642688177,0.0,34,854.1237645811945,0,0.0,1,154.10274626664656,0,61.17354248890262,0,1829.1973116597746,0,748.9758816349752,0,10.261421753633847,0,272.8899979289247,0,449.5351202866249,0,345.0,181.0
220,S,2737.308776388228,1.8569136911859925,0,878.3518460728789,0,218.87246868841706,0,477.64165043530994,0,220.44744904358086,0,2448.8231258450064,0,940.6221827747707,0,274.9860974664368,0,730.0671895309262,0,851.4766202245527,0,0.0,0.0
221,S,3788.0218118566836,54.98277598200539,0,1011.7382095706689,0,165.22062292771105,0,381.9177195114075,0,69.73053863235441,0,2603.637885376022,0,879.3623969903093,0,243.08418942504596,0,602.1614597227657,0,751.1140512865961,0,0.0,0.0
222,S,8585.640058746752,30.88972486377608,0,1025.8258038486588,0,83.34064598400148,0,335.9697281265136,0,97.12199950378806,0,2506.4737412696363,0,805.6776783607901,0,254.28937343373417,0,616.9493878569422,0,706.0728699954599,0,0.0,0.0
223,S,8618.63220844364,0.6824004306342474,0,1007.0490614921347,0,40.014447766108574,0,292.95600013523534,0,89.7895484803463,0,2524.202867247632,0,763.725376708256,0,214.96332008997817,0,634.2927952591218,0,663.7995854678634,0,0.0,0.0
224,S,10457.982910719564,0.0,2,457.42975204200513,0,122.54174737743654,0,227.6293246766951,0,124.4515000378886,0,2381.9566296262637,0,518.1114496162622,0,13.347603601066423,0,499.69413976459526,0,405.2329901893948,0,17.0,10.0
225,S,5219.751645603003,0.0,1,179.93075667352747,0,195.94597915196138,0,533.1783233898035,0,89.22774737490342,0,2566.1257739814955,0,245.93653325723753,0,0.0,2,781.3581799112837,0,726.7941732428178,0,9.0,4.0
226,S,5071.075135574824,4.37234304155271,0,815.3396511832351,0,89.23157896610098,0,106.65496669966323,0,379.83408426711384,0,2552.444826519938,0,883.603431139719,0,14.824986409949188,0,262.5589231112902,0,92.44630242760454,0,0.0,0.0
227,S,12997.151242513892,199.33722718353604,0,969.4173507403284,0,31.014258779818977,0,708.103018093761,0,690.6001108970911,0,3406.7873198965267,0,1378.21550551343,0,58.18254015908463,0,1069.1762519075749,0,871.315618915234,0,0.0,0.0
228,S,10066.283623085494,15.611838388307936,0,447.23365740860237,0,71.41091255347908,0,71.41091255347908,0,36.32298350355561,0,3294.8395077901823,0,565.7104804557706,0,0.0,1,570.2721890040958,0,481.15568845977543,0,0.0,0.0
229,S,21447.003834605268,0.0,4,215.67411432024278,0,109.01057154440029,0,125.8179817148779,0,136.90439642830026,0,2830.909987726546,0,153.15591280640993,0,53.03737260680537,0,761.1459106506533,0,402.0554021798099,0,19.0,10.0
230,S,6852.455233802301,122.70213204319181,0,151.6932849060692,0,143.34322690275638,0,258.5702787631101,0,168.23933363235992,0,2899.801498714116,0,175.80915240625094,0,33.534500529307174,0,639.8975726107432,0,837.677927555174,0,0.0,0.0
231,S,4447.811177841289,89.82443268774762,0,396.47110881425647,0,437.98105956370904,0,450.22076841840766,0,245.7499989161034,0,2291.2698795541546,0,367.9569035444502,0,92.9747179740373,0,1079.9133617045986,0,656.4509534269375,0,0.0,0.0
232,S,7420.340257395195,0.0,3,508.1847170748936,0,39.124491596461475,0,542.6314019514773,0,11.994026123984304,0,3602.0294110111777,0,996.2757424822884,0,34.462505158283264,0,921.5554477569283,0,423.0939544054027,0,26.0,13.0
233,S,9624.16001030051,22.400778163429703,0,421.7129094935296,0,264.1178830814249,0,418.9234274989555,0,412.76910306733566,0,2259.181820655183,0,1189.71741345097,0,1.8623505553500488,0,3953.9218075802323,0,969.0475477045512,0,0.0,0.0
234,S,8602.626805989179,0.0,1,1.7951350285667784,0,191.63728426877282,0,376.16217907698064,0,3.367335204710061,0,2732.262900808874,0,16.489644764951514,0,4.459806298383623,0,925.3322114031337,0,603.5468877567206,0,6.0,3.0
235,S,12658.511148134075,131.8804496347737,0,178.0217907943435,0,51.78690626764756,0,74.88727867867168,0,175.9457365440723,0,2926.2609810716976,0,197.34101226084158,0,98.94165946122591,0,631.9495621007827,0,697.4413728373598,0,0.0,0.0
236,S,14768.190152722871,83.74969541129106,0,289.05330708354376,0,5.762149641636982,0,243.40846018378957,0,85.3543606347048,0,3314.514815083285,0,676.9392545729836,0,111.33632363606789,0,677.5924738958038,0,291.1975177316233,0,0.0,0.0
237,S,4500.195580091583,273.59191188763685,0,568.1792766725299,0,305.38973238104035,0,305.38973238104035,0,221.45997321846966,0,2652.6639438591087,0,1646.880673052226,0,53.13375653362112,0,666.0047684443522,0,175.55646802279503,0,0.0,0.0
238,S,15668.72855680812,27.527623317199193,0,799.021191952461,0,102.54634104444177,0,102.54634104444177,0,76.03500909674439,0,2152.4432903768407,0,511.29042300527635,0,26.62322353199793,0,558.3229020092845,0,528.9230055694187,0,0.0,0.0
239,S,5484.889987204404,0.189425530970637,0,352.7803658713256,0,135.26057085397974,0,287.35935078931766,0,192.38776349253416,0,2949.138053386879,0,307.40232924460514,0,79.32600753826247,0,1053.177597594729,0,46.537383069961116,0,0.0,0.0
240,S,21402.204192517067,43.607600242983345,0,909.9284105391878,0,122.95655345862117,0,122.95655345862117,0,34.92795673779204,0,1597.502693270856,0,876.3986641995524,0,141.3946787524496,0,37.2978308258228,0,162.99134108020448,0,0.0,0.0
241,S,4163.591422091736,0.0,1,1167.102271133239,0,34.95479510421481,0,34.95479510421481,0,759.506112394457,0,3562.3649707772242,0,1664.3788997643962,0,9.457514729188246,0,3065.730422287516,0,683.7553923527503,0,12.0,6.0
242,S,10952.843358897402,0.0,1,1297.0068066960991,0,0.0,1,0.0,1,894.0071427908643,0,3697.5512092394565,0,1773.8661449427418,0,23.413691113320386,0,3001.2811771644056,0,528.3455660799793,0,8.0,4.0
243,S,2394.4933412303117,11.60224631330815,0,1471.8808144810796,0,190.1308304125235,0,190.1308304125235,0,844.3539520466293,0,3901.9282871951045,0,1908.1112326446673,0,216.17351261577744,0,2907.4564625360367,0,403.317542955487,0,0.0,0.0
244,S,8991.584024122434,322.23985900239643,0,1770.380699298873,0,574.3262414319787,0,574.3262414319787,0,403.37998193872,0,4251.641632685148,0,2130.669169547758,0,613.6062237430036,0,2626.0730586857194,0,37.56827738948295,0,0.0,0.0
245,S,1087.6343459476277,74.42201618377855,0,445.8752614644658,0,220.49154179754194,0,570.5358170865971,0,149.22411755202194,0,1408.4162939501207,0,1435.260479136937,0,265.4187692589778,0,1732.5176365203363,0,500.55699597683855,0,0.0,0.0
246,S,2051.4314973429496,0.0,1,375.6271025876804,0,163.7138375396416,0,525.2651068207505,0,178.45357153970608,0,1437.1685426504441,0,1520.0006130636914,0,295.888471841031,0,1795.401057859769,0,474.3517202419346,0,13.0,11.0
247,S,1677.877428403135,26.95293583646229,0,383.5559931052786,0,156.85984657399806,0,520.7745140644537,0,208.9107404180066,0,1431.1691072757633,0,1492.8377937592475,0,325.2580310270271,0,1771.3113681884734,0,500.03469680530344,0,0.0,0.0
248,S,3706.6028594949344,0.0,1,485.07404562131876,0,169.7139621114396,0,502.166470899793,0,306.9056007615532,0,1409.3477300418285,0,1328.6961778977827,0,168.69922681672313,0,1572.6125332641145,0,399.5123641309529,0,12.0,8.0
249,S,1816.1202690422006,43.42021363472423,0,543.3216353276518,0,216.37209235020163,0,502.86890685408474,0,269.36464229403305,0,1401.2217133953275,0,1294.0436939977558,0,131.2228838129287,0,1535.987828297721,0,365.52865649731916,0,0.0,0.0
250,S,1114.4746445300902,16.445102777516478,0,576.0907864842848,0,248.29807470618897,0,495.42401996521005,0,213.09185603864006,0,1428.4825262815548,0,1263.4820099215522,0,95.40141485313097,0,1478.8712745034848,0,307.8311565238618,0,0.0,0.0
251,S,11115.713372497083,0.0,1,604.1775281705342,0,278.7522385364556,0,497.8620587048637,0,64.10158401123549,0,1402.5317280956904,0,1139.564332345826,0,5.501044369060547,0,1331.1375853719533,0,169.39303596185934,0,10.0,8.0
252,S,9883.687407282723,0.0,1,603.3924619755994,0,310.2450539911973,0,396.70972735675974,0,46.90652500329742,0,1509.1805301818972,0,1152.9961120217795,0,32.87709791550575,0,1256.9542330389327,0,79.15566865745522,0,13.0,13.0
253,S,4005.902660600315,38.098421698846494,0,570.5191082980242,0,296.66144373694317,0,325.5752755371457,0,103.53771028324601,0,1614.2882204132566,0,1115.8440786150306,0,54.54663060785967,0,1279.1667888315355,0,103.82825898789953,0,0.0,0.0
254,S,1324.9992847863211,34.85143114293166,0,574.446306054442,0,278.63151189649716,0,361.17787484057,0,161.98704498355815,0,1591.485295134099,0,1166.8779754986892,0,155.30546208949576,0,1371.1044716797924,0,204.82997568257255,0,0.0,0.0
255,S,1523.5056696402912,77.4913012851475,0,436.64077705625994,0,239.96746685037382,0,522.6372248440911,0,281.1922538619536,0,2427.595465361557,0,1531.5967720054468,0,199.05443794778432,0,727.1210491084561,0,402.7158633752041,0,0.0,0.0
256,S,18267.988891244288,48.82828758294394,0,108.9126012035957,0,245.99694505193767,0,401.91874229393187,0,563.3059325445604,0,1641.3213418353314,0,1245.6064536548297,0,4.863875383915953,0,1283.372297442042,0,99.19515568705722,0,0.0,0.0
257,S,8020.45927961862,4.9136942016403236,0,1007.6847681682415,0,7.998600322682754,0,67.62254588871409,0,53.08589710502579,0,1927.119398951709,0,705.821347722062,0,49.63274188654308,0,376.8623287650347,0,494.86799451244235,0,0.0,0.0
258,S,10844.659826660365,4.161953883665373,0,1152.736580528736,0,42.97195526015321,0,214.3706676113619,0,122.39618963360655,0,1778.041853769083,0,870.3729849851042,0,104.11950641012717,0,343.95734305650643,0,416.6302981664713,0,0.0,0.0
259,S,3296.6648188829167,0.0,1,979.7470025475175,0,393.0238766592272,0,393.0238766592272,0,547.8515728376836,0,3294.497327119728,0,1542.7709545404377,0,22.202220997901502,0,3313.178676308624,0,1041.8490137527713,0,16.0,8.0
260,S,3628.9723589339496,33.12549921673308,0,984.0875492623172,0,241.6211834277484,0,241.6211834277484,0,556.7782556890444,0,3327.631520764687,0,1532.7636982127783,0,0.0,2,3190.2267717191694,0,890.0947263387186,0,0.0,0.0
261,S,3355.752223220607,41.169480954435556,0,431.4976426378115,0,152.21371298259095,0,502.29676591289063,0,269.86253942865045,0,1418.7760055798808,0,1391.3846595194532,0,247.97338030284126,0,1654.4295283486833,0,478.5706017794942,0,0.0,0.0
262,S,55738.20637848074,0.0,8,229.3217823906019,0,43.963493779843105,0,470.1920145808481,0,143.41903043438012,0,2915.5193830766525,0,434.7314240556803,0,64.83124189510214,0,1480.5942867851586,0,588.2168521836005,0,54.0,39.0
263,S,4748.026853321821,116.85465731761397,0,823.3823045826367,0,101.43753430400263,0,155.53518282180508,0,99.84316771687388,0,2477.05528395715,0,561.7393731005099,0,10.360407348266763,0,903.0364840032765,0,504.8422881277262,0,0.0,0.0
264,S,12759.621571312351,0.0,2,827.2245826647863,0,109.68764553345429,0,109.68764553345429,0,59.48593050500889,0,2689.2483915767243,0,618.4727291119145,0,194.4110526764885,0,656.7574061828046,0,480.0962453425246,0,16.0,8.0
265,S,11677.104298688939,27.431345872504235,0,371.9292356290005,0,49.11875594779715,0,351.43312330962885,0,280.6694685756957,0,1477.1404512303482,0,1279.4742888347305,0,177.32496718907362,0,1519.6254551629693,0,342.75876247734436,0,0.0,0.0
266,S,16302.366624236573,0.0,2,447.8902217428486,0,157.3597864634388,0,167.53733863122034,0,240.53718478413202,0,1630.8869536293064,0,1034.6294969290457,0,185.67039212611317,0,1346.9540369716242,0,232.63803731631248,0,21.0,12.0
267,S,3114.3931565232856,69.6535831988465,0,452.2003099717489,0,26.011252146060617,0,26.011252146060617,0,551.3949616232039,0,2105.248732169183,0,896.2259619048386,0,0.899639308450191,0,1547.521171961606,0,631.5880030639835,0,0.0,0.0
268,S,9845.896964062867,0.0,3,1031.7874885165245,0,78.04826721053628,0,78.04826721053628,0,378.16175888756516,0,4120.191373927399,0,1429.8104482897681,0,3.200040939970239,0,1026.1894093182686,0,947.6404236871085,0,26.0,13.0
269,S,4445.780296757649,42.790245905446625,0,239.41185965494768,0,136.97582834275772,0,473.72782865901337,0,34.74388360394584,0,2625.8634019389415,0,309.7671864709061,0,60.72800830164968,0,770.9362486309997,0,698.3225107887284,0,0.0,0.0
270,S,4091.553300274025,46.86784523582718,0,716.9291657110012,0,0.23347936543566972,0,0.23347936543566972,0,144.115424929749,0,2655.078867605365,0,482.1256809982115,0,102.5530478936913,0,891.2312090735908,0,371.93756129150125,0,0.0,0.0
271,S,3080.0244141335943,135.13303972405535,0,673.51348060736,0,143.6088832745641,0,143.6088832745641,0,102.10790380067343,0,2558.3472179625437,0,412.8232207394109,0,89.32237127494446,0,966.2736084759665,0,376.5336760547101,0,0.0,0.0
272,S,3468.1283608216813,152.32962411028063,0,626.760122351879,0,148.1412971607132,0,148.1412971607132,0,59.30296149323147,0,2583.3114539089656,0,363.6896693197034,0,133.98597355245334,0,988.6708979750236,0,336.009035648924,0,0.0,0.0
273,S,3321.5992150468333,180.89569181598102,0,580.0383306818827,0,172.21242920529312,0,172.21242920529312,0,33.73056374048122,0,2610.121394587065,0,316.8392766257422,0,182.07488415781125,0,1013.8273504137901,0,298.448161898993,0,0.0,0.0
274,S,3591.993346819663,213.16387650203598,0,533.3548059988527,0,201.23668454819173,0,201.23668454819173,0,33.253136641975104,0,2634.6258270651306,0,269.72157325102773,0,220.00580713181637,0,1037.625158793868,0,262.69896727126263,0,0.0,0.0
275,S,5193.977732334111,166.3264655208848,0,405.40754551384975,0,233.62975592107344,0,285.7775777419666,0,120.50752598679932,0,2686.851043756878,0,176.66146813576268,0,92.90047289473338,0,1090.7440118361264,0,166.59961705514417,0,0.0,0.0
276,S,5049.3873372407525,43.91474201747598,0,379.0826443678273,0,186.35609370133207,0,285.925271220169,0,121.52334924623916,0,2824.729671887073,0,198.49262434940596,0,66.66380364205975,0,1141.4149734193297,0,39.73839006105645,0,0.0,0.0
277,S,2900.4388206636945,94.16998772001722,0,669.6686928437754,0,7.713281994421311,0,7.713281994421311,0,108.87787382755788,0,2706.884841515546,0,449.88756908318794,0,154.25047091056433,0,929.5642620352572,0,325.70062078412417,0,0.0,0.0
278,S,3521.73533537231,138.3437981527669,0,622.8356181894775,0,51.78107528249265,0,51.78107528249265,0,72.14681569833216,0,2731.732012772098,0,407.9393168250977,0,185.57482728856834,0,944.9814605936434,0,281.3454978284137,0,0.0,0.0
279,S,3508.7685198973727,0.0,1,111.88121382865357,0,109.02456903744888,0,286.29008230934613,0,128.14301513001058,0,2825.1758179475137,0,84.66030952715808,0,22.79252638962017,0,813.5775011456799,0,725.1673060938696,0,23.0,14.0
280,S,584.1194614736238,152.28974319412393,0,287.54074218454986,0,26.380482760271484,0,133.3403727825753,0,228.68607437355013,0,3021.579092979219,0,278.40825077870255,0,173.93764005612798,0,717.6596178906084,0,703.2923372479439,0,0.0,0.0
281,S,1058.8356089449833,0.0,1,419.11889536009755,0,84.59618951929895,0,84.59618951929895,0,119.46244740263784,0,3111.248083220664,0,390.89266900127893,0,149.69321358790225,0,730.2414774505546,0,541.692718904537,0,6.0,3.0
282,S,402.4494886729965,13.145556391918584,0,361.3837017631569,0,385.5511848850664,0,452.1709555208811,0,133.99471141486737,0,2456.392622405859,0,310.6980443337322,0,67.41387842280157,0,1202.3031297564737,0,821.9106176956573,0,0.0,0.0
283,S,1851.2205215773217,39.7216990913044,0,544.9784401366327,0,248.30242704614787,0,324.47904060249425,0,192.48051130291478,0,1595.7523351681054,0,1153.7454870078188,0,176.2196384371249,0,1387.6038563055115,0,225.68326235127105,0,0.0,0.0
284,S,2235.1639833161116,38.306612174419385,0,511.8318309048754,0,217.28276275661048,0,305.8320418292249,0,223.1741401474392,0,1604.0608858644114,0,1161.137146782961,0,204.3200468725522,0,1409.421881914037,0,253.54711944897343,0,0.0,0.0
285,S,3895.489128222801,18.449022591345194,0,499.2670415880711,0,73.1897506620337,0,73.1897506620337,0,381.06180560937815,0,2557.3568809953194,0,1957.900308501271,0,99.99752930453054,0,1118.8818295373483,0,290.2142030722923,0,0.0,0.0
286,S,4541.538741889956,20.252149189965557,0,820.1798990689534,0,87.73644421057969,0,106.74947056094692,0,51.82340990017005,0,2590.879459857649,0,578.1928838326099,0,78.29025549916993,0,842.1343230787019,0,479.6283843968225,0,0.0,0.0
287,S,2994.6788801363846,63.55578298207457,0,651.2668483600545,0,253.18015801603633,0,253.18015801603633,0,473.9563554854876,0,1988.4395424111422,0,765.1359821260128,0,76.57252606251657,0,1257.4014364012426,0,389.4435245722027,0,0.0,0.0
288,S,3836.8901097922753,71.96958999985385,0,237.18667290716064,0,413.85368543378263,0,510.9123926920129,0,121.35893616767082,0,2506.3626174707806,0,187.127586419249,0,98.13567538884354,0,1154.5797380746433,0,806.2220943209188,0,0.0,0.0
289,S,4418.7753612223,23.45339617065627,0,798.9464083963461,0,196.33384104133617,0,196.33384104133617,0,189.91210010504565,0,1990.093285368655,0,838.0570939343194,0,12.782868542776948,0,397.4729726340227,0,513.5232429753543,0,0.0,0.0
290,S,7572.550727355556,0.0,2,454.5897618206324,0,249.7654823854462,0,456.130306636531,0,188.45848928383523,0,2333.8094244866083,0,504.1105005433771,0,127.15029611849789,0,558.7735021140134,0,560.0536421210663,0,11.0,11.0
291,S,1944.3417522981104,59.968878601420286,0,387.49785852715837,0,118.29953335640762,0,491.38167023029905,0,268.78930717542715,0,3473.384568925608,0,1047.381603491723,0,122.49308212330276,0,1198.1864290929905,0,262.6036411499683,0,0.0,0.0
292,S,23586.93940252224,0.0,4,1155.7861090856134,0,125.48220975914434,0,125.48220975914434,0,202.72648378989925,0,4162.754850276157,0,1272.0321873659798,0,21.547056269613492,0,1025.2544718930565,0,1078.4166660676124,0,44.0,23.0
293,S,22035.420871838684,0.0,4,219.12202474464115,0,0.0,1,338.75401907810823,0,240.36725689976566,0,1472.6400312049752,0,1334.7579717820986,0,210.30414596590754,0,1608.575533458222,0,407.57346572115307,0,48.0,24.0
294,S,606.906180675373,104.85331933256151,0,1009.6872778931546,0,94.79428666972561,0,297.58366215047147,0,481.4948134637074,0,3121.1184282417253,0,1829.4236394677826,0,48.25673098799096,0,864.948951712398,0,335.48274204846695,0,0.0,0.0
295,S,4646.886069649096,56.47848266897513,0,951.500734995443,0,50.536738231000626,0,264.8210926397403,0,101.5775300871136,0,2411.7854160683537,0,690.0374144986649,0,137.33857209954226,0,864.2814890667131,0,629.6122627418985,0,0.0,0.0
296,L,1788.5436466252095,103.76848194082793,0,848.2003477003599,0,42.45636186795082,0,103.67910819883751,0,256.4945782616046,0,1926.9814292008305,0,1004.6831304313876,0,155.28508839552688,0,396.7389854387535,0,512.1815147514218,0,0.0,0.0
297,L,8662.030116710883,14.98843990221893,0,342.0536396640018,0,145.90555210685528,0,145.90555210685528,0,229.3533277156784,0,525.4943042822532,0,1504.554842443204,0,325.65697437502376,0,1752.9161947835087,0,132.79481313511738,0,0.0,0.0
298,L,68292.73063709636,302.04499480803446,0,196.82671216133954,0,0.0,1,397.07154314655804,0,158.3533818464061,0,2038.423675455352,0,1782.8039882784674,0,3.021714437956574,0,1943.002633936477,0,720.6778278545463,0,0.0,0.0
299,L,212.6631652296161,331.1485026241757,0,375.58380867298285,0,114.6490677505999,0,446.1937573787799,0,342.7065835456554,0,2205.772093163742,0,1983.7401673732527,0,168.24615088044368,0,2125.460522280473,0,903.061495614348,0,0.0,0.0
300,L,26816.072738224946,205.9854549799084,0,195.7307876448896,0,73.61065341264684,0,275.97580976530395,0,272.5833481889562,0,1995.1055007705652,0,1885.0785948266544,0,44.21628207407051,0,1868.260239813015,0,775.7330586656553,0,0.0,0.0
301,L,3326.3448825930273,13.087908445177469,0,544.3235920380234,0,38.06676542283176,0,448.60514010828734,0,339.0498968261717,0,1243.1556342787242,0,1654.3360703930714,0,186.59023764105908,0,2193.24720868198,0,835.4596048863297,0,0.0,0.0
302,L,2262.948154396051,0.0,1,558.8731125414473,0,3.1926529008595286,0,441.118514199884,0,372.3773700017818,0,1230.0897871923753,0,1703.3823957232453,0,155.07217802826477,0,2159.0417910092674,0,831.9151583487559,0,20.0,10.0
303,L,5384.8027037056345,316.76099599473406,0,327.90702471128526,0,147.73696081496192,0,178.94008704954038,0,305.494010698685,0,1858.0859839406712,0,1884.088249548952,0,58.16704682493904,0,1529.653288693904,0,811.9620638807107,0,0.0,0.0
304,L,683.5067859125195,68.03576604729922,0,241.89023106822495,0,424.3176261444245,0,424.3176261444245,0,521.9471113947662,0,926.9466501369541,0,1033.7806353153578,0,268.598187555912,0,547.8839850098087,0,715.1544096340214,0,0.0,0.0
305,L,638.0125822834414,29.657433348179215,0,188.491260355679,0,87.22627192637,0,180.90908157965745,0,289.59183695147556,0,917.5134421158593,0,2111.007620905564,0,553.1579965970959,0,1464.1000075132517,0,960.2605037661465,0,0.0,0.0
306,L,2548.139305908775,230.02173987977795,0,346.9640074367408,0,43.52228447361625,0,325.55173029492397,0,202.38646216890928,0,460.3388498277181,0,694.8833619231208,0,142.800920035233,0,1463.0119719593374,0,422.8600538537014,0,0.0,0.0
307,L,1709.510608518317,134.2191901406156,0,738.1128991644895,0,65.24219586132001,0,573.3612859382645,0,133.7064369189656,0,1785.7625767355605,0,1634.0110872122796,0,68.05115989477838,0,2614.0055135739435,0,741.676111539036,0,0.0,0.0
308,L,607.0116939295231,676.9738554275291,0,359.08856144550373,0,282.0888828468487,0,343.15588374078413,0,131.1240669851978,0,1946.5824999744716,0,1683.65578418498,0,74.22519388095506,0,2112.1219291832567,0,635.1239698312902,0,0.0,0.0
309,L,2256.6880881060597,678.3903416913856,0,390.1512363696079,0,243.40870879668466,0,319.3450595750793,0,165.0326602492094,0,1958.711524167471,0,1691.5622314835819,0,93.20787130177766,0,2146.5985646266017,0,654.868224315227,0,0.0,0.0
310,L,8835.057572175088,0.0,1,653.8314900189084,0,162.1159882055508,0,162.1159882055508,0,111.63179908511925,0,1495.533001036108,0,2247.540191402867,0,10.404818979501028,0,1642.8695992694938,0,1182.4823636840981,0,10.0,5.0
311,L,2220.159833918955,0.5501308905763517,0,465.2073467816913,0,67.89235276120182,0,67.89235276120182,0,229.57037072875167,0,925.7379011274222,0,347.3930372004479,0,32.784250514314536,0,903.5296247688981,0,829.1304216588746,0,0.0,0.0
312,L,41798.87496339811,0.0,3,0.0,6,20.224979618623653,0,20.224979618623653,0,52.79322917695018,0,473.11827163734074,0,1664.6231130763656,0,117.32435542282882,0,910.387841493739,0,526.237529845749,0,26.0,13.0
313,L,72210.19464470254,0.0,13,168.07807415257824,0,0.0,4,0.0,4,26.90857169781635,0,1352.6517911604828,0,1971.8785178518804,0,0.585480131291117,0,2132.8476103500757,0,877.2012589958707,0,75.0,39.0
314,S,4979.3415002612555,103.78587797087312,0,902.9682147548319,0,45.87049876441142,0,218.96831642454273,0,88.79523195305956,0,2435.8108729163746,0,645.6262649748058,0,89.25331823246438,0,877.3342472823814,0,581.1648216831246,0,0.0,0.0
315,S,10731.447509012989,0.0,1,1063.1400437955829,0,3.4732101079400413,0,3.4732101079400413,0,446.4897037867648,0,4160.404558989803,0,1519.415244149795,0,0.0,2,1108.7124883388678,0,971.1621603201146,0,12.0,6.0
316,S,3548.134853052474,84.89883745508153,0,515.997270496512,0,24.08724941708902,0,69.32871077767473,0,249.72478255575504,0,3494.6901892021415,0,764.5485088200214,0,69.33228936891716,0,154.30461324124852,0,962.0917919756764,0,0.0,0.0
317,S,2390.4190745279143,100.51979277313077,0,247.14907375321587,0,284.48808240722644,0,879.0497830959729,0,120.69835570254862,0,3357.0219478512404,0,545.6236385111127,0,143.63647191111042,0,1557.8238566505697,0,505.65777075465996,0,0.0,0.0
318,S,3730.2610814568147,0.0,2,167.05401920922884,0,128.35341905710007,0,765.9314594180263,0,141.1633172370357,0,3259.3401399375093,0,471.5545082199703,0,156.53411009677725,0,1618.05109472404,0,484.43805994844644,0,14.0,7.0
319,S,2749.692918429601,155.12618288905614,0,504.68303286766206,0,168.7881882340932,0,179.44923023996844,0,28.834663321558576,0,2729.598343733072,0,267.7201839048243,0,182.4451020823626,0,1097.0093939513124,0,195.15757152721037,0,0.0,0.0
320,S,2710.4830558373624,136.95502988279833,0,876.4827429050107,0,72.97945788691172,0,196.19563391014472,0,92.46550652474794,0,2458.8223079494287,0,616.6859375381673,0,62.57868357610345,0,890.7794955140763,0,555.4995054539852,0,0.0,0.0
321,S,4694.450956949965,14.688121938461979,0,788.2792434154368,0,23.09674470557357,0,184.8374572246413,0,16.500907619105913,0,2246.021099155403,0,494.57693991797424,0,111.81017349966531,0,649.5360633265154,0,546.7870976069007,0,0.0,0.0
322,S,2283.1952758518596,49.8701322292411,0,737.0581582981553,0,243.28564576429545,0,250.93483468116284,0,140.63911830781396,0,2462.7982704462206,0,457.44369951642307,0,83.0947469177118,0,870.9939364483351,0,476.6086927211349,0,0.0,0.0
323,S,2464.838836797811,59.23384765688834,0,688.7700154913418,0,208.66430642114548,0,245.92322085336272,0,140.9711698779262,0,2490.369350353814,0,408.84611124723335,0,110.60647336079717,0,895.5710312643722,0,436.2147640260033,0,0.0,0.0
324,S,1265.4758451723271,133.22471687752375,0,617.8340187522472,0,169.86119062501422,0,265.5765254649649,0,76.34201518196184,0,2543.226310587916,0,335.29043459070385,0,192.92291708014935,0,946.183254381526,0,384.847749248357,0,0.0,0.0
325,S,530.5418029844094,6.117095036773478,0,794.8536790199532,0,77.16334025132217,0,77.16334025132217,0,120.76680548898292,0,2717.1980236113614,0,586.0496462869971,0,186.50801531099907,0,834.4040647345846,0,445.2886035095239,0,0.0,0.0
326,S,15908.924309234519,0.0,1,384.7975417153089,0,152.10737629065184,0,152.10737629065184,0,83.65732595042773,0,2541.0855344584534,0,356.9449226562367,0,24.25663615306134,0,1149.3673994639066,0,516.3013490765952,0,8.0,4.0
327,S,12594.819705881426,0.0,3,485.8503646028083,0,0.0,1,571.830443396914,0,292.09079971384284,0,3562.9014341878283,0,1146.6471084940983,0,217.27833656894418,0,1227.8581087823916,0,358.2764289097693,0,14.0,7.0
328,S,1938.1813434850578,15.294727348670017,0,639.207571007312,0,143.8091625276311,0,514.8654516909617,0,330.44450614341736,0,3732.464931206081,0,1262.6551230999314,0,241.12133452372365,0,1249.3174826613392,0,518.5077232864289,0,0.0,0.0
329,S,771.8831057994167,34.0178625488383,0,299.24074347916155,0,33.685549470402826,0,292.3588110531864,0,409.36446944292777,0,1659.5377898306504,0,1303.1562924801678,0,308.259465649937,0,1650.8874856996486,0,489.07486124813965,0,0.0,0.0
330,S,2568.0296850008904,8.864510868486104,0,537.6852494013722,0,41.41905019938248,0,142.39436396709465,0,480.0022030647429,0,2631.542905756516,0,1982.0587025490331,0,152.26927081821182,0,993.2996144511918,0,166.32625964618322,0,0.0,0.0
331,S,31203.00452953302,0.0,13,764.6282486808154,0,3.724326722438337,0,118.67985158916862,0,275.30856570842025,0,3863.720495717743,0,1253.4796368896696,0,14.892429473719595,0,987.3547132219996,0,671.124955082852,0,71.0,45.0
332,S,16908.87756977922,0.0,15,551.3720707847856,0,16.678067847845604,0,366.0319450127308,0,98.85650923580879,0,3654.585195248491,0,1082.9708755243696,0,6.85641132490435,0,1016.200812389517,0,463.37663863655246,0,85.0,54.0
333,S,2190.244497793718,98.61315751082742,0,656.151087482373,0,62.63557543665415,0,127.7166824156729,0,351.2465953036398,0,2727.6736786281176,0,2033.8574192893316,0,66.38708746054533,0,1073.5412279516115,0,236.1947839447911,0,0.0,0.0
334,S,2681.5712515487894,154.0696631240895,0,621.1636487573687,0,81.08672353190197,0,81.08672353190197,0,46.88107876521363,0,2665.712278576181,0,378.0426705185462,0,143.60588868070013,0,1017.0665729519457,0,299.09671637162086,0,0.0,0.0
335,S,3711.6536462095746,155.1209811847268,0,574.3043413451375,0,60.39555307408541,0,98.5466204991964,0,54.23495874034869,0,2755.555293235719,0,366.772798797675,0,221.45698955493026,0,975.090608484737,0,234.6101070948604,0,0.0,0.0
336,S,7103.405997819644,32.56218831385726,0,434.63997356748433,0,93.88376542645629,0,198.53920955238877,0,86.0430110788003,0,2818.2413313972415,0,262.70708492676636,0,114.70343166430908,0,1054.2947176912414,0,91.52404134071077,0,0.0,0.0
337,S,4376.420224206763,213.26358512212303,0,466.5209686447353,0,231.056962477757,0,235.29425995398188,0,59.80636598726528,0,2662.5392352967006,0,221.530423448577,0,158.5556104337283,0,1065.6769753927922,0,220.67452372265046,0,0.0,0.0
338,S,4467.361401325335,114.98166258428476,0,717.8363565511378,0,101.95357518634134,0,101.95357518634134,0,143.45766991790865,0,2535.539763119978,0,457.669528334701,0,43.55758095698812,0,947.208882199694,0,402.6388165910596,0,0.0,0.0
339,S,2758.0061651594224,135.339011349338,0,456.21789906512385,0,183.27945837651723,0,223.69372372882665,0,75.73445816585334,0,2756.995542569291,0,227.64395946073665,0,133.6185990969753,0,1130.230442140263,0,156.08764952707867,0,0.0,0.0
340,S,2789.0920823687675,43.122201136828394,0,712.3279463953801,0,101.05265184233275,0,414.4086534756501,0,254.5312898963933,0,1439.0672094592862,0,716.9040252388655,0,64.09363668980896,0,84.70560963308519,0,112.07105109272618,0,0.0,0.0
341,S,37009.285672231585,0.0,17,970.9384145137751,0,0.0,1,0.0,1,78.8116077054167,0,1742.2652689744375,0,860.295852282399,0,225.98317423142433,0,159.12079493041864,0,336.88794122980437,0,184.0,107.0
342,S,18212.239222244287,49.99705979332177,0,742.1020371647447,0,2.8942106060546617,0,126.65739466573437,0,32.91513587014439,0,2167.6386679279276,0,445.9530570492705,0,12.813794155860135,0,575.6593678007498,0,657.2238253292936,0,0.0,0.0
343,S,2452.4775886895536,90.46728367700943,0,643.528466931698,0,182.45807135501963,0,252.67590342118075,0,100.49419983137928,0,2515.9550810518667,0,361.7782878946543,0,150.04830919021987,0,919.5463123704795,0,403.1878956192019,0,0.0,0.0
344,S,39345.12618215041,0.0,6,401.7581864710437,0,35.751498200836096,0,573.0385387723228,0,456.65823308485784,0,1965.7067106551567,0,1216.2459841080754,0,17.953129094507222,0,677.5133232382306,0,652.9067090434878,0,75.0,38.0
345,S,854.6700029107584,61.99052588833792,0,392.76578456354224,0,54.663284801460534,0,800.2096030306869,0,746.6427719582896,0,2041.6134764841413,0,1401.0166584358728,0,226.28733828767255,0,863.8603680364571,0,859.2131352445149,0,0.0,0.0
346,S,1220.0176136591044,113.7601494853195,0,689.0100061983587,0,62.31857396732409,0,62.31857396732409,0,116.62658597280338,0,2638.655043291551,0,445.78151183691,0,99.77994632605794,0,987.7130515841307,0,362.5482870760577,0,0.0,0.0
347,S,1067.283772612428,132.5497823460001,0,670.1478940882264,0,68.06833768990018,0,68.06833768990018,0,95.74278087304585,0,2652.294887671179,0,424.10396492998365,0,120.76446614773913,0,1001.6584926072865,0,345.0507825344339,0,0.0,0.0
348,S,1603.6875780544767,31.580471607891173,0,420.88319983246,0,164.92549629193854,0,409.89271588718873,0,118.3021228909709,0,2477.0263714638736,0,475.60580158091847,0,55.39259053962352,0,617.3417366720444,0,572.8567937074905,0,0.0,0.0
349,S,30797.871504556533,0.0,3,341.7086555941494,0,159.28432971317352,0,410.1860129120421,0,91.5535462843032,0,2190.7488208583545,0,355.61196840171726,0,54.86125973462704,0,637.4120903629986,0,577.4538390930209,0,19.0,14.0
350,S,2635.645868556437,0.0,1,151.43106655173312,0,398.50473780150054,0,603.8501177635276,0,134.50789684896395,0,2521.4334420424616,0,166.79951938386034,0,115.1378929037033,0,939.4089356397611,0,903.4358593391772,0,6.0,3.0
351,S,288.9681851009262,49.65862205422849,0,301.6197140399511,0,99.52241672924424,0,463.92272098273804,0,206.96570724169004,0,3409.2279115901856,0,922.6214637275057,0,13.876980390563961,0,1092.3275180763467,0,201.2641661180943,0,0.0,0.0
352,S,2169.731575509165,374.25068870040354,0,879.0916375929658,0,196.32571008701174,0,196.32571008701174,0,125.69295511066365,0,2127.0144040884024,0,649.9684931624201,0,79.61888051093074,0,725.394693307666,0,784.0635198038208,0,0.0,0.0
353,S,969.9919502756045,60.79341376163728,0,717.4019265957161,0,422.33852338617896,0,622.7274707757562,0,126.15337241224249,0,1367.8547271679897,0,1047.3921661501106,0,18.073082190139857,0,1332.336869509588,0,251.01791667792344,0,0.0,0.0
354,S,5924.697120496109,123.75886332531246,0,367.7403104236166,0,0.0,1,76.39031185853476,0,440.9658471968496,0,2412.628878873475,0,1915.2200972921214,0,207.37314616088034,0,1143.2031664354217,0,353.6337201681258,0,0.0,0.0
355,S,891.7770827157232,138.72600947154461,0,757.8346449204006,0,64.32458494894392,0,64.32458494894392,0,387.29534812025156,0,2849.856417003613,0,1994.314571990127,0,50.55971962622072,0,1003.3264819504664,0,194.02008774681823,0,0.0,0.0
356,S,5356.6671524605335,0.0,1,341.3323479775134,0,22.266798141219798,0,22.266798141219798,0,718.0983729409553,0,3624.000380299996,0,112.42561864167153,0,186.65904821743874,0,818.4203375336655,0,188.51239241052514,0,4.0,0.0
357,S,40909.09876199164,0.0,5,292.51875635627124,0,7.676364573780731,0,32.04771460617759,0,549.7229865143096,0,3484.0461275018124,0,14.668772676638012,0,23.591472840951965,0,633.9576900621446,0,63.839384001496505,0,36.0,20.0
358,S,276666.96717237204,0.0,35,31.282791850358077,0,0.0,2,0.0,1,97.85937398934301,0,3820.425912842463,0,57.456499380018904,0,29.208347125721687,0,468.2108479468788,0,10.081244537108399,0,266.0,140.0
359,S,7441.434580846038,0.0,2,418.21368727419275,0,31.49911047939763,0,42.410831974217054,0,345.1040590225168,0,3998.184627347991,0,268.18601514025585,0,57.975426929598086,0,898.6045150035972,0,196.7187842696796,0,12.0,5.0
360,S,43907.99433508942,0.0,12,488.4276849755944,0,9.270011888613885,0,220.59855522823116,0,364.82926175889656,0,3540.7595507720794,0,236.64978455853887,0,13.5353365313781,0,563.1034509154898,0,216.38354961945757,0,130.0,68.0
361,S,2988.8848598962154,133.95689480275263,0,648.5232068220516,0,71.92003652439202,0,300.6039140418547,0,83.3065306672089,0,4168.037963463765,0,593.5524038354977,0,68.75463213373403,0,766.3635532024315,0,529.6772724295353,0,0.0,0.0
362,S,18552.62351380895,0.0,3,504.47382822915614,0,93.44359822044635,0,146.1280901600659,0,112.32944707299606,0,4249.779549879144,0,579.1063466354664,0,142.44349194953566,0,639.8990361196825,0,502.3103059180141,0,12.0,10.0
363,S,5131.576526919401,0.0,2,553.0819631712228,0,41.66312761989663,0,82.354459504182,0,250.0173941849448,0,4218.429057731148,0,500.82164877419996,0,195.97476234445622,0,760.596040263843,0,421.65792139958927,0,9.0,9.0
364,S,994.9415057862246,0.8154801036740377,0,446.3797403996534,0,34.491017694229996,0,34.491017694229996,0,412.94618640731284,0,4170.826919801931,0,393.82293095138107,0,218.4588785312216,0,917.1511806570712,0,311.2873684672021,0,0.0,0.0
365,S,4506.184571202799,0.0,1,437.85010278807704,0,174.0296028420712,0,214.2498585816067,0,332.82528547732477,0,3959.2629950895503,0,269.4506782447728,0,0.0,2,970.2317938717315,0,199.09067291540313,0,5.0,3.0
366,S,1193.1470825483184,42.4919747193773,0,620.2909790415936,0,151.40122035938032,0,274.7081142814937,0,597.992354506594,0,3511.001695609255,0,345.336467437224,0,10.837081467239878,0,611.2623382553008,0,384.7991773910046,0,0.0,0.0
367,P/S,6024.673414625805,0.0,1,506.7832076292161,0,478.0640444497265,0,517.8252964569882,0,242.73363569041274,0,708.9598887090488,0,920.2382603679176,0,49.09849069505555,0,775.0060524309336,0,534.3684249412805,0,12.0,4.0
368,P/S,12470.159625034741,380.4888140606839,0,1325.678210797009,0,268.84691268525603,0,299.4305662423334,0,259.1800863615495,0,1422.298722442033,0,439.4376957851057,0,164.7479683096647,0,2399.535044493592,0,1417.9610161143742,0,0.0,0.0
369,P/S,75623.97539890998,0.0,2,2242.862836858218,0,601.4681389525899,0,876.6890099311793,0,1061.9704218571244,0,2527.2380024963636,0,905.260047738579,0,61.817311131602615,0,3228.692542807381,0,2202.792724835923,0,14.0,7.0
370,P/S,5777.454448332872,20.962808959125553,0,1154.4944410318515,0,516.5574379822842,0,535.3531080070734,0,390.02611980003036,0,1634.2710961177368,0,442.7483318509573,0,138.73815066492128,0,768.3591343551058,0,465.25214066177216,0,0.0,0.0
371,P/S,3292.172679020874,22.124663503018265,0,1136.8577727566706,0,583.0437258157301,0,597.3773626420258,0,316.36299544868524,0,1713.2274557860299,0,363.60654584227825,0,131.4514308908044,0,896.0864970012863,0,503.313112007024,0,0.0,0.0
372,P/S,3275.703056592246,14.475728906473636,0,913.9186521676695,0,370.59707576295403,0,370.59707576295403,0,268.75582440018707,0,1431.8151271466973,0,457.74783637812425,0,284.666140956758,0,735.5694081856662,0,753.0793325770475,0,0.0,0.0
373,P/S,1285.9247446214652,24.23502240435502,0,948.056447156915,0,443.15547329319077,0,443.15547329319077,0,205.4253649289152,0,1505.5227950324916,0,383.57347163932485,0,216.83618443066612,0,776.3235177180718,0,751.4984555277774,0,0.0,0.0
374,P/S,2092.874118099229,141.03676715881411,0,2754.7910993987525,0,1177.10034525276,0,1477.1640093830254,0,1726.6111182738148,0,3205.9249011167162,0,1606.6580109587258,0,431.4375379001748,0,3931.4646091228483,0,2832.3435912744244,0,0.0,0.0
375,P/S,528.3786934240475,124.97853393005917,0,851.8931083564796,0,35.722589253690785,0,35.722589253690785,0,540.6684591952619,0,1291.445971230989,0,957.7992509068101,0,221.71120609870476,0,624.4297202371629,0,330.2960249781386,0,0.0,0.0
376,P/S,5149.620874560262,0.0,2,724.7361392165661,0,47.266422048767595,0,47.266422048767595,0,415.03409986208453,0,1074.5776485465128,0,1089.5592682476524,0,4.029742621812504,0,628.2796361663629,0,331.73882582265554,0,10.0,5.0
377,P/S,4963.692319486327,0.0,2,968.6113868496096,0,349.08454255509025,0,357.71976843131364,0,706.8233434110333,0,598.4595334229261,0,1002.9786948876575,0,5.101037928240327,0,984.8407162254999,0,258.2904374394407,0,12.0,4.0
378,P/S,33644.226411815354,1.593506553219591,0,1698.7203526954129,0,1295.789610921919,0,1323.890175346922,0,1146.6277243767338,0,2084.3031987182826,0,576.6909672932112,0,13.469588578415118,0,1962.0066283093709,0,1189.6647390473054,0,0.0,0.0
379,P/S,2615.0959884677136,5.941543840168002,0,1939.9395691609236,0,1084.9002593359924,0,1148.996770980703,0,1113.879792197209,0,1622.294911826504,0,585.4900928291795,0,393.10917205203697,0,1760.904984994851,0,748.4713965899697,0,0.0,0.0
380,P/S,21779.8326826368,0.0,3,496.8867194584898,0,211.49848277535742,0,416.0528278634611,0,304.1917249667135,0,755.6696168390854,0,1177.3691901406353,0,4.393971657713331,0,2257.0988204327787,0,1504.9887679939202,0,66.0,20.0
381,P/S,8449.788901050195,245.932579005263,0,122.52985448731611,0,93.20115155109762,0,575.1752832173763,0,45.813281018287675,0,1083.5746610387685,0,1113.3988774689708,0,232.9506955763977,0,494.5674189016575,0,124.6904009320083,0,0.0,0.0
382,P/S,3884.2576226222395,279.560956811372,0,1133.0364360257013,0,126.98836950443074,0,126.98836950443074,0,81.30366983280138,0,1339.9248711437215,0,730.8787871658154,0,117.69123381853527,0,2439.3609562248953,0,1506.2496446300925,0,0.0,0.0
383,P/S,10241.888289453498,14.660554159266024,0,978.0314787170983,0,444.86545281384656,0,493.61108067356537,0,56.941765143842616,0,1625.9074095645808,0,114.67135196938344,0,18.11716712598215,0,838.765584782939,0,303.55744739060003,0,0.0,0.0
384,P/S,1259.0855928793642,2.4397341457767516,0,946.8085421171763,0,379.80746975109383,0,379.80746975109383,0,323.63619382885133,0,1437.5132277948135,0,500.9313115577671,0,303.90451677057615,0,767.2145226312139,0,765.2377571398038,0,0.0,0.0
385,P/S,5851.633608028629,5.728903239913323,0,1009.067744574802,0,519.4393466293279,0,519.4393466293279,0,219.98119565424025,0,1581.8514536025953,0,355.4836088589179,0,156.87023919783744,0,839.6962582753757,0,575.4095915993906,0,0.0,0.0
386,P/S,5315.036173036196,0.0,1,850.8921405123392,0,361.40774476155576,0,361.40774476155576,0,144.86935114057658,0,1419.8826699026251,0,339.2841184322046,0,200.22685922587604,0,675.5416056363001,0,785.0955906579107,0,4.0,4.0
387,P/S,5325.332055823341,11.920267525155953,0,901.7592705968694,0,563.9975879190197,0,563.9975879190197,0,54.96080755854411,0,1604.6752684383835,0,169.26616492675828,0,83.98852793289791,0,750.7192386341405,0,740.190027932448,0,0.0,0.0
388,P/S,1508.7932864763463,2.8840699173402164,0,706.4818699449306,0,44.7386213208538,0,47.456673606987124,0,394.1110731825035,0,1179.2372577862466,0,1067.536369401965,0,104.19169931193368,0,572.0101569553312,0,396.6244909343939,0,0.0,0.0
389,P/S,5116.589103680234,0.0,1,896.944473526272,0,156.07377344041922,0,187.56552969385183,0,599.3519494714867,0,1033.287065522506,0,963.0552638365651,0,44.200666444397434,0,835.2097595892391,0,102.06131076432617,0,4.0,2.0
390,P/S,1799.8092296678722,27.967005420306513,0,1050.0086064435993,0,161.7884846463145,0,231.75943197619705,0,737.4178547273251,0,1276.6040132560342,0,836.5410482320649,0,163.29583187035922,0,844.1233851150025,0,102.28084834813095,0,0.0,0.0
391,P/S,4109.4293901367855,0.0,1,748.5421087078481,0,45.095123488548886,0,316.96161962965687,0,507.01035017952,0,1551.1716180646886,0,901.0721564464212,0,3.886124740903513,0,278.7180558545277,0,591.3913392060032,0,6.0,3.0
392,P/S,1568.6660217074993,6.659188821542027,0,2035.9292912500177,0,1129.3243196807675,0,1129.3243196807675,0,1188.26269480032,0,1622.2086373350003,0,464.1786749959085,0,354.7415733277883,0,1884.525236458745,0,863.0954934012095,0,0.0,0.0
393,P/S,5747.8072644607355,1.7959824230413548,0,592.9392829971408,0,262.41418178658733,0,384.15225431084247,0,386.19151978762727,0,824.6653171201339,0,1265.0997105497775,0,65.21510165236961,0,2257.3753964201533,0,1507.533235754849,0,0.0,0.0
394,P/S,3977.1405495827503,0.0,1,390.03632086522725,0,144.5345043650279,0,425.58240262676696,0,237.9357327636965,0,1089.8293728542021,0,903.4133162183272,0,6.087776550345963,0,955.4525355141593,0,554.1133919109087,0,8.0,4.0
395,P/S,19738.95685771698,0.0,3,650.2095616052021,0,517.5060808810023,0,808.6979028918543,0,427.3656196438294,0,214.04540254030522,0,528.3037717065487,0,0.0,1,1257.5747104612778,0,850.8584894243997,0,42.0,20.0
396,P/S,14269.623490288517,0.0,4,520.37192077936,0,422.4086369299684,0,757.854163608196,0,386.7293123498037,0,194.93263066349766,0,386.9924692186499,0,12.367841195185225,0,1292.4636893544578,0,729.4522146267944,0,35.0,20.0
397,P/S,3587.0580459355665,0.0,1,543.3895802127198,0,473.03647008092855,0,736.6534890305085,0,389.7013477084076,0,257.1199069412621,0,392.42566525334274,0,80.91152396484323,0,1349.2300057360978,0,703.0274377625126,0,6.0,0.0
398,P/S,2936.976248946528,39.031522858096025,0,378.95132387832456,0,597.7185057492595,0,604.5960924948002,0,7.141591564842675,0,535.2091060184885,0,1109.2175461492861,0,8.211333957378471,0,1327.3884372913385,0,1064.133260818744,0,0.0,0.0
399,P/S,13475.442347473005,0.0,2,220.65018007002047,0,439.0148260946682,0,587.52145797533,0,135.106831824274,0,473.50400328016144,0,1161.377828146564,0,56.50667772512015,0,1331.2810284123314,0,1157.438922508218,0,24.0,12.0
400,P/S,6454.753787267802,0.0,2,234.97924698807444,0,257.2197887294221,0,355.8576747624048,0,515.6296727187103,0,301.37080959779297,0,712.5717161141331,0,93.85464141645453,0,733.6217165025975,0,94.53379892811441,0,22.0,11.0
401,P/S,1327.0898225324943,67.50690382003374,0,586.6081832007565,0,427.8511344620413,0,427.8511344620413,0,30.28182711326345,0,399.91084490173415,0,929.8026208452362,0,155.03528557569388,0,1512.7780445676865,0,923.5246105965878,0,0.0,0.0
402,P/S,726.5192511934943,114.73815329320021,0,202.24237369619786,0,386.1286073264944,0,389.185727915863,0,180.7346972820786,0,842.7515370575096,0,1351.7484291224582,0,272.8034054299908,0,1087.4320093569136,0,918.7756214162013,0,0.0,0.0
403,P/S,2194.187852322452,0.11294539529946446,0,309.09305453882115,0,400.2993848382173,0,400.2993848382173,0,153.80440817163225,0,1115.17147502902,0,713.1802014393728,0,444.51291939101975,0,145.59792199506825,0,1028.5199900618761,0,0.0,0.0
404,P/S,879.2333566236972,0.0,1,448.8657550435641,0,537.8889603380234,0,537.8889603380234,0,39.50864486607369,0,524.3144242604131,0,1042.4750294754383,0,28.42848687857956,0,1393.0140267131571,0,1000.9176478756101,0,9.0,4.0
405,P/S,3167.9913358740905,46.475907272518,0,830.6586409237125,0,19.420959356594878,0,19.420959356594878,0,167.82483670051653,0,543.0796203338173,0,522.2660127694768,0,31.574938094542123,0,1134.3337671442316,0,547.0589406110722,0,0.0,0.0
406,P/S,2501.7643214597088,3.68953724068099,0,393.3486112603469,0,361.12768725373394,0,361.12768725373394,0,73.33694910977796,0,91.15628502723196,0,734.9683504969728,0,27.258034915863437,0,1139.1375122325348,0,334.7544998998285,0,0.0,0.0
407,P/S,6924.189971645985,0.0,1,782.4426606792829,0,39.4254435273087,0,39.4254435273087,0,154.22230573927587,0,565.2148917356776,0,509.9529172315454,0,44.74919305640701,0,1099.8950042310717,0,503.34520003529764,0,2.0,1.0
408,P/S,11968.339135948985,0.0,3,876.3720533431715,0,71.88343091941408,0,71.88343091941408,0,72.80572510051675,0,408.53925139737737,0,540.4116714504512,0,73.2644628871274,0,1178.4053346895566,0,600.8217876300693,0,6.0,3.0
409,M/E,5538.56818167677,5.503834245963197,0,181.42149775687145,0,7.251055070282703,0,54.67473185109142,0,178.7752731922236,0,1031.1961375126455,0,105.0842406022963,0,58.5476177694994,0,862.1336940660038,0,669.4807973815429,0,0.0,0.0
410,M/E,6139.523904620822,0.0,1,189.64207823708884,0,0.0,1,103.67722501819668,0,121.18203232092328,0,1005.147689167893,0,56.387609002560595,0,8.799836374074815,0,896.8871198490535,0,610.4783817243987,0,22.0,11.0
411,M/E,5664.55293010923,0.0,1,247.07386884480474,0,33.01818730441033,0,33.01818730441033,0,63.308711866014455,0,888.4294880749094,0,69.98387814632733,0,38.64354506848872,0,972.8044166248405,0,456.3003392598474,0,24.0,12.0
412,M/E,4658.874967774022,0.0,1,224.98338638160547,0,0.0,1,119.86220874390528,0,68.9808832231795,0,949.5276311480599,0,43.261515214486,0,9.601512863826065,0,952.1449574928084,0,539.868208400512,0,20.0,10.0
413,M/E,1183.303626479872,15.697112241268128,0,391.0134755641652,0,134.95739997311367,0,208.27909046421124,0,203.6416531568431,0,1115.4916277803286,0,211.67991231185852,0,92.53707582526188,0,1113.9264955644244,0,675.6450497932589,0,0.0,0.0
414,M/E,3537.531382536934,0.0,1,380.47196373425834,0,122.38281683062465,0,155.4335704841471,0,209.1839910047382,0,1066.5947167916463,0,197.3575367706145,0,75.42310300790149,0,1105.3594540268566,0,617.4441291636416,0,20.0,10.0
415,M/E,19380.804055597837,0.0,2,287.3466279689084,0,27.157258003399413,0,27.157258003399413,0,160.46382608407976,0,916.0658648919268,0,186.67656997857154,0,120.58655089011913,0,1080.1170881451028,0,447.7574756833888,0,37.0,14.0
416,M/E,21815.630829175596,0.0,3,245.5571547095467,0,0.0,1,264.7281080420951,0,292.776527156165,0,529.5559613272821,0,466.56341546937074,0,10.001576453868934,0,1232.874476161678,0,290.8582297815451,0,78.0,39.0
417,M/E,56758.940175751435,0.0,3,0.0,3,153.3252051707115,0,349.33455202326684,0,301.8459627613057,0,351.7735072443618,0,689.8604469724763,0,229.99335474544978,0,1300.822153033274,0,363.5641732741902,0,70.0,34.0
418,M/E,19636.888006779995,0.0,4,265.0732734505218,0,12.90255266240102,0,47.93729240963648,0,206.67770329335897,0,878.3559244264352,0,252.05113638058316,0,138.71153902032572,0,1113.1201586523946,0,394.2727586246111,0,98.0,48.0
419,M/E,24985.458845069177,0.0,5,263.2966285882242,0,0.0,2,0.0,1,266.01827154330334,0,805.7076063540643,0,320.36315102816667,0,61.87173373053929,0,1148.7237730117704,0,352.2314921794855,0,110.0,54.0
420,M/E,42108.78701023554,0.0,5,265.4745237623918,0,0.0,1,0.0,1,332.37740561670574,0,729.5689490158696,0,391.6558315075569,0,6.00087758680052,0,1188.1732829558275,0,319.210243570081,0,114.0,55.0
421,M/E,16311.746682369185,5.559065973343683,0,639.562462486586,0,0.0,1,62.58928358959364,0,367.6676870480321,0,1003.6386881143079,0,621.8591754714208,0,63.107938190713355,0,1532.1452403349795,0,694.0419807901352,0,0.0,0.0
422,M/E,19535.641166040074,0.0,4,354.01312940794224,0,69.46639821178806,0,69.46639821178806,0,390.9372229716792,0,678.9943242905573,0,486.85898507009074,0,79.20472875498969,0,1289.386081613753,0,376.73347229160015,0,92.0,45.0
423,M/E,40681.73633868614,0.0,6,242.32604230356955,0,158.65796118850704,0,216.3144546290416,0,409.55896455675406,0,574.7535062790633,0,651.5383420014533,0,49.448653688598505,0,1431.9362760315532,0,448.1111891395638,0,156.0,74.0
424,M/E,20064.27796489367,0.0,3,314.0749014574404,0,137.80829365464896,0,137.80829365464896,0,425.569130520406,0,637.8043357642872,0,582.8595396493006,0,167.47459516547457,0,1388.1563432249009,0,445.79186998043787,0,68.0,34.0
425,M/E,41096.768494192365,0.0,2,229.91899997993687,0,329.6779713716764,0,329.6779713716764,0,636.2152648709208,0,566.5524668674965,0,921.9907132762964,0,130.44668802835702,0,1519.478982168958,0,727.916587254813,0,30.0,15.0
426,M/E,14069.337603401284,0.0,2,221.08378758125178,0,304.51532981602253,0,304.51532981602253,0,544.769911125963,0,597.6420103699448,0,782.3431884727539,0,223.60090509082028,0,1537.2282920076511,0,598.2762586788888,0,50.0,24.0
427,M/E,9740.756928790364,32.283611228079366,0,612.1439841303525,0,135.7791173695917,0,146.47917518634392,0,517.5667231158961,0,988.9783971145541,0,765.3977231282636,0,15.026828583556897,0,1664.8665748677092,0,830.529250385124,0,0.0,0.0
428,M/E,11566.49136594174,0.0,1,167.886960842842,0,360.27831822577656,0,386.0013604807733,0,546.782918933795,0,535.2709870897702,0,850.2292092557501,0,392.442501526028,0,1487.020076408943,0,620.8077863493505,0,26.0,12.0
429,M/E,10924.253173410572,0.0,1,237.26612391646404,0,386.66727641683775,0,386.66727641683775,0,624.2757282171295,0,600.0915346721546,0,895.2633070835449,0,290.4452064056144,0,1552.8909808039746,0,695.9950302990956,0,0.0,0.0
430,M/E,4989.290213027583,0.0,1,183.4094780761031,0,79.91117927720391,0,183.8515873160242,0,313.0702631076836,0,711.3396929263093,0,381.6444192372261,0,7.308928528001414,0,1122.127031710402,0,235.36096745110504,0,30.0,14.0
431,M/E,40429.62366348609,0.0,8,367.9572419348213,0,1.1871388504216398,0,24.306690342713033,0,136.9842033010003,0,1230.2891395717872,0,288.2889005537126,0,0.0,4,1002.467366703356,0,379.9155512822579,0,188.0,93.0
432,M/E,8075.085248337387,99.95057674074215,0,143.68651207168924,0,118.79980009831097,0,234.71424667917105,0,360.2372780353257,0,745.8043329570471,0,632.269336042624,0,106.323989855999,0,63.67992710270758,0,442.5301149128817,0,0.0,0.0
433,M/E,12698.807269495477,0.0,1,415.09869378418944,0,86.82416344657385,0,135.45297738790808,0,59.500159651543235,0,1266.3378518320537,0,500.0644207584507,0,29.565382484502894,0,289.5733608606293,0,739.1181477385778,0,20.0,10.0
434,M/E,12118.480645417834,301.4775487021933,0,150.6908893865511,0,43.971211105518165,0,43.971211105518165,0,226.10469530538063,0,2507.3991177674743,0,530.2564853661314,0,132.9953459385905,0,3083.0657251387456,0,914.3347644493133,0,0.0,0.0
435,M/E,15253.114989869122,341.50565139872947,0,506.5712899142789,0,163.84997240761194,0,391.220935077105,0,700.6228518503183,0,1732.1360459952275,0,526.644551417917,0,525.3554336713737,0,2219.774702657215,0,819.6433408539256,0,0.0,0.0
436,M/E,6437.599935867209,84.66948261006563,0,494.697844399717,0,175.96046156374103,0,727.3878981868172,0,430.04001736846897,0,1844.6615807816443,0,150.42945039599022,0,60.68567940210306,0,1255.1925137845371,0,1121.3989654362588,0,0.0,0.0
437,M/E,45560.444067808174,213.42909143424023,0,760.7778405896911,0,300.35586752184054,0,856.8077358904504,0,530.8256036826333,0,3398.8273485797713,0,594.7405436736062,0,168.96331765710949,0,3252.472717560852,0,1551.0162248757288,0,0.0,0.0
438,M/E,20415.24735668204,36.56052845468706,0,511.0277124577154,0,157.3337800392648,0,157.3337800392648,0,32.50194264440875,0,2095.892163539417,0,128.2051313663123,0,20.296341493156305,0,2875.6049699777514,0,666.7943491625352,0,0.0,0.0
439,M/E,9145.946693035072,337.0950232294721,0,319.41815362866265,0,178.91871235060475,0,180.1195141996095,0,330.9003127255782,0,2317.241837148305,0,461.3160578408767,0,326.20238943432014,0,2675.9042057432835,0,996.9753764439764,0,0.0,0.0
440,M/E,17919.687000521415,0.0,1,546.8721331308549,0,40.25971618656033,0,40.25971618656033,0,93.4652377877105,0,1125.7162339107285,0,443.5403066441329,0,14.678057500802279,0,156.69513333622052,0,554.3148404325468,0,18.0,0.0
441,M/E,35275.05501833673,0.0,6,154.90052786969633,0,222.1256470261771,0,222.1256470261771,0,179.23620831748806,0,2323.0575822960263,0,299.951037117357,0,341.7384087284119,0,1735.3760668314142,0,7.10318244782604,0,159.0,77.0
442,M/E,2583.4407119392918,54.77499034535141,0,165.63010576207384,0,0.0,1,95.8950917876317,0,93.67273325899741,0,963.6986973656042,0,19.994476438158454,0,57.57625698275006,0,841.8411611434607,0,586.2632286741208,0,0.0,0.0
443,M/E,1838.290629882789,211.1348150362366,0,501.47349188094285,0,147.56434348383405,0,147.56434348383405,0,5.459453257165006,0,2327.7668209382496,0,330.32398440869616,0,30.94535125520512,0,3026.586951584807,0,835.218415464995,0,0.0,0.0
444,M/E,2344.1562396106397,425.1895156662768,0,969.2890833312835,0,58.262872222461596,0,58.262872222461596,0,486.18673373318586,0,1197.889986953684,0,805.2105153106082,0,115.28766236411914,0,1961.556883649802,0,632.1235821712431,0,0.0,0.0
445,M/E,5100.805118816023,0.0,1,182.60522306404664,0,23.952571531927024,0,23.952571531927024,0,159.633776202598,0,802.9608525944734,0,222.9923265318625,0,134.59241244055715,0,1039.753776989619,0,330.85344956127057,0,26.0,12.0
446,M/E,12989.534740476163,7.915803763765491,0,70.9513909224992,0,34.79909325294223,0,34.79909325294223,0,146.46991135536888,0,676.5577359035603,0,219.31550077060635,0,87.47070299653602,0,953.189377380721,0,214.76230915308426,0,0.0,0.0
447,M/E,5166.897497183507,0.0,1,178.2740232712341,0,77.61019561827375,0,102.75890985953612,0,233.9464652610172,0,766.07454821879,0,300.76034481236985,0,59.17853863797474,0,1078.4306693813787,0,276.1096965580056,0,26.0,12.0
448,M/E,37461.4327469592,0.0,6,570.8110522026747,0,0.0,1,129.13057875441976,0,183.57000217888026,0,2619.3266070713166,0,112.00645920151187,0,47.50991615942675,0,1833.7593861699997,0,3.933491541872797,0,55.0,24.0
449,M/E,5239.776200506407,100.88796195972849,0,560.1053197504494,0,189.15079318105805,0,899.2398099500933,0,180.13488645807143,0,1690.1975805153222,0,358.99873604354235,0,77.47307454891127,0,1215.5586075148815,0,1178.8037812240552,0,0.0,0.0
450,M/E,2090.190320913936,81.16335433883076,0,843.6130694457257,0,474.2975384395085,0,1005.151001719864,0,258.97482873767854,0,1855.7695003582073,0,538.5353704579968,0,354.3609260322013,0,1475.1601142308334,0,1385.1987453648999,0,0.0,0.0
451,M/E,8699.888938304974,282.5575612927956,0,388.3370234140485,0,55.5136057271756,0,55.5136057271756,0,55.85278828444902,0,2388.023511177819,0,407.8566004170671,0,0.0,1,3019.959812415726,0,802.7362284490972,0,0.0,0.0
452,M/E,42742.41340694633,0.0,8,332.3486848048284,0,0.0,1,13.914864302915207,0,59.364633785791995,0,1171.7118550084394,0,221.80546694763336,0,73.63513975306874,0,1003.0554624864836,0,379.19423561540555,0,174.0,91.0
453,M/E,45307.254870781944,0.0,8,312.0630394259394,0,0.0,1,33.35874335595157,0,0.0,1,1116.237200370551,0,166.31613501878044,0,14.916157088011836,0,1007.6980972539053,0,366.2053903506301,0,181.0,88.0
454,M/E,44198.32564342908,0.0,8,306.31204573419313,0,54.43462580096679,0,107.60906381825843,0,0.0,3,1062.016198068151,0,130.90641499852785,0,5.495744584443647,0,1018.0607919909413,0,427.8115810873239,0,175.0,85.0
455,M/E,1036.8057744003745,510.5270651988228,0,989.1010222800954,0,160.38268389250487,0,160.38268389250487,0,267.08137284696835,0,1335.2488001547442,0,606.8157661585514,0,182.53812847950033,0,2300.471582903276,0,415.8364171540013,0,0.0,0.0
456,M/E,1098.7598648356325,89.33869643669024,0,723.2041948358655,0,416.4474434168615,0,416.4474434168615,0,420.9678004809539,0,1643.0467970528307,0,159.42896527846318,0,171.70475747677952,0,1521.8710117251399,0,1109.7499349067011,0,0.0,0.0
457,M/E,1893.9502357192077,237.01866615119658,0,857.5954220487984,0,269.00837834291275,0,269.00837834291275,0,505.9625344236767,0,1556.665381451505,0,307.01140553326843,0,133.69155050083214,0,1657.8568851905648,0,1146.296146926769,0,0.0,0.0
458,M/E,1086.382393594422,155.10335319491062,0,757.0173661482709,0,370.1964529640447,0,370.1964529640447,0,412.862678016686,0,1566.923667558509,0,221.01657876446592,0,95.97497725212568,0,1557.3250906189376,0,1074.3764790128093,0,0.0,0.0
459,M/E,2472.2436537914414,242.4174672889307,0,824.333648817949,0,285.37264710581957,0,285.37264710581957,0,569.7460469807558,0,1654.1960172790546,0,311.2675171126989,0,224.72766288091526,0,1683.930185517108,0,1228.7391441616076,0,0.0,0.0
460,M/E,41773.952572521426,0.0,6,387.25852488751445,0,72.73133396251146,0,104.13616956612947,0,150.5046693387705,0,1018.5493337293818,0,204.96047867625728,0,23.431095332502046,0,1119.276512748818,0,522.2904265752107,0,147.0,65.0
461,M/E,31547.739707783505,0.0,6,452.74446959390957,0,146.88448844656446,0,224.4619355036861,0,75.13133252637785,0,1140.0713421216626,0,272.74866092811106,0,101.8405466730899,0,1174.682335908994,0,497.64520536690713,0,124.0,60.0
462,M/E,1912.4968047325387,71.40538721108119,0,260.51351346051814,0,196.5039955559009,0,616.878052851914,0,371.6295355601923,0,1415.1605828465415,0,541.8823487492396,0,106.62015248991358,0,804.1854583018014,0,836.4353920273923,0,0.0,0.0
463,M/E,2788.5794116365287,888.3305086174765,0,1440.071303874471,0,1006.3353627550591,0,1478.9856965792883,0,1236.6336753734506,0,3840.820257048877,0,158.6489565354951,0,192.6816376141981,0,3713.2020411440135,0,2183.56280544509,0,0.0,0.0
464,M/E,7388.766960912081,766.8247789195204,0,1335.7166147116861,0,1011.7577865689171,0,1287.2664904951976,0,1237.8413184236158,0,3977.222413859137,0,46.73935132447956,0,0.0,1,3928.16169437248,0,2038.3985456259634,0,0.0,0.0
465,M/E,565.9895311127035,888.7127258945733,0,1440.4290033627963,0,1024.6484499854282,0,1453.2764105465546,0,1254.93510277632,0,3966.9553409004952,0,134.24230161965835,0,167.64912842694167,0,3863.547049110324,0,2176.461726396927,0,0.0,0.0
466,M/E,132757.0808981579,0.0,21,8.10248871298665,0,6.9737597477381685,0,7.943849899732232,0,31.473675015994576,0,2531.4444621874923,0,72.81689330821762,0,79.48614948572417,0,1825.5999084517132,0,32.97781873187282,0,389.0,197.0
467,M/E,906.6597262475291,66.13940796918531,0,319.5970498067045,0,86.1324966684495,0,86.1324966684495,0,148.7552401828794,0,2556.050078124428,0,166.18702428935123,0,218.59659188999078,0,1876.4759495415633,0,310.41567699687124,0,0.0,0.0
468,M/E,192.0764255465098,48.303410617563365,0,253.60383795454112,0,167.73617383786114,0,167.73617383786114,0,238.47861393110176,0,2626.491996966112,0,251.5520903057883,0,307.4064402476411,0,1960.121021576261,0,270.5465473385693,0,0.0,0.0
469,M/E,458.49001510814037,9.46374775108062,0,240.08573901374194,0,169.79381322269325,0,175.43342761713131,0,248.78158205041754,0,2700.237680900582,0,265.15087100535067,0,321.57518299131254,0,2027.8524296662843,0,294.3843269826543,0,0.0,0.0
470,M/E,16255.823039540073,0.0,5,387.4963839077903,0,106.78314824414348,0,106.78314824414348,0,105.01719113400074,0,2193.268938566749,0,171.16956323251867,0,182.9179321458293,0,1620.1957462969813,0,117.59691082515008,0,101.0,36.0
471,M/E,15138.28894305156,0.0,2,317.08904803689524,0,150.59478792894294,0,300.7875950947937,0,388.4419762929404,0,869.2408313061876,0,847.523630120036,0,125.04143660764245,0,69.55371587363193,0,230.2639066219255,0,16.0,8.0
472,M/E,5466.650548006663,36.020110903907465,0,283.2524849347431,0,72.97276525220138,0,453.0283930350368,0,556.1780340385246,0,809.780952563594,0,786.501342311321,0,39.104787364653966,0,117.93073019966815,0,407.5095833128461,0,0.0,0.0
473,M/E,159669.1697517236,0.0,8,155.01111801181673,0,0.0,1,637.4521273997335,0,537.1835388598624,0,930.6915596424102,0,690.4888740682051,0,99.29405121754088,0,444.4254953399142,0,346.7778024031193,0,86.0,38.0
474,M/E,720.7467738901693,83.26843355485464,0,239.23669312389487,0,115.24301788164264,0,899.2190922246978,0,843.3707506768205,0,1062.1024231344563,0,1264.2110509307172,0,207.25713347180468,0,622.0053790915464,0,500.02284540434465,0,0.0,0.0
475,M/E,656.7308863199861,72.23614033453268,0,397.537149997199,0,293.13956174239013,0,951.7059790164683,0,660.0317597442506,0,1494.968937209543,0,1024.8473803084369,0,564.5891130746861,0,912.0835682251485,0,597.085956389868,0,0.0,0.0
476,M/E,48234.943450503015,0.0,6,0.0,1,24.975484596515287,0,24.975484596515287,0,8.255999745186818,0,832.1349686652836,0,103.0847679850646,0,11.882798138509989,0,616.7855910681218,0,563.7368275953872,0,145.0,67.0
477,M/E,28772.303679999124,0.0,5,444.1191169594326,0,60.922655294815705,0,60.922655294815705,0,505.99178625837516,0,820.3174980126306,0,646.2111945735672,0,42.94993633373402,0,1527.3561364328295,0,661.3269188167314,0,66.0,30.0
478,M/E,103196.67314167543,0.0,6,0.0,3,0.0,1,157.4089973198548,0,417.9508664292635,0,468.63018136268863,0,320.658438287951,0,18.702295497347567,0,163.17434880546097,0,518.3489731599713,0,85.0,43.0
479,M/E,15455.383672984222,0.0,2,320.1103182804121,0,340.2691675143727,0,348.44633116922677,0,490.2561444232076,0,32.27016522131655,0,657.1693000779619,0,123.15996994095521,0,910.3845340864748,0,668.6476073514318,0,44.0,22.0
480,M/E,2498.9490086355877,18.828326025661372,0,346.3118265377762,0,26.94282692903413,0,118.97213154740439,0,215.31225414069942,0,800.486666077703,0,716.7409811180175,0,141.2173274406964,0,322.17207054741027,0,580.3124691583445,0,0.0,0.0
481,M/E,11391.630244678483,4.394057284256607,0,225.14621513962396,0,0.0,1,112.36472797850672,0,403.9369946965335,0,373.1460377299947,0,195.81912537739188,0,90.48653209825444,0,497.5669119580141,0,579.186181028857,0,0.0,0.0
482,M/E,259633.48094759425,0.0,11,340.8946766004272,0,0.0,1,636.2696057687172,0,913.6173942089919,0,461.30083348864264,0,918.6877119398736,0,5.865405702991665,0,664.4857099588371,0,731.2179410220825,0,175.0,75.0
483,M/E,441.9393845819218,72.69468451654207,0,828.3057498535103,0,274.77904176865985,0,995.5883236746145,0,1161.2727072397365,0,712.4957184585617,0,1304.245674429749,0,508.8281030700273,0,1197.1926917940366,0,1323.784903335495,0,0.0,0.0
484,M/E,1057.343531770282,0.0,1,747.1437129078582,0,193.4780485910718,0,988.6886876206927,0,1184.9349590625009,0,728.7395030994097,0,1292.145618577679,0,445.0668819011539,0,1136.5660570157054,0,1249.287279800536,0,18.0,9.0
485,M/E,456.40611971753725,53.887266614021264,0,699.1172105486306,0,152.3356672170295,0,1044.1105488606293,0,1251.292113110036,0,793.8565485106719,0,1344.2679902486964,0,455.781410059524,0,1148.511772814424,0,1238.2167843647103,0,0.0,0.0
486,M/E,487.3746577202994,16.585051137335256,0,715.851687397642,0,168.3283729162694,0,1026.5666396581387,0,1229.2561355165303,0,772.5033730688317,0,1328.0214769903594,0,457.02648059903544,0,1150.0654142936592,0,1249.245270201643,0,0.0,0.0
487,M/E,993.3251138157418,22.200897371296406,0,645.0890719890135,0,109.91068168876653,0,898.8505903219904,0,1128.7077915867242,0,670.1516319078382,0,1194.8416357191763,0,307.5066491016884,0,1000.041526417944,0,1113.1084170546246,0,0.0,0.0
488,M/E,799.199149004575,102.50809464109234,0,577.6672417429079,0,36.857014038949465,0,1030.4311574281699,0,1264.6064553494552,0,805.986810496783,0,1322.5456646234995,0,382.1084556710806,0,1065.2252184947363,0,1129.7816971093082,0,0.0,0.0
489,M/E,1001.5974305146113,82.85063455834515,0,537.063318949253,0,131.03019646893512,0,867.6590101927434,0,1135.7802531266086,0,684.15438359508,0,1149.1873782048208,0,187.24632325894973,0,877.1351911759997,0,976.2042580819907,0,0.0,0.0
490,M/E,667.0595248891044,44.134247665960814,0,413.3985645310456,0,286.6731622482691,0,848.3000712845738,0,1126.720431769187,0,748.0446481576499,0,1094.4384750014262,0,78.17482676698178,0,699.8708107525271,0,765.3330484461308,0,0.0,0.0
491,M/E,2001.2174986266125,141.52290439166043,0,244.50324443465055,0,84.20051688452524,0,84.20051688452524,0,424.54850668977485,0,563.458637904919,0,492.4199679509468,0,108.27621314275103,0,362.76444507847623,0,715.1203603085899,0,0.0,0.0
492,M/E,7471.631439599011,9.627491979162945,0,570.2153012474324,0,245.30638553491966,0,487.7497296039281,0,714.6672380227939,0,263.23816920900765,0,794.7347959424902,0,14.62428493066193,0,821.3935301424265,0,892.6952917884837,0,0.0,0.0
493,M/E,528.6866510172638,163.89517503101206,0,416.8402934582037,0,121.32845285072962,0,311.87758497301445,0,648.9099291736673,0,313.1315134069396,0,562.4670260279759,0,190.90113619324563,0,581.9569668950704,0,814.782968413642,0,0.0,0.0
494,M/E,1641.8032068822636,14.138959256810217,0,475.19207207042047,0,178.66000643132602,0,287.9442329197018,0,248.81236374134977,0,170.17354968383773,0,118.1127160629536,0,141.05246266614523,0,717.0217361093652,0,614.8062477731582,0,0.0,0.0
495,M/E,1336.2578119380598,455.2838575400443,0,738.8899432105017,0,24.803004903642794,0,517.3977004315211,0,182.65999745287266,0,1017.5056925776256,0,749.122383878251,0,122.73510096073295,0,969.4350311965107,0,1045.2013685996262,0,0.0,0.0
496,M/E,477.09192045127816,456.9655717512497,0,706.7463004736088,0,18.154421441262972,0,528.6507225092342,0,224.88338883367302,0,1002.4599392797572,0,725.7747824403605,0,142.23524638210935,0,995.4661990922664,0,1012.303241547011,0,0.0,0.0
497,M/E,1765.717621752914,24.673303350420316,0,366.6381947252343,0,112.09720334337258,0,112.09720334337258,0,240.4585778221472,0,402.02054920173043,0,416.8487456616981,0,90.84000673942312,0,537.7435304210426,0,703.911467336071,0,0.0,0.0
498,M/E,3816.4791419795506,109.06683887719383,0,391.3561578329606,0,42.259214556482654,0,99.24705646599328,0,0.0,1,276.71805431207355,0,454.7205019270156,0,72.91642434298984,0,586.4795572964449,0,203.03446961097052,0,0.0,0.0
499,M/E,48608.522059537034,8.365177189392075,0,222.95556792112396,0,9.479974058788855,0,9.479974058788855,0,5.52989441625434,0,310.792473865536,0,362.92857435002225,0,3.9643413392110847,0,20.610395382750973,0,39.58852569080805,0,0.0,0.0
500,M/E,35336.77036226621,0.0,1,383.3413269333233,0,133.10661210005338,0,133.10661210005338,0,16.987136941059354,0,204.7942744580213,0,180.32615388608886,0,15.489396328792978,0,909.1858388963865,0,171.25209275681286,0,14.0,6.0
501,M/E,18906.483709505286,22.343980001376277,0,410.38627497290713,0,0.0,1,0.0,1,101.1221022913505,0,132.60199475632953,0,242.65669701585605,0,2.215051943390803,0,765.0776912851952,0,274.2271656838454,0,0.0,0.0
502,M/E,70466.06645612775,0.0,2,228.54693651626948,0,0.0,1,13.521576363506584,0,361.24793831159997,0,72.99740918121596,0,238.91747395444511,0,12.08283235381365,0,475.293154021154,0,526.241229565296,0,20.0,12.0
503,M/E,592.732069633334,74.06245512994806,0,287.42775548003084,0,211.88937514034075,0,276.11762409321636,0,630.0148568045188,0,437.4874879383785,0,452.07542008999803,0,346.7916006404095,0,496.77499870429176,0,802.2617821244802,0,0.0,0.0
504,M/E,9588.389775818428,0.0,2,456.61057907475663,0,270.1061680777835,0,450.72753671400295,0,629.4307786259583,0,173.214434172382,0,761.5964969440316,0,35.915887568932625,0,854.0224177858512,0,807.269932845967,0,30.0,14.0
505,M/E,6687.035612364842,0.0,1,459.7468392910798,0,39.940558710624174,0,645.1463501390494,0,870.2650043951681,0,659.5711212142152,0,845.7651126276822,0,11.00226394899588,0,430.3897559306264,0,613.7444536510601,0,10.0,5.0
506,M/E,20740.165656201658,0.0,1,200.9887869037022,0,19.686642753324502,0,184.45250653617293,0,104.6156584198525,0,1347.299552817003,0,390.9714707792095,0,0.8716260449059204,0,510.97330399277894,0,934.2632448542682,0,30.0,10.0
507,M/E,1028.451003743645,25.641467160612482,0,301.6007291821576,0,70.7762630073865,0,233.96553656867584,0,174.61159924735895,0,1403.0108342283618,0,437.11109363128196,0,74.53862490373501,0,582.2402638329864,0,1002.9239679579802,0,0.0,0.0
508,M/E,867.3503601606799,56.17026714210379,0,299.8661730331508,0,10.66871410936617,0,10.66871410936617,0,263.4109932027775,0,1184.689274258359,0,315.89125042429504,0,0.1185675441285975,0,843.7879906777976,0,869.2699945528025,0,0.0,0.0
509,M/E,22214.59944752955,0.0,1,156.86624456441496,0,189.01285451288734,0,189.01285451288734,0,0.8365554590865453,0,936.739381656328,0,46.49944859463808,0,0.0,1,462.55728548806155,0,682.1824403001082,0,19.0,6.0
510,M/E,282.91327411555824,39.16106771449384,0,305.18166361575214,0,285.044661898071,0,285.044661898071,0,122.42722523698063,0,1030.6073758000516,0,79.22070046476804,0,71.53452367138054,0,500.2895675575556,0,765.6268539705093,0,0.0,0.0
511,M/E,15831.250342258782,0.0,2,390.13028108098115,0,185.8390888667365,0,232.10149590494555,0,24.606063575751246,0,1165.6686908643774,0,189.6551083545768,0,0.6138179804575238,0,533.0192175786838,0,862.3480887576791,0,34.0,14.0
512,M/E,2226.56505578416,40.303253128249715,0,733.7374903718037,0,317.42748605259806,0,383.18685780123934,0,290.0544980731882,0,2026.545428126691,0,83.91958545222023,0,123.92146372895726,0,2846.880524489662,0,605.1112250703713,0,0.0,0.0
513,M/W,12709.315251860553,0.0,1,362.61727312095167,0,164.6945320628954,0,164.6945320628954,0,361.1810909533465,0,2677.9310609411505,0,715.011675787576,0,37.47086546669659,0,3383.59520742989,0,562.9116273153094,0,8.0,4.0
514,M/W,28876.108858885982,50.94082019241987,0,335.7902832686653,0,141.2875515595227,0,141.2875515595227,0,59.60690031860488,0,2428.986684188117,0,417.32274676007273,0,7.321842940383176,0,3193.9619786849953,0,689.5469098121957,0,0.0,0.0
515,M/W,29670.334812162142,350.1756002089967,0,614.4051921530819,0,11.600553376168858,0,65.23374823382986,0,292.26500168447075,0,610.8805251902791,0,968.5769228522934,0,104.34524610201206,0,1512.4462584209095,0,263.45128934309395,0,0.0,0.0
516,M/W,31471.57493756869,356.668308968098,0,638.3390394350475,0,0.05158154436241966,0,0.05158154436241966,0,395.10246644517315,0,701.8343050828585,0,1023.7618325229944,0,52.08319243554501,0,1588.4760478312874,0,293.5107343560501,0,0.0,0.0
517,M/W,10514.63124102474,216.3846279345262,0,620.9223824240888,0,52.13051885261349,0,161.14749105779055,0,356.86321827380135,0,905.1387545448202,0,1031.1619604064133,0,14.916992625532941,0,1853.1744878420482,0,366.11291688458556,0,0.0,0.0
518,M/W,5262.542873556099,299.9991165791197,0,633.1068594881026,0,87.67617267115173,0,87.67617267115173,0,470.2905750560646,0,821.8132570068504,0,1119.0315132553922,0,103.8148920171066,0,1776.2768568197841,0,322.62669498205366,0,0.0,0.0
519,M/W,5390.540873374755,294.83223894531443,0,592.2556791772246,0,49.76339725783043,0,49.76339725783043,0,462.4408756581344,0,720.3561901024822,0,1183.9601966280345,0,191.4745733521654,0,1680.788566207093,0,257.12134454976666,0,0.0,0.0
520,M/W,9492.432530867058,239.95698416262493,0,535.6493256215233,0,90.0563491010461,0,112.07035924312166,0,413.26118049092094,0,699.4700898871116,0,1115.052201915049,0,101.46784793267052,0,1701.0224623526974,0,203.03336046360735,0,0.0,0.0
521,M/W,9132.953172827918,84.27025810630599,0,479.43651533084267,0,72.05017598714936,0,214.75173178007086,0,268.94051253802394,0,831.5952321357094,0,1098.5617388186536,0,5.010849804776265,0,1860.0654998563355,0,273.8948417931721,0,0.0,0.0
522,M/W,13346.550697063407,133.8676498717865,0,534.169961961959,0,40.38743839739729,0,40.38743839739729,0,104.85998428457141,0,1102.5982498481942,0,989.7951010195367,0,295.5826573748549,0,2252.3578010549472,0,468.9707544599338,0,0.0,0.0
523,M/W,1883.5523215963638,329.0975889980747,0,443.77206585703806,0,99.03858064769483,0,262.7118180292033,0,219.94421345637673,0,451.91312153000007,0,1131.6667476170217,0,55.751880337897134,0,1518.823805260868,0,132.73883330180192,0,0.0,0.0
524,M/W,685.6602707515127,100.32620418977942,0,620.9470672378111,0,455.85223045139975,0,473.6174480616474,0,75.8843895382526,0,925.6111819485897,0,103.1572833537242,0,58.300384999946324,0,1480.8358556398823,0,932.7380346867149,0,0.0,0.0
525,M/W,1131.756573174753,127.80743115021505,0,640.9834594256615,0,482.1267977247135,0,501.2161616596049,0,49.51342324340763,0,917.5621730921177,0,62.467669585894846,0,15.704802322129392,0,1432.1123819530642,0,906.6754336220815,0,0.0,0.0
526,M/W,10210.835875258788,43.712887200036825,0,242.20920346253774,0,267.5654048210359,0,325.5197291115569,0,370.35150082075836,0,507.26372713312475,0,417.91474768620577,0,81.12715294921072,0,1400.9209259181598,0,529.0356878183587,0,0.0,0.0
527,M/W,1030.561290250573,151.74328362123757,0,312.68966626555726,0,273.56221428016767,0,443.53645855314454,0,351.0638594987967,0,466.8085725024251,0,531.4566838624404,0,121.52675072875391,0,1409.7020615852173,0,540.3747331218091,0,0.0,0.0
528,M/W,2472.1081625310917,10.019094811982692,0,463.64281330693797,0,230.80221148584513,0,361.72075953611716,0,436.75854142825517,0,425.8545267116823,0,486.7165108448474,0,9.523741262996829,0,1145.481871592323,0,645.5429831922469,0,0.0,0.0
529,M/W,46263.52103594381,0.0,9,305.7189133182099,0,160.87602991426587,0,214.63284411136422,0,89.61572398410213,0,808.3006663701607,0,1226.1163591565467,0,22.14465425802277,0,461.25902190625504,0,175.58867324863647,0,106.0,32.0
530,M/W,547.2875011954877,168.82454595076194,0,578.2672381589466,0,79.55596949855148,0,252.26391793851332,0,297.86990780216917,0,177.6845355467829,0,1091.598673934207,0,14.665275764601056,0,1248.118839296665,0,262.2703602685899,0,0.0,0.0
531,M/W,1028.4237703828956,67.47212111752432,0,672.4035571960844,0,146.48062732143245,0,306.39392281596224,0,119.81791585626387,0,1089.3205402360893,0,1334.010847182825,0,54.50769164298839,0,482.2424968854225,0,465.3773256672301,0,0.0,0.0
532,M/W,2096.1100228569458,35.6858291069696,0,556.5289831901282,0,141.37068402787466,0,285.4580707149759,0,197.56458417216265,0,1088.4615645325255,0,1411.1859603401415,0,88.1097306117484,0,498.73042620879625,0,474.2709845872351,0,0.0,0.0
533,M/W,29357.03570799335,0.0,8,225.51426550917122,0,254.6357947083601,0,289.9352355414666,0,254.87562117686335,0,239.5779078478377,0,902.2027779628014,0,71.19616910051727,0,641.3664737991468,0,48.98334562667072,0,97.0,42.0
534,M/W,38759.81981245846,0.0,5,130.37550800170862,0,250.11427429331425,0,338.5388160692799,0,212.35591912593526,0,261.86479167280805,0,811.2296092010383,0,180.39040260789855,0,669.3161374720329,0,169.65398802273327,0,69.0,44.0
535,M/W,2465.941397202211,12.123098677601805,0,534.8376958947172,0,74.35430169554319,0,263.6515536145796,0,329.92379985856417,0,91.4220234009703,0,876.3260583504587,0,52.36401146290637,0,1203.9335118147385,0,393.8762831474529,0,0.0,0.0
536,M/W,1321.7457846643224,18.90760094460837,0,568.1366122030367,0,148.84962189433872,0,148.84962189433872,0,438.0030930846871,0,61.83246116973522,0,918.3658312136084,0,113.07532940930128,0,1139.700407555676,0,280.10428905001737,0,0.0,0.0
537,M/W,4646.78467437197,0.0,1,546.8880972677335,0,50.158626823376146,0,50.158626823376146,0,338.99754881181167,0,73.01176395908405,0,932.5606363544604,0,56.85714710601331,0,1067.866228008632,0,179.98420461225183,0,8.0,4.0
538,M/W,3657.5767791693993,1.7340590275057675,0,684.554324913464,0,80.4973615962158,0,80.4973615962158,0,293.99810690438716,0,121.77524829407058,0,1114.1207478499966,0,102.27487238084242,0,1071.837884145123,0,99.56642351013582,0,0.0,0.0
539,M/W,7106.528164747847,0.0,2,675.9039468701283,0,50.45205037213372,0,90.50221071852789,0,186.04525181330786,0,223.35909977760664,0,1211.0716935802338,0,60.096290873479305,0,987.7296526686438,0,19.318951816055183,0,14.0,6.0
540,M/W,1577.922674511272,275.9983046799476,0,818.5157080248371,0,352.06131181249185,0,431.29963485795633,0,175.38557522799704,0,542.0203782919477,0,1143.6103474307693,0,98.82958968039078,0,1129.4170956344703,0,314.4529194023555,0,0.0,0.0
541,M/W,69378.36864336721,0.0,11,25.341423188460453,0,57.67262670260761,0,152.82729408643104,0,46.09098878162029,0,1266.8688710445854,0,1020.8949641529341,0,0.06381465401671287,0,138.07798357782983,0,672.8271181669159,0,289.0,71.0
542,M/W,57377.0098652452,0.0,3,271.99100980365887,0,19.035186175154234,0,299.2239149233527,0,298.70052648242455,0,1396.726591950373,0,1242.4960337284133,0,39.34175519973875,0,217.77489472217923,0,838.3849797302069,0,98.0,48.0
543,M/W,8198.226165859927,304.8126220415778,0,362.77079341616417,0,240.24187733216203,0,664.1484132019798,0,79.27475250573934,0,1909.7373648535959,0,1770.9361096283,0,18.92509196678817,0,737.219421898774,0,495.1102819587342,0,0.0,0.0
544,M/W,1928.7461198864266,530.1082087579293,0,425.8111153456363,0,274.4630634748306,0,675.8295916527263,0,192.37237076378986,0,1959.1902612994227,0,1914.5144370493317,0,130.57418495298012,0,833.8430269465575,0,427.38281304699035,0,0.0,0.0
545,M/W,4086.722030886446,303.4240196165859,0,586.2305488121367,0,81.46060290839219,0,513.3174773346838,0,312.88715525099605,0,1695.9515279360328,0,1745.9394201420284,0,62.96712269375371,0,638.9497152255451,0,558.0640854643,0,0.0,0.0
546,M/W,6203.4855050307315,18.482051919362572,0,670.1719271785773,0,48.09089617409974,0,270.30630844574426,0,336.9447760332387,0,1400.6082075331512,0,1681.6359554085643,0,13.046737470546669,0,434.3240339681415,0,700.1481755270327,0,0.0,0.0
547,M/W,50960.66041128058,0.0,7,459.0529976694516,0,31.516544026561373,0,77.30167712380081,0,418.0532378041939,0,1288.0642114188904,0,1518.8521445714025,0,3.7690660534904548,0,143.12061372779496,0,780.8937492667973,0,124.0,56.0
548,M/W,1412.5287442118681,49.565748219168924,0,505.3980748013834,0,97.69916612646541,0,134.07247220062416,0,501.3172176920339,0,1356.5437668940226,0,1772.522441996514,0,141.53032509416414,0,201.01674429545056,0,911.261724200746,0,0.0,0.0
549,M/W,2422.363523948103,30.128129288310497,0,474.5441042341031,0,167.2330862721657,0,167.2330862721657,0,382.4274563916105,0,1167.8641428118651,0,1671.282017748776,0,78.60422065257318,0,328.0562285301626,0,630.4222941336743,0,0.0,0.0
550,M/W,7205.141317697045,0.0,7,598.7354969369027,0,123.81836986563704,0,257.86510543502055,0,251.78042737787266,0,1175.3784047423856,0,1494.6083632593686,0,128.18802451004362,0,430.3254036551943,0,585.724352375291,0,64.0,26.0
551,M/W,6401.842289178104,10.389832058307363,0,631.7898037463789,0,103.20733999976214,0,297.28160740253526,0,221.10427168510316,0,1209.1013206760663,0,1474.599024582653,0,100.17323206359069,0,469.51662059875116,0,612.3484328744278,0,0.0,0.0
552,M/W,1362.9677228104745,27.411795371337263,0,657.9324456246425,0,66.67784167912683,0,270.4801851294185,0,231.57019589570388,0,1173.4298734450938,0,1409.8338882658961,0,128.85973936634122,0,566.4733227275151,0,563.915112201079,0,0.0,0.0
553,M/W,5029.062684849006,252.92360602371826,0,524.7676112197113,0,30.330894546012072,0,84.4357215454412,0,375.6064388059008,0,622.199919025415,0,1237.2865126863237,0,163.6001342008656,0,1608.6259632633996,0,178.09998719539067,0,0.0,0.0
554,M/W,1788.8738947801328,1030.3889560227458,0,194.98790841667685,0,197.8944261781638,0,197.8944261781638,0,19.673829474045874,0,3266.715089281664,0,1386.494316408544,0,17.88827781968395,0,4143.308044263738,0,1323.0509311338383,0,0.0,0.0
555,M/W,12399.041793989336,9.992142454506466,0,776.3631880828972,0,430.40019514293635,0,445.5914455212296,0,236.7319445527114,0,2029.1509699515866,0,72.80609021988724,0,26.468816936991114,0,2994.5054618398117,0,481.5535205930979,0,0.0,0.0
556,M/W,3505.040203229519,281.4532305440954,0,1154.2522639933047,0,15.343956219986636,0,233.80042677865734,0,68.16157321660206,0,1605.9591257098054,0,382.6557434595069,0,40.34772732465626,0,2624.8521442398555,0,133.40934414961868,0,0.0,0.0
557,M/W,1792.788610156759,348.6476816787613,0,1115.7606681630293,0,70.39876012548683,0,164.39320489437338,0,62.42161247829651,0,1540.4287927793246,0,405.84911085264474,0,24.65248233078814,0,2548.635354889279,0,190.2158364730203,0,0.0,0.0
558,M/W,1088.4647894131824,379.7475053036217,0,913.0186801025043,0,12.246855738499976,0,33.32592369856099,0,150.05956189665133,0,1354.223589593817,0,675.153514707963,0,91.36609236412895,0,2398.0689770590757,0,208.49780501796425,0,0.0,0.0
559,M/W,1598.6061372951262,414.1691199585841,0,891.5616764902967,0,17.664170366146063,0,17.664170366146063,0,189.57162808175843,0,1306.5302748540428,0,684.1831634910961,0,97.77161456748901,0,2330.0382798585456,0,308.4759079051921,0,0.0,0.0
560,M/W,10130.646371359875,340.69021475898364,0,815.143993022565,0,163.9226691440638,0,169.39691313364054,0,326.35810987808,0,1152.0237859147578,0,710.730788255014,0,144.84445578408875,0,2097.651911230873,0,468.9281785746077,0,0.0,0.0
561,M/W,6935.470974103299,483.3160676702111,0,905.2513195898393,0,145.20353720495567,0,198.36951348443168,0,560.1317600945457,0,1103.284788146046,0,855.8856563434258,0,86.06997065959652,0,1970.750286727453,0,617.8233563388391,0,0.0,0.0
562,M/W,1375.562972821355,271.73959320302924,0,746.6955896306827,0,59.473044733722,0,145.74524554929718,0,179.15253201202802,0,1183.5593144278193,0,812.6898342450485,0,71.48580864464886,0,2239.091630191312,0,398.2975825321545,0,0.0,0.0
563,M/W,53767.52004448864,0.0,9,0.0,2,0.0,1,0.0,1,16.687854207095935,0,662.2784470714566,0,499.1951567700681,0,0.0,2,488.9181235592447,0,138.03240551833255,0,148.0,79.0
564,M/W,49463.366272778774,0.0,11,123.31037997577567,0,0.0,1,0.0,1,1.8061978531052978,0,777.063559354166,0,541.5545966844711,0,7.393356067684108,0,325.9283035939462,0,482.66997277485166,0,130.0,48.0
565,M/W,1042.8981626948275,6.9785785119111825,0,391.03112950464634,0,1.5551970487188174,0,1.5551970487188174,0,374.10151094898674,0,784.1754900834811,0,1505.0673740516079,0,115.16139378457335,0,515.249076325914,0,279.86795678020763,0,0.0,0.0
566,M/W,1627.3564324031186,131.76431254684798,0,411.0871522949448,0,133.98775909698844,0,173.54102457489606,0,202.11066935766095,0,1250.0210269478105,0,1140.3865367244252,0,171.3643580900982,0,721.7849486441289,0,266.13033221252806,0,0.0,0.0
567,M/W,795.0945265782332,162.5118100165786,0,271.38376508564454,0,184.98997285930534,0,252.44587705370077,0,75.33653618889704,0,1443.9824995094882,0,1066.666662764929,0,68.83484123598156,0,706.6933547403783,0,510.57889648889056,0,0.0,0.0
568,M/W,782.6902079340675,60.24625818025375,0,152.07854427561907,0,135.2721822176872,0,168.72926028421017,0,36.708406511612516,0,1532.2950142099821,0,1029.9453573288163,0,110.79183877424036,0,645.1570510041547,0,671.2100113037995,0,0.0,0.0
569,M/W,6982.067893841907,189.18442427371002,0,408.3747379857224,0,333.21282002841224,0,476.58983664258074,0,559.3064091888895,0,1913.4398846418499,0,937.588615001204,0,12.062857990409785,0,926.7938160683334,0,547.3225486065666,0,0.0,0.0
570,M/W,8200.221225185182,474.1360671065199,0,192.86219078530254,0,203.24505972870355,0,449.1862883554588,0,86.20832575687939,0,2014.685091562125,0,1932.5827695824348,0,175.06836846118318,0,867.4557223682176,0,289.79027433472305,0,0.0,0.0
571,M/W,5076.164962663907,0.8015221604350465,0,161.94168399632736,0,145.73957131381607,0,145.73957131381607,0,202.2323634563619,0,1595.946962226129,0,859.0262884706216,0,6.085493362309494,0,768.9394676673547,0,610.3044542087274,0,0.0,0.0
572,M/W,1061.5749294810535,463.7999090145561,0,817.7521317058792,0,334.9771068037657,0,636.2124309150369,0,56.030035501747825,0,790.3272733559088,0,971.4077600571022,0,60.62860629308307,0,1100.9216706360753,0,380.22549680324204,0,0.0,0.0
573,M/W,828.19350790162,480.82208064834487,0,832.371908958757,0,288.1494201974422,0,582.4298859719847,0,175.31555482996748,0,921.376087614535,0,899.5777207256862,0,76.852057728136,0,1093.6636582203407,0,280.85217536391355,0,0.0,0.0
574,M/W,2945.1221218126466,195.3456918369404,0,658.2591617345369,0,503.283319087899,0,503.283319087899,0,203.01704000180226,0,1250.18071423791,0,404.5613412939165,0,185.81762038420277,0,1415.3774519238777,0,720.4020061194276,0,0.0,0.0
575,M/W,970.6963107461826,92.5214281094388,0,334.1180570991646,0,135.5996357849057,0,597.2339428333626,0,278.32351114957,0,1746.553164142561,0,224.82336905485468,0,65.59411842287082,0,1112.5883548196534,0,956.6004748004874,0,0.0,0.0
576,M/W,5863.4274176967165,0.0,1,129.08825259906823,0,0.0,1,464.0694503510786,0,152.02865903308108,0,1625.6279162755006,0,309.84053476022393,0,16.82990291190727,0,907.1114966997394,0,885.84215453706,0,12.0,6.0
577,M/W,1612.9936863338653,18.354458838519275,0,259.19292790519677,0,114.0152982017007,0,521.6304072686769,0,204.13868765264218,0,1703.6434012572167,0,273.3295801908137,0,62.65277480988853,0,1053.6426228290065,0,886.4405759444496,0,0.0,0.0
578,P/S,28101.027834235254,0.0,8,570.4207687369337,0,52.970775599443236,0,52.970775599443236,0,86.23375435625735,0,652.4468629578704,0,209.7213037747777,0,170.82655046066017,0,398.824925884342,0,767.2046704710934,0,89.0,56.0
579,P/S,5694.840688966688,2.58124763577894,0,720.7666560366185,0,15.206238065121198,0,15.206238065121198,0,167.94031405898505,0,1077.4266867601066,0,469.41707453057285,0,204.54472528540856,0,532.6622706479633,0,989.9502218226584,0,0.0,0.0
580,P/S,2365.44212121891,8.78950056798482,0,924.8289535177046,0,288.0781216858192,0,288.0781216858192,0,405.35014184503984,0,1337.0794505366011,0,603.7797944142799,0,295.3311610108174,0,738.7412798159183,0,817.1932969015475,0,0.0,0.0
581,P/S,3807.961105493394,0.0,2,460.52853356979995,0,408.2888547532937,0,582.6624827410311,0,186.05338915214065,0,744.714883232952,0,1065.161020493202,0,72.78829584949393,0,1132.748249699615,0,873.6255651102277,0,6.0,6.0
582,P/S,3302.256674649713,23.41892708340181,0,512.6449510684758,0,360.8203583215606,0,487.9699492988974,0,153.4355821326164,0,649.9971236164959,0,982.2609415166498,0,37.10573412093352,0,1238.6516810176581,0,886.3502093918976,0,0.0,0.0
583,P/S,2020.8517623060527,373.12888333186726,0,70.78098162527837,0,552.9484530422998,0,552.9484530422998,0,175.99556952390597,0,950.3983548704457,0,784.8381045239748,0,28.066256336168177,0,204.52295399735934,0,722.6578935546064,0,0.0,0.0
584,P/S,2218.839140860094,27.408874650394786,0,283.408222425799,0,43.38539787628627,0,368.33143406848365,0,192.63436481617734,0,1128.6300669372213,0,1196.8966892301619,0,351.1595413113526,0,1083.579007620206,0,1121.6154744305268,0,0.0,0.0
585,P/S,6499.123679559592,0.0,2,919.4337161213675,0,387.0539483275442,0,387.0539483275442,0,50.121669166848385,0,132.01948252908093,0,724.2722819715675,0,58.539804178396714,0,1405.3474723825968,0,895.8072755689681,0,7.0,4.0
586,P/S,16732.97221486437,12.407127920296675,0,464.3679133151511,0,530.7720463270746,0,758.5987093129484,0,410.9817614187024,0,3104.661377568926,0,1599.576367785039,0,227.58003647481758,0,2667.5930436329254,0,1142.6665615299582,0,0.0,0.0
587,P/S,2722.770920701334,0.0,1,403.31100912515694,0,484.4334540565775,0,767.1485964774561,0,386.3560756526215,0,3206.3342188994334,0,1570.1937988198413,0,190.00290925144657,0,2618.217558016522,0,1291.7872892538019,0,6.0,3.0
588,P/S,2572.0760582003,36.251072396294376,0,667.6756432436885,0,852.2737824444389,0,1222.269730075514,0,1403.516757446661,0,3157.403768494364,0,2373.6584992733033,0,485.7964675171067,0,3926.7740895583065,0,1182.4871519680082,0,0.0,0.0
589,P/S,11505.366137991177,0.0,7,598.5384414082656,0,477.60083461099487,0,477.9126156341006,0,258.31524278459204,0,1016.0208954079241,0,1334.4683671685727,0,164.68586945204916,0,1783.4245789690149,0,995.9018027554474,0,46.0,26.0
590,P/S,6477.112058842325,0.0,1,460.6679558563697,0,445.58877236675056,0,445.58877236675056,0,245.91569021448313,0,1133.9729264084247,0,1373.9266712283988,0,180.05343500970974,0,1744.966495052226,0,1152.443822762877,0,5.0,5.0
591,P/S,204631.55988432703,0.0,11,536.164768486173,0,183.93743575468875,0,264.9183381864831,0,81.02143629387575,0,535.2977461245995,0,714.2971655982616,0,20.00044934082887,0,1579.4534369536755,0,305.0641210682912,0,132.0,64.0
592,P/S,1120.8294048712958,63.118104052771095,0,728.5555542764952,0,457.13883883457663,0,538.0612284572057,0,277.39188296595427,0,888.4305270339523,0,955.8512966701597,0,307.92655555034156,0,1931.7378931094493,0,709.1436190501984,0,0.0,0.0
593,P/S,4138.541059407708,18.27569759387335,0,670.2301423454711,0,603.1799663731068,0,658.7407547401168,0,445.56347287550483,0,1163.3107173486837,0,1351.446516249841,0,352.0039434872988,0,1965.4974400686808,0,1083.7115786960721,0,0.0,0.0
594,P/S,2064.1890924833247,135.24601544466523,0,550.9299819306331,0,452.49427090709037,0,482.2197223458701,0,403.7140629869237,0,527.7872445306916,0,659.1187329562799,0,24.619727931460048,0,1549.7925161687765,0,196.21711881708984,0,0.0,0.0
595,P/N,2545.4106233411353,334.58790951938454,0,1211.5786247663714,0,779.3866288319309,0,920.3494286691448,0,903.4522358583869,0,4521.971741350365,0,3478.1469103568847,0,0.0,1,5315.856615249943,0,1105.4379865149217,0,0.0,0.0
596,P/N,7169.964822162807,210.5715060778924,0,1547.3109653988524,0,100.49887581439269,0,204.5211537570012,0,404.2057472349419,0,1936.5936385953696,0,870.0984110704194,0,143.50796954592803,0,2998.8577003992023,0,2018.1672422078448,0,0.0,0.0
597,P/N,13260.41308292242,48.03866216084284,0,1360.2674265272938,0,36.31662699507405,0,36.31662699507405,0,327.2968954968034,0,1838.7649275703752,0,937.2648302234574,0,204.232156705564,0,3004.2562605217304,0,2036.6460650635615,0,0.0,0.0
598,P/N,31895.403669878877,3.508748108812307,0,1299.0640723672964,0,38.32544601626457,0,111.67692261263325,0,111.48042462983807,0,1645.52528189515,0,770.9843013733878,0,12.366651268693895,0,2766.486731460211,0,1816.818005906819,0,0.0,0.0
599,P/N,10077.823113152168,1.6106267390548066,0,1236.4824002915175,0,48.09907766038307,0,48.09907766038307,0,305.37129209971704,0,1765.329159190136,0,1037.9096108303045,0,201.05935386593606,0,2986.4276239382534,0,2050.8174278943266,0,0.0,0.0
600,P/N,13431.562118837954,0.0,2,1279.5599910930796,0,48.10071323410678,0,48.10071323410678,0,409.89977447516134,0,1873.1463022301189,0,1126.2684880499266,0,88.00594580513399,0,3091.5013327685474,0,2152.2179946314245,0,25.0,10.0
601,P/N,54120.9645583847,0.0,1,1027.327685498705,0,0.0,3,27.210761309053723,0,82.46798558771386,0,1531.3413463637771,0,857.6387996837205,0,41.88581527857197,0,2759.8311496432802,0,1829.480960463543,0,18.0,9.0
602,P/N,315.7743560374444,76.50990637476083,0,1131.2849646969569,0,9.678064965944994,0,108.50429438006547,0,277.1377524680215,0,1668.1512659561254,0,1103.757964943057,0,163.1857791551416,0,2924.6709732060904,0,2012.0274872201371,0,0.0,0.0
603,P/N,4817.022567612708,89.8154917949959,0,989.9796950370136,0,55.85561676217268,0,55.85561676217268,0,256.95176814178046,0,1525.0014343327991,0,1107.2159536270217,0,32.81395059649037,0,2809.758533998924,0,1919.4201967285353,0,0.0,0.0
604,P/N,3574.596513697586,13.992900591236465,0,1057.9147978884164,0,22.437080940688833,0,22.437080940688833,0,326.1416909542776,0,1646.6424551112075,0,1165.6141115746525,0,86.97584602937168,0,2939.004354029899,0,2039.8633207092146,0,0.0,0.0
605,P/N,15674.893431390203,0.0,3,1226.4575885102067,0,106.5709238651394,0,106.5709238651394,0,451.44918041818835,0,1872.697022578166,0,1214.0738630856547,0,11.237236563025867,0,3122.9345187161034,0,2198.955343344884,0,50.0,23.0
606,P/N,14442.812413670506,0.0,2,1136.703479342026,0,6.748545017184675,0,6.748545017184675,0,340.6909244677663,0,1758.1298701560781,0,1139.2757676539936,0,79.92579346028683,0,3004.033456534308,0,2085.1064218703677,0,33.0,15.0
607,P/N,5041.982220733703,159.88046851559747,0,967.0764253525383,0,5.636838365265437,0,5.636838365265437,0,204.43617198005782,0,1474.5529099420723,0,1047.4151384753864,0,0.0,1,2739.47159101352,0,1845.4701169848304,0,0.0,0.0
608,P/N,5425.818221064942,7.837742074431497,0,1183.0751802880318,0,134.3064097162116,0,145.2402828462607,0,558.0037191037401,0,1887.4343164695374,0,1346.3715235943143,0,3.4598000788225614,0,3199.3285897687297,0,2296.090174182132,0,0.0,0.0
609,P/N,9782.594133079127,18.42204910535688,0,1062.1433607360977,0,7.54659190570128,0,47.13277158831542,0,441.91167461704725,0,1734.920464023347,0,1267.3556325364432,0,0.5205293862858162,0,3055.977386398381,0,2162.5734919405213,0,0.0,0.0
610,P/N,6719.8920432530595,39.80629862561093,0,993.4408367921217,0,34.52136623689407,0,49.88087357317142,0,361.61584187949586,0,1628.9778511792813,0,1206.2482487185232,0,26.918363934448326,0,2947.9868301593915,0,2058.0674429622336,0,0.0,0.0
611,P/N,16117.8215861867,1.9625550897598651,0,2023.4632544706344,0,176.24514498088246,0,1054.6507844908995,0,2302.899525024474,0,2819.673409561076,0,2309.3877027492363,0,620.1547112870211,0,4373.118892933089,0,56.13610317376162,0,0.0,0.0
612,P/N,7586.6188362954435,34.544179954889245,0,683.2061920256991,0,197.8639957920323,0,197.8639957920323,0,151.42865951463276,0,1454.0676204977806,0,1366.790014242377,0,32.17834905885539,0,2873.706140018407,0,2046.0182123632253,0,0.0,0.0
613,P/N,8641.153520560561,0.0,1,783.521954518926,0,155.12530771274115,0,275.00022213627363,0,314.0526458491082,0,1610.8088139652443,0,1496.7551757258302,0,0.0,1,3056.2236283189727,0,2224.2469704545083,0,16.0,8.0
614,P/N,2575.6191099700923,0.0,2,775.5002246128727,0,242.14603508924927,0,375.34692751446266,0,367.85829490780344,0,1651.8682151457913,0,1597.6565146499258,0,41.22727986526446,0,3110.674789276459,0,2177.0534705926234,0,8.0,4.0
615,P/N,15973.908699637015,35.52039199090162,0,335.74571343657635,0,238.99066370385896,0,520.5024631455012,0,225.0439749160853,0,878.4556569919257,0,1289.6438357930356,0,16.02116718200884,0,2392.3081280018678,0,1610.7203567011334,0,0.0,0.0
616,P/N,12956.51318038803,34.43444842004879,0,574.7360306263548,0,330.4479503056167,0,336.12953063377273,0,122.62595583943714,0,1398.5811537537022,0,1485.8441443720872,0,43.13815373343355,0,2866.4928130326225,0,2054.8446538495236,0,0.0,0.0
617,P/N,5735.3376266896275,6.303532950791329,0,455.92021899648626,0,330.9999178364608,0,383.2335888827536,0,108.94282038911872,0,1296.167197474283,0,1501.2540093201583,0,80.74372300633323,0,2762.6494701121755,0,1957.123460470854,0,0.0,0.0
618,P/N,9600.87196085019,0.0,1,346.8780963204705,0,297.55766855851414,0,521.767444142804,0,174.75318160322772,0,1097.028208579318,0,1443.4212909320865,0,111.18081223109932,0,2584.405946414753,0,1795.5633533729285,0,5.0,2.0
619,P/N,6298.863285663368,58.75434888841683,0,305.0932401870815,0,263.33590003906653,0,809.2068019438263,0,304.7690609811033,0,161.43870591673445,0,267.6979637534611,0,31.144491420084023,0,1531.944436352663,0,628.0685159344741,0,0.0,0.0
620,P/N,3601.3432740603985,5.14067809631889,0,328.9092879499082,0,296.75229064287225,0,564.7609310611361,0,236.24120078187437,0,1068.3809999390173,0,1449.702348243561,0,161.6199377029522,0,2585.2158354773574,0,1755.1998970419934,0,0.0,0.0
621,P/N,12738.838336571525,39.91782084847501,0,1996.6478725824568,0,281.06140019340336,0,1071.0338756233434,0,2521.3840929754183,0,2771.469044132011,0,2289.905105049725,0,676.9451695458366,0,4536.636927636066,0,52.97676793729227,0,0.0,0.0
622,P/N,12752.559802358579,0.0,3,316.02267239645107,0,49.484762707284865,0,49.484762707284865,0,26.613315510558827,0,918.1205188790782,0,547.0368152578963,0,127.49837271578102,0,1069.5861156802225,0,482.91247441244724,0,24.0,0.0
623,P/N,8983.686031825606,92.82503986201822,0,582.0836294034406,0,345.4465845568394,0,362.80826193748027,0,256.59434600696545,0,1471.4976183472188,0,1568.3992447893243,0,44.13164703977442,0,2914.948572685953,0,1993.9816433099277,0,0.0,0.0
624,P/N,11885.57725434632,29.186153658556,0,233.01115372288135,0,170.12888826354472,0,755.7039554559343,0,212.06329911615413,0,109.74399344614243,0,264.39026480010494,0,80.78699125974856,0,1513.6832899634433,0,614.0729394114448,0,0.0,0.0
625,P/N,8825.021898597673,0.0,1,218.99174352535954,0,29.261824455283445,0,29.261824455283445,0,75.99263059190163,0,1144.661815425872,0,743.9445648324736,0,104.31414975862742,0,983.8329639502438,0,519.405026490139,0,6.0,3.0
626,P/N,3500.2250406983253,0.0,1,165.18828740143925,0,177.88522205547017,0,687.4728131584927,0,231.29154282250133,0,334.65956084497725,0,244.6988667846249,0,136.23718154695936,0,1471.9444388635138,0,578.072147037818,0,10.0,0.0
627,P/N,3857.326942278241,38.07088140282475,0,165.24181809214556,0,131.17805513857465,0,693.8298350884158,0,184.57216350946788,0,268.19258066789973,0,307.3729748402643,0,170.01049755331434,0,1512.1883032685582,0,627.3968662934706,0,0.0,0.0
628,P/N,27397.00037180467,0.0,15,309.8452254167612,0,61.23461622085106,0,455.5600749795317,0,4.29867570037489,0,319.4603871623899,0,551.5667743004446,0,6.631482888007331,0,1694.5655702365295,0,845.044549622587,0,58.0,27.0
629,P/N,31648.60193509215,0.0,10,171.09729475449987,0,0.0,1,533.4224234772819,0,0.0,1,229.33576051511054,0,346.7118248993985,0,7.2304673238607755,0,1536.5294595716148,0,657.606149017213,0,49.0,24.0
630,P/N,4769.341844487637,13.620963165535157,0,171.3514408362402,0,0.0,1,716.0410621380743,0,469.7729987050406,0,1207.859549075597,0,1435.6639671744908,0,406.4807263793596,0,2511.277465572026,0,1620.1725729271548,0,0.0,0.0
631,P/N,2654.051841464392,31.0419921883834,0,63.77836864929842,0,71.49525055766533,0,216.52856535485984,0,302.2686141680941,0,1301.6797200007043,0,623.746930376081,0,81.26191332932574,0,770.804998409984,0,361.7113469052549,0,0.0,0.0
632,P/N,41350.4598562545,0.0,5,20.962266272544433,0,120.42555583118761,0,478.540734077613,0,175.54914453544663,0,351.4801800218204,0,143.13952737331272,0,0.8585181578864167,0,1269.3171350235923,0,406.50450914110604,0,47.0,19.0
633,P/N,21731.693245806182,0.0,1,222.20791351643322,0,0.0,1,360.6466269459531,0,57.12037079596421,0,701.4089627400075,0,943.5644690266278,0,216.2674913439641,0,2007.4959310961199,0,1214.1605089770785,0,8.0,4.0
634,P/N,58147.116111372445,0.0,1,0.0,3,18.197569154530694,0,401.5188684462954,0,136.63787764078057,0,852.8550223813451,0,1080.270208883938,0,290.4406888914387,0,2129.092481488979,0,1356.7111189024217,0,14.0,6.0
635,P/N,10283.932116602511,58.436293449707826,0,374.221854591577,0,80.37668253807867,0,319.3415409383393,0,94.2168343213265,0,645.0237550963086,0,796.790527033073,0,77.79866598002106,0,1819.8549974607997,0,1036.4227962531556,0,0.0,0.0
636,P/N,6395.954614152895,0.0,1,1061.8036301075767,0,404.28729292672836,0,404.28729292672836,0,102.59693125571245,0,246.27600910166237,0,695.7107905680452,0,4.928348265594402,0,1378.8897579057634,0,886.5817706134222,0,9.0,4.0
637,P/N,4751.044325373006,76.90667361710102,0,164.224708503843,0,50.020961654977384,0,210.97159253134953,0,431.7513260561451,0,1137.3985834038165,0,447.3278227051508,0,37.51073615167381,0,719.5586283808967,0,179.4892504479849,0,0.0,0.0
638,P/N,1766.6042972266457,122.08957372237441,0,328.12668233442366,0,410.74825350276956,0,410.74825350276956,0,136.01390406072747,0,741.6938584051926,0,202.2594448749229,0,86.45327038970797,0,1036.8731189686096,0,161.58106179050836,0,0.0,0.0
639,P/N,4647.70541395421,0.0,1,77.19342766305085,0,32.39628447441797,0,206.26348263573132,0,407.46460871590335,0,1339.6496478594943,0,508.0323494759558,0,80.40535749312653,0,613.5297253923642,0,274.8500264479024,0,3.0,0.0
640,P/N,8593.73652075701,86.50895799358393,0,179.05479759806838,0,113.44841583236135,0,126.47545190968194,0,473.89835376954613,0,1147.6514219423161,0,388.04692594349683,0,20.870759074922127,0,608.0657522640319,0,120.04999286792201,0,0.0,0.0
641,P/N,2468.3445502762493,57.5964676850564,0,979.3325998318222,0,373.6328098996771,0,499.7021445699826,0,16.74973681573961,0,410.6696312864521,0,650.3308862236837,0,93.85705764363519,0,1326.4787747243759,0,900.6269326527622,0,0.0,0.0
642,P/N,25434.801710394288,0.0,2,812.3866320136233,0,25.07647929416723,0,25.07647929416723,0,160.89630399717225,0,418.503565581847,0,239.74802882144786,0,34.233892985560686,0,913.0593219656191,0,439.4835668377883,0,10.0,1.0
643,P/N,1599.4319191850116,108.06388083954114,0,242.80137044110057,0,91.2023343210789,0,91.2023343210789,0,417.5595046343508,0,1285.8175007424693,0,391.4921158032506,0,122.9098946610368,0,550.9213883564423,0,176.6150005284462,0,0.0,0.0
644,P/N,7316.135314059078,0.0,1,148.7130562253526,0,70.71082366323748,0,216.96522519186934,0,302.07773348034544,0,1351.0481971618221,0,502.89587366581156,0,112.15401087862101,0,484.313852870297,0,306.45820422191554,0,12.0,0.0
645,P/N,3710.6761856623975,4.851046859591114,0,419.1503743677288,0,271.8534807206212,0,271.8534807206212,0,24.94160511202787,0,900.4080732928726,0,374.9074031544355,0,104.44539138100845,0,895.1372392211339,0,151.65136688740125,0,0.0,0.0
646,P/N,10387.190910859004,0.0,5,805.981069807795,0,174.220962963103,0,248.57345757307442,0,221.7959205091708,0,572.0652126421285,0,233.26754983044427,0,260.0105542045412,0,913.209602534578,0,487.181945537432,0,25.0,12.0
647,P/N,54043.15164043811,0.0,1,544.4025774646594,0,12.956215031644392,0,12.956215031644392,0,371.0125489236776,0,689.3962813952006,0,97.38495296268277,0,110.2517771631016,0,661.4561884594731,0,116.79849056467758,0,7.0,7.0
648,P/N,507.7028853784845,31.271198244829886,0,792.169887838567,0,200.73861634341134,0,223.1212112125263,0,428.8193973402645,0,784.4050126333777,0,197.96399940156772,0,240.0841829596592,0,875.5212915937404,0,454.9784379739526,0,0.0,0.0
649,P/N,23771.75318762537,0.0,13,880.6313111311451,0,6.86303582543551,0,6.86303582543551,0,1554.9309183189512,0,1689.6912320294296,0,1141.5492014067177,0,2.1604815265619024,0,3362.4061184191337,0,1147.2290535589611,0,104.0,52.0
650,P/N,13330.189235729038,0.0,2,745.7646270174927,0,89.30999209648009,0,354.92580683314475,0,112.37102029582914,0,530.2940608195875,0,331.0314679787238,0,270.6608740208871,0,994.6414389040125,0,589.4898485903617,0,4.0,2.0
651,P/N,2612.7469282161333,8.946870602379827,0,497.4418373204183,0,89.1240949748176,0,177.14371105035815,0,123.88058600457475,0,1145.2801763943485,0,590.7911990538462,0,129.84740801686493,0,623.1495634887589,0,233.9287464584921,0,0.0,0.0
652,P/N,10496.458026696568,0.0,1,475.8951111882362,0,96.61702479970694,0,96.61702479970694,0,466.1874619740873,0,1069.8188646660965,0,75.16427338927204,0,53.20686088286996,0,480.28228593239135,0,19.79073715565995,0,16.0,0.0
653,P/N,1778.9964851908312,0.012391563737707039,0,431.17882150548326,0,54.753478509439084,0,54.753478509439084,0,36.63952125185634,0,1232.5241054285225,0,677.7405206406906,0,10.851963228792298,0,523.7210579808067,0,315.95194224664385,0,0.0,0.0
654,P/N,16555.598342091012,0.0,3,469.4007904561477,0,162.11768573103663,0,264.98566848250766,0,41.84946161074239,0,937.0641435600625,0,383.35075755040316,0,1.8854039711229353,0,743.5066340263267,0,53.225418409081584,0,38.0,8.0
655,P/N,1929.6174525966771,21.95564495414868,0,533.6563949864221,0,79.5390632442748,0,229.35525444794354,0,174.14442428538953,0,1132.1555089546819,0,506.5618987691461,0,50.30539686490617,0,663.7318926080701,0,224.37574545912616,0,0.0,0.0
656,P/N,13761.84291580718,0.0,2,694.1032922845288,0,1.2122048561904084,0,77.40866417803893,0,838.7907666601127,0,1449.3867953333308,0,886.2519533162775,0,3.629263331756982,0,2605.0179738931456,0,1321.9879838948252,0,18.0,8.0
657,P/N,1291.933788777143,0.5227461256692829,0,497.83110065429014,0,73.28681254067881,0,98.96878396893256,0,40.6816733717807,0,1261.3978593990307,0,663.8250165729988,0,55.579148273034185,0,509.30791494505183,0,346.0491013026371,0,0.0,0.0
658,P/N,1688.217539315396,46.14508389264589,0,820.3049241292819,0,124.35510143069578,0,532.2540836389046,0,769.0562227147635,0,1410.5862497472992,0,878.2536259070016,0,7.910204940643824,0,2554.1724406709172,0,1251.224621186999,0,0.0,0.0
659,P/N,7863.030806577878,49.16992820513233,0,619.7392143582352,0,0.691052753055309,0,345.901062085836,0,294.81793815806276,0,707.9327866153266,0,303.97516003806453,0,213.58441033275983,0,952.2490695931056,0,564.7759673757914,0,0.0,0.0
660,P/N,15971.254293959635,0.0,15,569.1916396647597,0,31.16692529598845,0,74.26917857164408,0,301.61669078926246,0,993.8795190670288,0,494.9340968443477,0,7.102335108423531,0,1597.5405952123774,0,981.5971853180251,0,49.0,3.0
661,P/N,5714.509845011425,15.52008323296107,0,462.2197679575365,0,43.994745082649224,0,50.09562688211064,0,27.79653089567577,0,1025.2186043899708,0,84.62142116178032,0,37.041478022232845,0,1073.3868393552584,0,547.7083929449326,0,0.0,0.0
662,P/N,19414.94515445443,0.20161636096656035,0,350.24244669331455,0,0.0,1,248.20376304960482,0,138.38827177229047,0,1716.5034494565186,0,817.9876579206308,0,29.27462079491714,0,1790.073187134077,0,186.79698235600046,0,0.0,0.0
663,P/N,22813.961290235984,0.0,7,203.93363011327273,0,15.432911263824545,0,302.97688524429935,0,75.42268581276089,0,1642.9427635255602,0,467.77364505575076,0,12.335715720708489,0,931.5671807397891,0,838.2407457252866,0,38.0,0.0
664,P/N,4168.5487646326055,0.0,1,278.46100880836644,0,0.0,2,546.4590379895997,0,96.03186197551169,0,1655.5700050442013,0,722.26767025577,0,218.14936995902738,0,1125.2351627092953,0,784.9579496721412,0,4.0,0.0
665,P/N,8545.555960037627,0.0,1,313.2462975156547,0,53.781699154771566,0,514.0123100617178,0,119.38427225704694,0,1598.2268918308916,0,737.2294939743723,0,94.36588423648158,0,1033.5466640633256,0,838.9055891239273,0,6.0,3.0
666,P/N,25539.53973371454,0.0,8,78.27971169431156,0,0.0,1,318.3240701879939,0,323.0245834931132,0,1911.9580652051557,0,1115.3886372221923,0,25.584120972745094,0,2133.228428720778,0,309.92941775956854,0,68.0,25.0
667,P/N,627.3451317081544,8.996301991751062,0,216.64783307348574,0,0.0,1,414.9951239412095,0,484.12407592528035,0,2081.937837382705,0,1201.605680457862,0,157.59325844750282,0,2238.980812968956,0,381.17672542630294,0,0.0,0.0
668,P/N,3535.1936226674948,53.76046671670936,0,208.39926309330372,0,164.72175385484,0,567.4393632898903,0,1230.7127617729254,0,559.9857544592597,0,228.70171736054783,0,176.46665002386615,0,3091.941884375064,0,745.392844100328,0,0.0,0.0
669,P/N,41871.27809002242,0.0,10,332.9977665221103,0,65.80462305391453,0,230.51384677267245,0,245.3921889588865,0,1685.900163630822,0,687.0943127243165,0,204.91761422813622,0,1547.5729774654626,0,32.86683799141249,0,102.0,31.0
670,P/N,4890.757499800109,0.0,1,464.2426671900196,0,25.927926504964578,0,170.15600735687326,0,426.58380585062963,0,2070.5040650122037,0,897.7866109657954,0,357.68672490022607,0,1962.7670688205717,0,70.35806218431269,0,20.0,8.0
671,P/N,25752.005449754437,0.0,3,292.67097619217316,0,0.0,1,180.45042647541783,0,359.77218248089844,0,1952.3517851252677,0,928.9060306015839,0,235.85378400539454,0,1909.0346140753597,0,102.82784708631331,0,39.0,18.0
672,P/N,3182.172337934608,0.8173975075980752,0,399.8310148477533,0,113.42327574582472,0,579.8229661509322,0,305.3124368221332,0,1482.4908625190105,0,1194.306020015042,0,204.48537330077974,0,1380.963807960915,0,190.90508021906987,0,0.0,0.0
673,P/N,2082.2756197073686,2.565171331038992,0,413.42368655420137,0,102.81128357090448,0,594.0746406681108,0,332.7350433444649,0,1530.8492760790987,0,1221.8101494533466,0,202.76206231440455,0,1362.4909163189707,0,187.8301241540329,0,0.0,0.0
674,P/N,59064.71038495741,0.0,11,294.50335360830934,0,0.0,1,172.85773158577206,0,362.2047989945006,0,2151.1663692737293,0,935.7754318529314,0,99.41565122947262,0,2029.7603816025858,0,130.97149994314734,0,151.0,62.0
675,P/N,1508.490433776492,24.130170020292653,0,363.1617816170055,0,150.6550264725357,0,326.06636809219356,0,383.9977805222934,0,2177.940984780839,0,1139.1925618093767,0,218.54952156544832,0,2247.1121120411917,0,365.9742568952504,0,0.0,0.0
676,P/N,37887.78243395081,0.0,2,355.752264019794,0,0.0,1,357.903000307013,0,260.8756881457919,0,2125.847811223402,0,1170.5679488415476,0,21.57032910803923,0,2285.1772808611845,0,433.59566032194164,0,15.0,8.0
677,P/N,2309.271308777013,1.3537534325785188,0,623.2811050080592,0,209.16993407731562,0,799.1415965943035,0,92.59052221639092,0,1271.3434056508977,0,1314.6300197222704,0,30.77940607448989,0,1614.1620198559103,0,297.12069311036976,0,0.0,0.0
678,P/N,1038.073197403453,636.8818327541401,0,868.3429441014588,0,281.78535122298103,0,532.4671529693092,0,1696.1211790036152,0,1885.5953065918277,0,1787.159578006532,0,286.0426798812409,0,4648.252642750356,0,2010.885982647893,0,0.0,0.0
679,P/N,61881.36921381765,0.0,7,114.37127865320332,0,83.2713588961924,0,374.8953553741416,0,113.34991882273899,0,1231.2554350893438,0,819.3067533733032,0,89.76249671535325,0,405.2768349406432,0,812.897209670902,0,62.0,30.0
680,P/N,5852.6339373517885,0.0,3,175.03434788616053,0,121.86394130534843,0,461.2965345888066,0,295.38596606731846,0,1583.8222893213133,0,907.6605197892818,0,141.27958153339824,0,494.71509581464437,0,898.0862332288065,0,26.0,12.0
681,P/N,11327.368027071005,99.98076716027423,0,398.7215099210288,0,116.87687430545675,0,665.5554977145351,0,157.1438742373769,0,1237.1451332277377,0,1110.7986206141654,0,134.92769232931172,0,713.9282573297107,0,1103.6665730726006,0,0.0,0.0
682,P/N,14322.184270284066,21.319270045280536,0,547.9424579118712,0,29.034000099029228,0,29.034000099029228,0,659.1125751243478,0,303.87129490554355,0,322.84889138818494,0,1.3156324919685616,0,2516.3981734899685,0,54.01492832626785,0,0.0,0.0
683,P/N,55402.75707237656,0.0,1,385.73780074833934,0,0.0,2,483.1040466882927,0,1028.7583396822881,0,373.414929680092,0,378.95994315437207,0,19.79502123547823,0,3207.097409909654,0,726.0885391671741,0,8.0,4.0
684,P/N,16043.132584378347,43.81957820754733,0,649.3320227796179,0,32.07588999696822,0,386.6509653393465,0,860.0287371198784,0,244.89953476432518,0,514.3418434679063,0,27.833933756740514,0,3176.3943311215153,0,633.4894353824831,0,0.0,0.0
685,P/N,2005.897492576758,189.9874433845643,0,783.0736869947677,0,14.631655616949656,0,399.78587253964923,0,806.976873723018,0,252.02217068782306,0,620.6639529992864,0,7.828293264061975,0,3190.484250853821,0,645.6208518753783,0,0.0,0.0
686,P/N,1626.2152409386158,103.97439968426809,0,212.83885257158008,0,673.4976352323478,0,856.0598092708439,0,1541.0684287060296,0,2330.107371638298,0,2329.5415721955133,0,129.97417938422902,0,5189.745592957583,0,1664.7813833196283,0,0.0,0.0
687,P/N,24709.972120565424,0.0,1,413.64260498619586,0,103.60353076499241,0,689.4732161696329,0,258.10226951618915,0,1165.8333431466156,0,1397.7423859025869,0,70.92373815937438,0,1755.8070109135226,0,281.4739030974503,0,20.0,9.0
688,P/N,11436.749768560245,190.63553913823043,0,190.4478784300401,0,100.1880941433495,0,337.1198570415597,0,580.7394181985106,0,540.6291512534129,0,923.7628533689921,0,122.96879239612568,0,2323.9920774004345,0,218.40776017304032,0,0.0,0.0
689,P/N,15174.219080576528,336.0324879727747,0,891.3235778579465,0,188.05225822309626,0,757.7013767995701,0,899.3229138657066,0,606.6573902908555,0,847.1289036764596,0,106.22720147820985,0,3548.365287710878,0,1003.3070214707591,0,0.0,0.0
690,P/N,10054.053656149285,154.01604597811902,0,110.49357372609606,0,171.86344621510378,0,396.9354597621236,0,695.7231181282834,0,574.2496470879967,0,987.4857777806105,0,179.69574438719008,0,2447.562642157955,0,291.67014770678503,0,0.0,0.0
691,P/N,5260.121585047472,0.0,1,328.22700189566024,0,28.915687634729625,0,572.3497718508241,0,128.61861862932707,0,1412.345800207271,0,1695.9318017739533,0,230.50551990477408,0,1676.715705320824,0,455.16308376258735,0,4.0,2.0
692,P/N,10714.246108997146,0.0,2,12.41966492062625,0,196.74165301423113,0,225.21546434981343,0,49.78440020150025,0,1243.998481136882,0,1491.1383897738122,0,373.9769505246985,0,1303.049835879617,0,450.83538989228805,0,10.0,5.0
693,P/N,877.0225030812759,9.34854528836499,0,122.9144260336087,0,83.6012785281556,0,366.737509047968,0,59.41435768618432,0,1395.4779426666444,0,1615.7656565258021,0,431.5192572615246,0,1468.8800843207728,0,483.2667027899719,0,0.0,0.0
694,P/N,13147.287046491601,0.0,2,236.9872982449893,0,7.567926180260123,0,483.81476702387613,0,37.17268546317308,0,1494.7828695520604,0,1710.991524375253,0,315.5661500608219,0,1588.5103924442624,0,376.47509462537397,0,25.0,10.0
695,P/N,4715.39264358693,174.30528462816665,0,122.66929965333449,0,175.90592375576833,0,383.99048598964475,0,617.0895730496325,0,617.1614137850524,0,1061.9643799916191,0,71.90357433561888,0,2487.6974293705093,0,379.4472767656921,0,0.0,0.0
696,P/N,6764.479276866625,0.0,2,122.9434568136387,0,25.173890431858695,0,346.2986677730602,0,48.30999989902717,0,1372.9398835558736,0,1587.5794117409741,0,310.9297970472479,0,1450.616314888972,0,561.4343970757624,0,9.0,4.0
697,P/N,5978.221479213631,29.349718410668885,0,758.1707454673358,0,87.8595575405609,0,311.74058184570293,0,8.357113955886783,0,766.3536667166903,0,1151.8867427924076,0,137.1718584614904,0,2947.972188574794,0,881.0815995049237,0,0.0,0.0
698,P/N,16514.93438150772,36.92221085498587,0,839.3221178095911,0,0.0,1,386.33437998925245,0,81.74194656786993,0,712.6906513323537,0,1104.3798752497594,0,104.53818921320504,0,3045.4236773400357,0,894.238645631282,0,0.0,0.0
699,P/N,5906.473347646655,0.0,4,588.6810220818531,0,23.673328425780046,0,220.6368595319798,0,158.8794330449427,0,1188.4012370650544,0,481.9507040754297,0,85.64785357459874,0,617.1806888016878,0,301.91740760420964,0,13.0,0.0
700,P/N,50603.91830910402,0.0,27,735.9004484567229,0,0.0,2,69.03689247603444,0,1350.1562386646622,0,1536.9379014417812,0,976.4759132127705,0,7.634964404089922,0,3170.9379040733406,0,1247.7765574148384,0,227.0,91.0
701,P/N,2185.5166140701076,82.29931916941436,0,578.5258278459083,0,85.70197630397168,0,85.70197630397168,0,102.78457930136005,0,1378.2023542814377,0,686.350338913397,0,141.7752431781634,0,390.72295246376694,0,470.6237127330784,0,0.0,0.0
702,P/N,13672.410337069234,0.0,5,415.9826651764049,0,16.40596259734968,0,16.40596259734968,0,88.55960468545793,0,969.7217106524407,0,123.3479880930682,0,32.561642255870886,0,888.7359174507743,0,290.7456818359436,0,14.0,2.0
703,P/N,2961.5035148118372,0.20108297179312323,0,614.7951175749373,0,187.90130309235377,0,187.90130309235377,0,334.0716637951265,0,996.1019411662752,0,87.32923278107063,0,76.06099298025806,0,647.7107428176978,0,296.88814792895613,0,0.0,0.0
704,P/N,32194.298472195103,0.0,33,454.05965061241955,0,0.0,1,100.33347961102903,0,29.506142390088527,0,929.1784964460554,0,201.50243915073307,0,33.72655961914717,0,1305.0327485932253,0,770.1091508860173,0,165.0,45.0
705,P/N,257.9702510663547,0.0,2,559.1984882224551,0,0.0,1,240.99636012883133,0,166.27324226081433,0,1056.4008488972656,0,363.7784816543104,0,115.6532312544376,0,1461.717664741206,0,882.238747066336,0,3.0,0.0
706,P/N,1525.1629578568134,28.152919510133835,0,539.4185933335712,0,78.65982025623053,0,78.65982025623053,0,126.13052255209745,0,1443.3816559970928,0,734.8384782191715,0,142.0252432922483,0,330.57706144488293,0,528.0107089395201,0,0.0,0.0
707,P/N,2459.9987707466644,118.75962973628313,0,472.3532493955117,0,147.1106116922108,0,328.39895379507465,0,259.7890926253818,0,959.0288781362772,0,332.2803603943149,0,77.59373938457969,0,840.2992010062973,0,558.9727196248396,0,0.0,0.0
708,P/N,19948.122420193245,0.0,6,586.4272993936535,0,0.0,2,157.81060399823969,0,296.9619819268714,0,1116.9403984283956,0,459.50734741596847,0,7.650417673212724,0,1553.1544513868287,0,875.9357863710795,0,22.0,5.0
709,P/N,19502.47441933162,0.0,5,609.8713457796815,0,14.467129627988504,0,80.38760698447892,0,20.33558076775958,0,1230.0545852580026,0,334.7202160785311,0,153.48309485842364,0,531.3863824451312,0,371.7543512404042,0,16.0,0.0
710,P/N,30331.772220687628,0.0,3,525.9952095284725,0,211.90274421550248,0,482.29031705439223,0,185.92222498360707,0,547.3268213928751,0,592.807866235345,0,41.008395815834504,0,1156.1774302913411,0,852.4753390545067,0,29.0,13.0
711,P/N,4340.074223081635,0.0,4,610.1036836965038,0,55.17750748544928,0,157.0053295803666,0,364.1020996342091,0,1290.980320044434,0,235.42145014889206,0,140.28022501872144,0,341.45970186463046,0,268.07661961416665,0,21.0,2.0
712,P/N,38651.48230337566,0.0,7,327.4444932766074,0,13.097014691041373,0,143.8322676172335,0,94.93908941929757,0,1118.5707006996104,0,254.22364118291358,0,0.0,1,1307.7636259168273,0,825.0073576305307,0,41.0,9.0
713,P/N,1650.9947047507821,81.5021446254265,0,262.4982923393452,0,304.0109866842583,0,304.0109866842583,0,212.61023826758728,0,1716.789766749853,0,600.4105668479262,0,43.33667600165572,0,52.02813001897753,0,529.7186212355089,0,0.0,0.0
714,P/N,59578.961719803425,0.0,55,408.23555820142786,0,0.0,1,0.0,1,113.72249663716494,0,1260.9634081965792,0,373.09591566215204,0,2.067477249941558,0,1423.5381955764099,0,634.3912065729901,0,372.0,212.0
715,P/N,25703.58427662194,0.0,3,193.5150425493334,0,33.429779465140825,0,33.429779465140825,0,77.88860908460612,0,1202.178085060721,0,34.579384873393366,0,9.665314602482239,0,1026.561152150688,0,663.1123239458573,0,30.0,0.0
716,P/N,114796.60510701232,0.0,3,458.1420016470507,0,0.0,2,175.2442690103805,0,1405.008876036246,0,1245.370903465592,0,747.4635229629297,0,124.71477098491916,0,3290.2090051784494,0,1263.8646051886676,0,22.0,11.0
717,P/N,1698.4164416490553,0.0,1,210.66848656248575,0,239.32442106535527,0,261.76931342653364,0,187.77472259278105,0,1430.1692885116784,0,251.94837557096162,0,22.333653357116088,0,1029.2160621105,0,836.850095022093,0,4.0,2.0
718,P/N,1120.605179541276,0.0,1,387.8731261666469,0,143.42791245181186,0,143.42791245181186,0,267.3692144020961,0,1691.976458114949,0,666.9303959879436,0,17.83824285786196,0,528.2205848890185,0,861.5421564836366,0,14.0,6.0
719,P/N,13889.45274979254,0.0,4,134.89036639370275,0,6.739566465093017,0,6.739566465093017,0,1150.3959200213828,0,937.147283681633,0,394.95548316721727,0,5.366092742537707,0,3047.956413195633,0,991.8167235300157,0,42.0,21.0
720,P/N,4647.446515032453,0.0,2,215.01395263689034,0,107.91340964745585,0,196.4449548685075,0,29.190387996422594,0,1543.52454315743,0,370.61981955128715,0,5.498955798331224,0,895.6195004101426,0,890.5744121826114,0,4.0,0.0
721,P/N,5406.853075313984,0.0,2,145.64022795361203,0,221.27542010994173,0,286.49745366315545,0,159.09158365915474,0,1489.8080241337948,0,314.1109339576742,0,42.964546836236806,0,1043.6246696159728,0,883.3105983532906,0,5.0,1.0
722,P/N,28889.16406300673,0.0,3,124.24935929483755,0,6.394764573244309,0,57.024567817812425,0,1201.6997586493983,0,934.2301358914647,0,408.8818983908453,0,4.414266313689341,0,3098.9726343845336,0,1010.4682648509357,0,44.0,20.0
723,P/N,10074.87087382345,0.0,3,109.31299658565194,0,36.853635916218494,0,284.5810077714651,0,339.0777409747663,0,1523.8168472426355,0,432.4694620146922,0,167.46350261174715,0,1271.045886796386,0,586.5367806775902,0,20.0,0.0
724,P/N,5179.805436581163,36.89469632856023,0,353.88448970224596,0,41.04559224920958,0,194.81083869440232,0,61.93896837916697,0,1653.3312996000477,0,794.430227716223,0,6.164636594296877,0,1791.0203158091758,0,432.2411718794996,0,0.0,0.0
725,P/N,1042.1757591643848,18.050361545816692,0,400.2089939916598,0,11.565712936137478,0,181.78340120322298,0,100.24232298465843,0,1667.0406759754953,0,535.9137178027045,0,79.41634655828443,0,800.6161767218786,0,928.4634737766335,0,0.0,0.0
726,P/N,4111.046455462143,0.0,2,63.12508955351732,0,0.0,1,271.5007854279981,0,1073.2268245917483,0,854.7590802883475,0,303.97141196904903,0,5.821690276735177,0,2969.4245927169673,0,898.5766336477558,0,20.0,10.0
727,P/N,22145.328691287912,0.0,10,448.55926784106055,0,8.388728501426591,0,47.78947141249935,0,58.19430368235756,0,1504.0543801713059,0,574.8541620528467,0,5.6660151359426285,0,1590.2058242923197,0,406.0563293602773,0,79.0,11.0
728,P/N,4649.447938551294,0.0,1,280.3012053807021,0,0.0,1,275.0723058047595,0,362.50236364682195,0,1625.73178502809,0,570.3164264794519,0,214.9487233909469,0,1478.1526800137974,0,487.8190130783335,0,12.0,0.0
729,P/N,10132.939443057503,0.0,2,280.9687010259235,0,390.9464796323269,0,390.9464796323269,0,277.75089384798457,0,1299.3303209222104,0,907.407088080475,0,16.7590090660521,0,1242.0001343463884,0,569.5127557042861,0,19.0,1.0
730,P/N,3384.587576256795,0.0,11,8.11847351444358,0,23.00435455396234,0,339.7695388096483,0,1071.9021945655038,0,806.6859164599267,0,253.77601319598955,0,10.63153863815824,0,2964.1667914281243,0,849.4205662214591,0,55.0,22.0
731,P/N,3268.83922015324,0.0,2,167.34957325594846,0,7.177511211725239,0,670.5304978402753,0,562.6332200886293,0,2046.8502785430514,0,1393.1686388172022,0,171.62325463486636,0,2405.6943864640516,0,648.1556312453325,0,12.0,0.0
732,P/N,13238.500222041755,0.0,7,11.425092890214708,0,175.1996793863645,0,336.5955061760544,0,174.16254842368323,0,1539.5367129585027,0,362.887730513201,0,63.000842598024,0,1076.8733764205626,0,765.9777093035284,0,21.0,8.0
733,P/N,1407.4819405702137,0.0,6,378.5732476313744,0,56.70155867304721,0,280.7462103164058,0,119.17168899194216,0,1766.5333795833023,0,615.8094117107994,0,174.78015383183035,0,845.0549026080187,0,1039.3581122873863,0,13.0,0.0
734,P/N,22929.461614127245,0.0,9,281.81236065283906,0,32.438893869130695,0,138.87392753632085,0,240.82042734117266,0,1561.8510783348609,0,525.511577386539,0,137.93900631812673,0,1454.0777922051207,0,366.7577433745793,0,88.0,10.0
735,P/N,1739.7156211908502,32.9312498099769,0,153.50399074177707,0,235.07399567876348,0,345.9425910737935,0,431.4132795229002,0,1726.4708286752384,0,792.7982684494369,0,68.0962204846276,0,395.95551424860327,0,779.9082658180293,0,0.0,0.0
736,P/N,38005.6903365777,0.0,2,1092.804914594258,0,859.1525960023652,0,1110.9662976126224,0,2224.7762062074994,0,2400.5575664704606,0,2206.1542825034785,0,195.55816133234507,0,5012.894258070096,0,1268.7942482845995,0,16.0,8.0
737,P/N,1570.4628769490143,18.42803080477478,0,431.59360695638213,0,108.08715238393437,0,287.2001104428122,0,104.12551434774389,0,1751.0630987553684,0,659.200069080541,0,146.95182223238405,0,780.4046243119042,0,1055.2446893394654,0,0.0,0.0
738,P/N,15360.002260665415,0.0,2,277.83984615673074,0,178.5060886152978,0,180.998200089444,0,94.20233203679183,0,1705.3447921948318,0,682.0417747380393,0,80.1762185725033,0,492.8775978217669,0,902.2667073728558,0,4.0,1.0
739,P/N,593120.8543088518,0.0,62,0.0,1,0.0,2,23.48131893097882,0,68.25739408582666,0,888.7107640336367,0,656.0377303030502,0,22.223926141577802,0,1755.9881138850717,0,541.8994711885128,0,476.0,196.0
740,P/N,12890.209023981044,0.0,1,147.73366757710534,0,216.61010262189805,0,284.2240085591243,0,193.0914702873534,0,1042.9988899657603,0,1006.4891810986575,0,454.608235337493,0,2096.38355643032,0,1281.2027288200172,0,6.0,3.0
741,P/N,2750.887943860785,14.145340096229171,0,316.1635629574874,0,332.32980408232135,0,355.0320478127433,0,76.14901402507219,0,1664.5772464762288,0,854.1903157631295,0,150.23978434541755,0,602.3314929293823,0,1081.7077668477668,0,0.0,0.0
742,P/N,22958.51538727266,0.0,7,2.2884407017476436,0,65.467449212721,0,378.9229658683734,0,86.40086983471272,0,1654.9347829579333,0,492.06887644638573,0,130.7618267080151,0,1111.4133930415671,0,546.2010256898596,0,32.0,15.0
743,P/N,9139.82391608387,0.0,3,333.282326215263,0,0.0,1,704.7767587281973,0,521.1243704080222,0,2181.497534178081,0,1519.0486810955626,0,301.2017332546677,0,2562.1705565752177,0,726.6034452474413,0,37.0,11.0
744,P/N,6641.2491941730505,0.0,3,21.82524720026029,0,27.062960703979773,0,394.6741842548357,0,1063.9806911127425,0,682.4540012873415,0,146.89354120461914,0,43.10539714092396,0,2946.062098367558,0,749.2186216890533,0,15.0,6.0
745,P/N,3283.2782595413696,26.67882146399707,0,478.9714565716533,0,77.08978816278142,0,315.87951285158726,0,269.2879555342753,0,1779.0907197582746,0,816.1982011283849,0,179.0770805794193,0,1737.6521280133447,0,234.9887986574956,0,0.0,0.0
746,P/N,12726.99549059699,0.0,2,45.57661190403181,0,216.4771845094855,0,216.4771845094855,0,152.5464933241583,0,1412.1843300668495,0,834.3348459946799,0,172.23951716402945,0,1047.7528914403365,0,435.1575443505239,0,24.0,12.0
747,P/N,12610.954299589668,0.0,2,174.9411634449041,0,10.40177626081202,0,387.5602838757802,0,230.33240783473678,0,1841.1389803608745,0,962.646009643498,0,117.49855738751496,0,1911.995812873459,0,236.97692107939577,0,26.0,13.0
748,P/N,3068.801652815442,25.18021195354675,0,124.5115833118625,0,88.98831125904165,0,504.58570333565643,0,1073.2135921670506,0,625.3753375305816,0,100.8359187423987,0,27.689276497705645,0,2946.818525841252,0,698.2415252564768,0,0.0,0.0
749,P/N,5734.955735081595,0.0,2,357.85802772321205,0,57.15488969561729,0,324.78812910242397,0,19.403086758403195,0,1695.249106361108,0,653.4819487612492,0,75.30138103477466,0,858.7236604792096,0,984.1063858779453,0,6.0,0.0
750,P/N,28235.092352770556,156.0596588687451,0,1064.0755808372219,0,550.4554135261972,0,787.5913695442656,0,1978.447445945091,0,2013.3343816271886,0,1794.4774014271547,0,564.6136203627416,0,4592.090270260388,0,1418.2521450522315,0,0.0,0.0
751,T,13656.28165416617,15.001123934501159,0,907.0496619264587,0,142.54273330552672,0,287.4156621092794,0,11.141538151589453,0,1401.9369580633502,0,423.003830085267,0,10.49594114232745,0,768.9984308822503,0,583.9633667192476,0,0.0,0.0
752,T,348.7894502184087,42.78754473621825,0,1019.3111538248455,0,294.5852338802719,0,323.81767586322985,0,140.04977166760705,0,1492.0067775833365,0,447.4670686727521,0,58.28874812880545,0,822.4810780742611,0,728.0454844821647,0,0.0,0.0
753,T,12656.530101545854,0.0,1,1037.993951152905,0,368.46280266881354,0,801.2821859761641,0,442.6915935313396,0,461.8449470906269,0,2299.3417842804456,0,162.98620406667646,0,1422.509552402938,0,674.1158659600175,0,6.0,3.0
754,N,693.755887099938,225.9845565282626,0,526.3077728498862,0,169.63430183248443,0,172.59702648543114,0,58.8622079701645,0,1695.9442586525274,0,1565.9471101653053,0,122.51510593614856,0,1224.1815511532623,0,636.1479422235813,0,0.0,0.0
755,N,44064.99983885313,169.98225145477417,0,302.8744773159482,0,4.148523484384542,0,15.997789401258165,0,0.0,2,1506.9067830123854,0,1366.2941907953925,0,0.0,1,1233.3160113174092,0,423.4479478578774,0,0.0,0.0
756,S,52398.86523639656,0.0,50,16.6574291243182,0,0.0,3,0.0,1,335.78411872014766,0,2931.879609302657,0,708.6320119963314,0,0.0,4,1112.855472853411,0,31.580749617929133,0,212.0,143.0
757,S,14485.983300847458,0.0,2,496.6860833596583,0,184.92593350006797,0,359.610286148705,0,143.25582462252913,0,1471.5621073679706,0,1227.5693191442458,0,102.97723213072895,0,1392.0485065258526,0,214.42446290710757,0,22.0,11.0
758,S,49294.79840898875,0.0,25,772.8273955072414,0,22.31854211850137,0,22.31854211850137,0,308.155244845453,0,3879.2692364324985,0,1298.2824059260533,0,11.413313956116106,0,1085.1096722944462,0,674.3710728757823,0,147.0,81.0
759,S,122438.78089661575,0.0,19,1130.9864505933544,0,30.248143467938526,0,45.09686867377927,0,303.9019883691248,0,4141.155759430003,0,1367.5287013225343,0,0.0,4,1074.1449145853658,0,999.9778380564064,0,135.0,75.0
760,S,301811.9513560808,0.0,181,0.0,9,0.0,4,0.0,2,152.1753170643581,0,2070.912458094162,0,347.8061562216118,0,0.0,6,972.6102619611187,0,98.36782696440342,0,966.0,619.0
761,S,33877.79469091594,0.0,57,582.8845189582973,0,108.60889596345389,0,355.45956405014215,0,206.9913638575255,0,3690.0136276253593,0,1165.711451604315,0,80.3036491582503,0,1095.0014291860396,0,475.9357853726573,0,334.0,187.0
762,S,37038.043787053066,0.0,4,119.90237309474536,0,0.0,3,25.670309707018035,0,335.96486475523403,0,1696.5852703410235,0,1039.2517876228223,0,0.0,1,1607.625868056643,0,390.8230556998467,0,80.0,40.0
763,S,238044.31590821606,0.0,120,249.16114728292328,0,0.0,1,18.632092591932935,0,304.2644665173476,0,2670.596616971574,0,796.6086954999613,0,11.917170514059446,0,1193.2803126967754,0,175.64030265994225,0,609.0,331.0
764,S,5373.682338546552,17.04252282582921,0,1023.3730883511965,0,27.711296832460558,0,108.68452392668442,0,193.38964003881574,0,1969.3117073985495,0,808.6570591047847,0,258.0052427796442,0,408.9485974666461,0,586.6823813370108,0,0.0,0.0
765,S,12297.650446554711,0.0,10,460.15001838985097,0,107.69574245175077,0,560.45756486281,0,147.99014198308876,0,3566.3790478913797,0,1066.8169717117823,0,77.27014817680273,0,1073.9048648159498,0,351.7627871615217,0,80.0,51.0
766,M/E,43824.32903448879,0.0,7,551.5466466833175,0,0.0,1,64.29115981120596,0,227.5180335467985,0,984.876732459104,0,438.8795801793897,0,7.70828257525118,0,1353.0883291264454,0,582.4205797930738,0,192.0,84.0
767,M/E,429.52106550011274,17.538541918808743,0,703.9648524507289,0,71.69895432154684,0,169.15280142510383,0,260.1367871051512,0,1136.6768398111653,0,572.1382149295422,0,217.84272000418002,0,1486.4409877247163,0,721.3374568674141,0,0.0,0.0
768,P/N,267145.8176704723,0.0,17,37.13595030384271,0,0.0,3,192.94327858364633,0,1190.9812920677134,0,644.3164815912767,0,295.21010701946574,0,11.86793109663079,0,3085.6408708238405,0,837.7946855320231,0,112.0,54.0
769,P/N,771.8585529631403,109.89300567337973,0,401.1847578803113,0,159.68332960191736,0,461.04576259801036,0,1550.2359531994696,0,1082.8961776993565,0,677.6391622597317,0,371.28619235211954,0,3447.569940149057,0,1261.9509230962021,0,0.0,0.0
770,P/N,996.8104499427449,158.01952069803733,0,622.977714163543,0,21.714996251107344,0,674.0876435440548,0,1781.9147158682817,0,1207.8515543808942,0,878.5894111847201,0,601.1903460408661,0,3678.711281471911,0,1436.0077513218787,0,0.0,0.0
771,P/N,813.1253337531273,347.7277328577061,0,620.6534971346142,0,166.1442380756882,0,781.1082348640488,0,1692.6420497044846,0,1060.162074866372,0,824.9796319122803,0,525.9516436621117,0,3677.9614112875843,0,1332.2422245722237,0,0.0,0.0
772,P/N,400.37475372179875,350.998202392162,0,776.6939543713171,0,310.19521389967235,0,615.2804010247568,0,1392.1771861574346,0,887.6311853241226,0,866.9159435046602,0,215.30503251069442,0,3711.649376490338,0,1233.5640315935168,0,0.0,0.0
773,P/N,14686.825575881667,0.0,3,320.81258354915093,0,56.54990455013473,0,596.8435583843838,0,141.10773139324857,0,1367.2389880590451,0,1625.9000115430329,0,196.40928522995355,0,1657.7917672206104,0,235.61227767928509,0,28.0,14.0
774,P/N,17707.835095671384,0.0,4,31.27053967735595,0,76.25518318339688,0,270.54762110533596,0,31.585719889550667,0,1299.6296051649474,0,1529.6535503287753,0,296.45896482799617,0,1369.3839001307206,0,356.0689902956477,0,20.0,8.0
775,P/N,50173.29466107041,0.0,11,269.7397832899475,0,0.0,1,0.0,1,39.71713176961634,0,1193.3719845469204,0,125.8785960586268,0,17.56613538392389,0,672.2083215362208,0,481.80748207562857,0,94.0,39.0
776,P/N,421.0036128516376,0.0,1,497.58618712410856,0,24.942739166838503,0,24.942739166838503,0,109.9239483417047,0,1441.5998263927897,0,376.3537510771681,0,130.4067365866041,0,744.1694399904122,0,689.1456740068637,0,10.0,4.0
777,S,2635.7531277579797,198.64893285517232,0,212.40367779445486,0,237.28717025704327,0,309.1326182840654,0,147.29661609691811,0,2925.179086542427,0,263.4766855142163,0,55.95568103657545,0,669.42687640041,0,945.091163106428,0,0.0,0.0
778,S,1325.0203589901712,99.11515902655363,0,704.4091850849176,0,289.2334313618471,0,404.05758897131744,0,386.1805585852164,0,2325.0489879040383,0,757.9855258056755,0,31.3737541070949,0,343.74218821574874,0,355.5528144916718,0,0.0,0.0
779,S,856.540517203207,41.602086462402895,0,757.9868755831096,0,35.33333945774629,0,35.33333945774629,0,422.92030044714295,0,2698.0148158858274,0,828.2186265031877,0,98.06485572038301,0,447.03571985184794,0,270.5375543134642,0,0.0,0.0
780,S,4376.256020640224,3.5244770544941852,0,1010.1222170546363,0,216.27842227432663,0,216.27842227432663,0,596.2178652856262,0,3394.8133971593716,0,1523.7591530780123,0,59.38208672556274,0,3125.4968505517745,0,856.0595131173691,0,0.0,0.0
781,R/S,10344.789944231003,122.3121433029346,0,621.8840751150585,0,23.089301121929495,0,693.3463676337243,0,159.50206329879845,0,2114.6306582869975,0,1476.6069267958883,0,161.61109288421244,0,2596.035142484276,0,796.1177946874848,0,0.0,0.0
782,R/S,16122.773936047597,46.91002548442029,0,834.0763281295903,0,86.41207174720094,0,211.87275835301955,0,132.43535499784613,0,925.8098544288017,0,882.7517793629509,0,66.48037782099757,0,3009.2877091729797,0,1071.2557818966225,0,0.0,0.0
783,R/S,67257.54345896585,0.0,6,202.32140040212948,0,0.0,1,407.03102415842363,0,508.6146864248072,0,1156.7328109967611,0,1519.1577188258793,0,3.5455097681923804,0,1842.6818120685869,0,269.68618523669613,0,102.0,44.0
784,R/S,3268.616696598381,0.056069241191310314,0,287.44740621167546,0,237.0964961867019,0,766.800279747283,0,742.1357872651766,0,1611.7782753839329,0,1533.8920257977159,0,17.42434475282971,0,1941.0764498550789,0,363.31327754124214,0,0.0,0.0
785,R/S,28587.54038957291,0.0,3,256.1304268237724,0,55.6609887136315,0,408.0791927278592,0,81.27378231115294,0,349.2603689434024,0,294.8027461402011,0,176.10267454587486,0,549.9778722416114,0,703.8519652124419,0,22.0,11.0
786,R/S,7502.812552530997,0.0,2,153.59527441665313,0,284.1554868507815,0,316.19064283023476,0,224.18384051612338,0,265.80713090931977,0,161.81479142197335,0,113.34006130921463,0,485.5040310751233,0,646.8149971275612,0,6.0,3.0
787,R/S,21522.541748344916,0.0,2,136.68761894569755,0,269.2024773241155,0,501.1452905728418,0,645.3229666864233,0,1400.8342304244966,0,1171.2279601143173,0,6.578997671591178,0,2200.2904465243,0,621.1201244174354,0,20.0,7.0
788,R/S,1017.3118574390327,54.30434201015369,0,44.903782793058866,0,280.7650210073439,0,481.5267935105915,0,593.1107106200054,0,1550.4792234025513,0,1145.0090704994177,0,126.67458431621475,0,2343.960234047093,0,775.9338770999909,0,0.0,0.0
789,R/S,8827.658681695892,0.0,2,180.2069437582007,0,72.18559122241031,0,572.2255569022532,0,712.992228661614,0,1681.521398682564,0,1274.6550893586991,0,233.3498753289399,0,2083.6691475684656,0,525.6174095842795,0,23.0,11.0
790,R/S,3421.122069673465,0.0,1,533.7041330790304,0,68.51714148700962,0,293.3932186304828,0,14.709859017212711,0,881.5936171889783,0,1174.5732238125581,0,92.71167346160587,0,1407.0905639646653,0,1400.9991035524079,0,3.0,1.0
791,R/S,3710.041861082232,3.5979090447025994,0,843.8696906573949,0,163.8183005184463,0,273.9089986864512,0,113.39939368426745,0,916.9113553924624,0,789.4556800158556,0,366.9393879617442,0,903.0422470382962,0,823.1658740092937,0,0.0,0.0
792,R/S,15085.36764154446,0.0,1,106.00642816975547,0,82.72324267768082,0,756.2409460298785,0,112.52564022061026,0,577.7802014508427,0,2034.2544577406532,0,61.540574109714626,0,2768.5997567779405,0,2080.2805008085866,0,13.0,6.0
793,R/S,1904.5901829941658,0.0,1,361.37769926178896,0,297.36536905041675,0,796.7677140395223,0,404.6051769928638,0,1602.22280126603,0,1517.1187564252484,0,45.39897205031696,0,1799.5116190804592,0,418.39090667859654,0,5.0,2.0
794,R/S,22103.370337411787,0.0,1,928.7759441401973,0,12.94909758377124,0,12.94909758377124,0,34.90746240972158,0,974.1739333990769,0,886.7473932694331,0,194.39386837991165,0,918.659579380615,0,913.570221992997,0,20.0,10.0
795,R/S,9291.595095106963,0.0,1,742.4601371127862,0,225.09633746260823,0,306.89830769889505,0,233.12783322375128,0,848.6062746281956,0,690.1876445092594,0,343.3038101957775,0,858.8646483684763,0,690.8800511325398,0,20.0,10.0
796,R/S,4502.3889028316025,31.42682076760751,0,508.48612376874473,0,151.13665418537107,0,541.1481062605806,0,428.5513109705106,0,699.1811414152278,0,462.6211993700092,0,319.159114258366,0,768.1804508205109,0,490.843607598364,0,0.0,0.0
797,R/S,5142.251854882516,21.24363108257184,0,185.91800058956045,0,25.702677690765107,0,451.9554111343218,0,612.0845978334141,0,1818.4401586672354,0,1175.5552313696357,0,229.47046846511884,0,2148.429675848189,0,627.4328278978,0,0.0,0.0
798,R/S,2729.8598314108885,14.774413128600765,0,756.8409862787379,0,75.38788849813729,0,158.88003643062885,0,41.89950358356151,0,1023.2966382175695,0,1301.1651447802972,0,53.985248128083555,0,1382.8971904432278,0,1211.2262289436214,0,0.0,0.0
799,R/S,18849.549472692324,0.0,4,199.46143022834178,0,317.538382190688,0,470.36504012155046,0,111.03534329179082,0,611.1581080586611,0,267.01247993448817,0,33.47945797496928,0,823.9131763366415,0,337.97535667229954,0,42.0,21.0
800,R/S,40261.68730580683,0.0,8,502.26445174076133,0,7.986619587889955,0,333.52753187424787,0,134.95816827682845,0,709.5948597760862,0,478.7981690419593,0,275.0974815671745,0,688.9806505889258,0,333.80208158721615,0,57.0,24.0
801,R/S,437.4298469808006,32.90095470991183,0,540.6297067021445,0,10.920239669865985,0,368.5635235603364,0,364.36048835784715,0,841.7192142549108,0,518.6016040151638,0,312.6958663551279,0,944.939675456922,0,341.21371526849225,0,0.0,0.0
802,R/S,98951.25873968416,0.0,13,563.1638346896641,0,0.0,1,43.96275989702101,0,164.10262780762886,0,806.4997466228923,0,538.9040447617235,0,103.74906643273263,0,854.733166364107,0,364.91882721846633,0,186.0,77.0
803,R/S,2125.3219701712515,1.434791734020806,0,867.7796829858432,0,238.00938268977606,0,238.00938268977606,0,268.35099994359007,0,1052.2157041040641,0,868.3475504242665,0,235.21075866532675,0,1050.5051836924677,0,788.4715317120125,0,0.0,0.0
804,R/S,8719.75762051076,0.0,1,263.5747652591645,0,338.14706643593706,0,581.7678225242609,0,67.06495776889594,0,184.89113093904567,0,1645.960054859992,0,118.9277554198918,0,2083.0465926055863,0,1976.172138926863,0,12.0,12.0
805,R/S,14734.71186455425,1.444134332164306,0,738.0136263730719,0,48.011381718628975,0,48.011381718628975,0,249.2887909117749,0,971.1778131339707,0,704.8226673041428,0,33.04807948157854,0,1029.4920449879137,0,541.1788979259152,0,0.0,0.0
806,R/S,1093.5949127954514,0.0,1,640.9188689170375,0,17.612429514105106,0,425.66854789631446,0,465.63224683540113,0,911.2771776740296,0,614.3450602502797,0,414.74525087780273,0,988.2133170676703,0,429.69496826796603,0,12.0,4.0
807,R/S,14889.605491376975,0.0,1,316.56895910801865,0,110.70704075925732,0,261.61153268551834,0,148.93225937577265,0,677.6991409984375,0,306.69117305961265,0,86.62673373799024,0,821.6957005671769,0,164.2805813908362,0,18.0,6.0
808,R/S,2502.9047550505725,24.502113387556808,0,581.419586633383,0,29.758109273019155,0,348.0846049663306,0,390.2594340758739,0,881.9113130265004,0,560.1247599844389,0,352.9794917481714,0,981.7825765964924,0,349.9904413136431,0,0.0,0.0
809,R/S,2013.8579421730474,0.0,1,554.2087721982713,0,34.173373117321795,0,310.4975029534096,0,351.31516914722124,0,870.0005361775677,0,536.3823834858752,0,323.6370476763699,0,978.0001164419251,0,311.4487270655784,0,8.0,3.0
810,R/S,1576.4591348270399,8.837269038188337,0,488.8076810762113,0,27.812358494882275,0,229.29105878696328,0,252.81554048075319,0,842.2632241693387,0,481.038405974042,0,224.5964027279984,0,970.1742531923175,0,216.70335020597835,0,0.0,0.0
811,R/S,52931.54005042074,0.0,10,0.0,1,0.0,1,827.0819495588195,0,94.07426146952528,0,516.2765112663046,0,2088.8535755234047,0,13.949048961773965,0,2743.95775775823,0,2116.1098230285966,0,105.0,42.0
812,R/S,40503.19453581984,0.0,4,542.6446742884566,0,286.1651743723587,0,646.5296292065851,0,185.89937108262296,0,1696.147246485048,0,1356.5476602692581,0,17.41697827755737,0,1928.117337605813,0,714.3584283781619,0,53.0,27.0
813,R/S,2601.997773739934,67.16176728145068,0,630.9669996549387,0,394.7065236285101,0,738.5035362763543,0,324.2299138210306,0,1810.1387751319594,0,1448.08109973171,0,136.50106934132154,0,2063.5017525107705,0,803.2575913184688,0,0.0,0.0
814,R/S,1741.6643828608142,67.03341868213771,0,579.4559403628663,0,87.89059248668089,0,629.9220983787802,0,241.75818573835207,0,2091.844295288407,0,1412.142892889423,0,97.30432432228734,0,2531.5955098510794,0,731.2178914537907,0,0.0,0.0
815,R/S,348.7533181628695,9.087548830230386,0,507.2111551187017,0,75.80899332720567,0,83.62732323393821,0,342.1609760050844,0,2112.8422433373044,0,855.9752825396262,0,448.6176662595663,0,1959.3868790016436,0,115.8038032861113,0,0.0,0.0
816,R/S,10074.59666559003,2.0956052191754435,0,589.891828408181,0,151.622553315072,0,215.18445949703184,0,441.2833494967251,0,1934.5195814247056,0,643.992454783011,0,428.8841133053876,0,1715.0940298684466,0,25.864586749194057,0,0.0,0.0
817,R/S,14915.587774243879,31.86134024109343,0,577.8331565006152,0,78.37592394471373,0,545.501598788531,0,184.56279914387298,0,1977.001096465902,0,1301.07770891644,0,42.87515840695579,0,2419.1213074743137,0,668.2236834715703,0,0.0,0.0
818,R/S,18495.976835708614,144.15478259717176,0,681.1267759743602,0,171.1521164216842,0,554.9552763885694,0,110.73758607959608,0,1869.5962688775335,0,1271.16894347473,0,44.16214055251312,0,2383.89407325405,0,691.183848634904,0,0.0,0.0
819,R/S,9659.525822943191,253.62896495246716,0,782.0594186558152,0,273.91561482083904,0,569.2614790053128,0,156.31448870794463,0,1806.7683304810016,0,1255.864885603361,0,68.46305363830615,0,2363.597514963751,0,726.2848211095389,0,0.0,0.0
820,R/S,69860.06967666722,0.0,7,245.17554433675366,0,161.6209809045869,0,387.5788781381305,0,231.82945671850945,0,1770.8130990143802,0,584.1755196439574,0,338.2824917940088,0,1433.260051411437,0,138.44973544157605,0,77.0,17.0
821,R/S,11603.470065959575,0.0,2,689.2856268064626,0,28.0920402240931,0,28.0920402240931,0,197.7729746531463,0,1887.6652140092895,0,588.3604796060005,0,451.7944932139763,0,1706.4040416899343,0,177.00214272735465,0,32.0,16.0
822,R/S,26997.836690972345,0.0,4,697.3253943652054,0,0.0,1,61.8899323495836,0,276.52953318444264,0,1736.6253131551616,0,406.4221382289798,0,319.6090257774907,0,1525.849811656246,0,114.30245676855634,0,62.0,25.0
823,R/S,22959.426825743336,0.0,2,698.4381697996289,0,18.304102577690298,0,150.10756642061875,0,270.40611501954766,0,1665.8871932819843,0,338.8247068471919,0,257.00064893632447,0,1457.1197409797564,0,113.22108405156523,0,28.0,6.0
824,R/S,38378.81208924463,0.0,2,519.329684889389,0,78.29708502757235,0,389.39495227053743,0,24.55905269781563,0,1276.4661623639574,0,177.44567590718927,0,78.39632884840695,0,1055.8238602754232,0,674.4073788144417,0,26.0,17.0
825,R/S,1331.0315983861149,0.08657026556485659,0,306.96288746961386,0,249.69682631843705,0,249.69682631843705,0,145.64182711007075,0,1104.2106250331683,0,1404.9926126655519,0,473.62648412743613,0,1120.2806140315972,0,717.1591502087072,0,0.0,0.0
826,R/S,6273.27047186807,0.0,5,293.44892049450436,0,102.53159567278257,0,102.53159567278257,0,133.1420876243598,0,731.4968322880378,0,740.2289881825149,0,77.72495859320584,0,535.5897841987833,0,1378.4806379890438,0,18.0,9.0
827,R/S,7243.223888069771,0.0,3,205.424413743345,0,187.55470567058217,0,187.55470567058217,0,180.59074506661494,0,968.4636173442193,0,1275.1112205538134,0,481.05976426937633,0,990.8493708166596,0,686.7506055066084,0,22.0,11.0
828,R/S,1201.0070911027228,55.980469171298644,0,464.58488826397513,0,190.82722257745326,0,206.95934768683802,0,84.26204245330555,0,891.8276235081935,0,1216.8368913999948,0,401.9754816538399,0,899.9381761754737,0,888.6878192926214,0,0.0,0.0
829,R/S,4261.227660789638,0.0,1,1114.2786388871468,0,88.46092931475938,0,227.4406468791226,0,266.9851425839039,0,1556.0359740070098,0,469.2168006283752,0,83.81350904743206,0,1548.063611436375,0,579.7122756759298,0,8.0,8.0
830,R/S,24523.18389203131,0.0,2,860.7863557537175,0,0.0,2,0.0,1,177.66745360564482,0,1548.056016790956,0,445.17777462288586,0,84.27209274226661,0,1562.5626037161685,0,334.35934686447484,0,45.0,12.0
831,R/S,28254.163628340044,0.0,4,879.174839557267,0,7.237921048747425,0,7.237921048747425,0,23.99693555323432,0,1437.2940336616618,0,162.74352172338868,0,13.574891923656418,0,1235.5080134621724,0,363.0522264641524,0,66.0,34.0
832,R/S,6296.1276638198,112.87716202327516,0,68.78475523762044,0,168.02882586792757,0,370.1533978272468,0,607.4822190880802,0,678.8146766085389,0,1115.5819810870896,0,58.15318560520682,0,2421.4220820082714,0,406.17461463819154,0,0.0,0.0
833,R/S,13279.139472934083,0.0,1,165.30830457197183,0,103.53432448228466,0,103.53432448228466,0,333.03828096398024,0,588.5774023213625,0,940.2961473671832,0,165.002535517791,0,414.3047811152534,0,1497.805056972317,0,10.0,5.0
834,R/S,2154.4045494995503,66.41195879398363,0,380.92260818125715,0,29.86934773299451,0,42.72984037743917,0,83.27853829901431,0,728.8040082072984,0,1075.4838427345258,0,248.02177066456093,0,722.8765236502584,0,1058.6046820846907,0,0.0,0.0
835,R/S,58860.90897716616,0.0,8,670.492346628324,0,0.0,1,0.0,1,37.01129180139191,0,1492.4502264726548,0,550.3891439230878,0,54.27522596184256,0,1597.3834244626983,0,200.12330902457606,0,129.0,64.0
836,R/S,4327.368524373162,0.0,1,42.513817105042186,0,84.34376009338294,0,181.97648236496855,0,124.38675523107919,0,1204.3805163375523,0,1448.121061603809,0,454.68772471035214,0,1267.853291411608,0,614.8208941335516,0,2.0,1.0
837,R/S,860.4783052265955,27.112303853371632,0,1033.740973879256,0,248.83237442576146,0,358.99757061404404,0,277.8848099929192,0,1472.841765031245,0,567.1807985551441,0,49.34013473018396,0,1594.3009942671206,0,714.9945764664061,0,0.0,0.0
838,R/S,7969.3746117351075,25.851982603009297,0,1038.3952943435202,0,40.97146204786761,0,40.97146204786761,0,34.79040712674377,0,1483.3546513397455,0,253.0011089151973,0,15.566589763654077,0,1288.346578495128,0,515.9577899705598,0,0.0,0.0
839,R/S,35951.0430083291,0.0,3,1049.4014267544628,0,46.407362229960796,0,86.36492846731647,0,75.0287032253226,0,1513.6108664302633,0,291.1831861902576,0,0.0,1,1319.427961933688,0,480.83054886355507,0,45.0,16.0
840,R/S,11103.858373298084,0.0,1,1039.0054979520341,0,119.09568343786725,0,215.5227550385131,0,202.46290095238632,0,1486.0092312612635,0,428.1142179668723,0,1.427528828371537,0,1436.2608600025294,0,701.4412710226768,0,24.0,12.0
841,R/S,109780.79634298447,0.0,4,937.7078760172391,0,193.21496454234156,0,1138.4773598242953,0,300.43856840989383,0,1569.5246755119008,0,1824.1605024838586,0,25.87005400142742,0,2875.978491802164,0,1417.8736981954942,0,16.0,8.0
842,R/S,3844.538275342081,13.852920190940466,0,165.74163282173313,0,0.0,1,361.4335356949904,0,103.50286569607287,0,1379.4473415063987,0,1581.2448251954436,0,360.1125105835776,0,1464.975348498511,0,611.6927705216523,0,0.0,0.0
843,R/S,749.0926305497147,11.225816007640955,0,193.90893691044542,0,26.198984196667926,0,365.3821317973805,0,134.60152041833837,0,1376.7056058104897,0,1572.0551996772604,0,419.97541325788416,0,1466.2132747563583,0,603.6170688468555,0,0.0,0.0
844,R/S,1205.1499704893404,0.0,1,304.1218870502213,0,76.99416384692142,0,474.91611311521655,0,155.51195886248206,0,1472.335525325688,0,1650.2712305084945,0,322.4055244685487,0,1569.5303040837593,0,601.9533835290084,0,6.0,3.0
845,R/S,8836.321280657525,0.0,2,72.90399411931098,0,95.72722166387885,0,95.72722166387885,0,144.39630073897598,0,1124.8630539690455,0,1356.9875440971032,0,371.08242958635805,0,1197.7302673778079,0,596.967304357336,0,11.0,6.0
846,R/S,41000.06146966523,0.0,1,131.43987661225057,0,0.0,1,604.1668712186428,0,459.1662065162493,0,859.0328430287852,0,1207.0260004738145,0,15.444387017939711,0,1954.4708943708893,0,482.72323038541697,0,17.0,8.0
847,R/S,16568.761722296207,0.0,1,427.39545288903076,0,0.0,3,675.5957445807554,0,307.65316404732056,0,1226.666893113343,0,1560.8500566064672,0,9.862515975808835,0,1763.2766786805855,0,619.4980771124889,0,15.0,6.0
848,R/S,8986.981523036973,9.975052676859585,0,346.41534557845034,0,79.89228322904884,0,533.4843517850859,0,188.8495132783079,0,1399.1412288154522,0,1693.5138348774979,0,169.9594437728415,0,1624.7288760009576,0,591.751305041256,0,0.0,0.0
849,R/S,12930.687960342184,0.0,1,97.76110088113207,0,24.356084182356927,0,260.0201674348094,0,542.7019309685396,0,711.7848388386977,0,1195.3234296578341,0,8.872966940473074,0,2409.556394094625,0,517.9316570740233,0,18.0,9.0
850,R/S,18235.68898721306,0.0,8,200.5472116388561,0,15.598819937170989,0,15.598819937170989,0,336.5318876219027,0,431.01553953842114,0,822.7200142518144,0,3.925129535998269,0,237.5860960140463,0,1315.8892927639295,0,62.0,32.0
851,R/S,7622.894369839291,0.0,1,199.61655655089376,0,45.91127253713054,0,350.7384477425198,0,54.59205627005747,0,1351.9102289076322,0,1532.564332459139,0,326.9262619309033,0,1445.915000520943,0,525.9051968600021,0,2.0,1.0
852,R/S,13916.409560017215,0.0,2,410.8162078617573,0,0.0,1,60.171387488947154,0,185.15010429207518,0,372.9628410320203,0,745.2849375706552,0,39.293993952161756,0,161.1219403092878,0,1215.6748553519242,0,23.0,11.0
853,R/S,19034.41979952843,0.0,4,364.8690695623035,0,112.01047396489832,0,533.4470399191096,0,193.85370598228474,0,1443.328848881224,0,1646.4728247885168,0,157.4083444361888,0,1615.722225900862,0,401.8951944502076,0,60.0,23.0
854,R/S,46447.432488361505,0.0,16,125.3562522090534,0,0.0,1,116.03404624521603,0,480.2395075249204,0,775.6188015510409,0,1274.856701403823,0,27.454586055773763,0,2163.801503810838,0,601.7695429284996,0,214.0,101.0
855,R/S,1077.1826518266305,61.036069167216866,0,425.8305589396659,0,40.5341774463251,0,679.7453013654681,0,322.34963726698305,0,1489.9503425802222,0,1704.1878104052473,0,109.9402145370299,0,1715.0919186470037,0,405.7467335163773,0,0.0,0.0
856,R/S,2699.1498588022237,0.013460001251919979,0,439.23396581103873,0,0.9855552228562136,0,743.0892387739824,0,415.04048232944194,0,1385.832270139049,0,1774.2277840070478,0,33.442830502921396,0,1804.9674417937576,0,434.12453479890604,0,0.0,0.0
857,R/S,2069.6875430917776,64.34078056563389,0,687.1653688538985,0,42.73890965856787,0,253.10637778743956,0,68.21298456232665,0,539.731791614421,0,721.9166953008531,0,148.94563913103863,0,341.4943733058581,0,1224.117963449671,0,0.0,0.0
858,R/S,72578.419134839,0.0,1,232.12550139670466,0,0.0,4,112.46961180686364,0,479.1215210943967,0,930.717397067063,0,1453.7837669753494,0,20.864424148046854,0,1911.1362711131735,0,541.1340971368568,0,48.0,24.0
859,R/S,78704.4853649228,0.0,10,878.0454006685752,0,0.0,2,61.43408744662267,0,18.777370110234173,0,1275.1589383003904,0,133.06536143871986,0,0.0,1,1075.1224293044468,0,798.7580615241935,0,168.0,82.0
860,R/S,1203.0107785344087,0.0,1,965.4950687753685,0,0.0,1,222.55453604135258,0,187.06451062808102,0,1427.073094277727,0,429.56988507633537,0,104.65703301293588,0,1345.9092272468686,0,919.242259029904,0,20.0,8.0
861,R/S,19966.049485112468,0.0,2,679.1922134726045,0,254.1827976316238,0,614.4728876764743,0,203.75253775217865,0,1023.5937264124079,0,1532.5764285847124,0,75.91183895469906,0,2513.766943612838,0,1339.8920146079756,0,16.0,8.0
862,R/S,47986.016038421585,0.0,5,570.0111122487583,0,0.0,2,819.4580419774206,0,146.5420141330729,0,1093.7353346096781,0,1792.9367581011618,0,0.0,1,2775.316262839907,0,1483.9524683935963,0,76.0,35.0
863,R/S,4306.381487203684,0.0,1,680.9525628656012,0,183.78256203750172,0,357.2595119831469,0,254.28778043204576,0,915.6018441865906,0,1343.9627761846757,0,163.5077034947765,0,2277.058470925442,0,1283.9148110318356,0,2.0,1.0
864,R/S,31127.47236359672,0.0,5,642.8162709909361,0,3.825243472869889,0,308.20543783563073,0,279.4170709371425,0,912.5354283848401,0,1172.5782368928792,0,134.41132973779304,0,2093.3774900293292,0,1186.6628705914598,0,16.0,6.0
865,R/S,6881.849347368905,0.18959844377593818,0,479.63168424246004,0,172.99548142499896,0,270.8400111489625,0,225.37800401124022,0,329.4354535326477,0,634.8032672237438,0,49.74420017837212,0,429.13833048247005,0,952.5464282318997,0,0.0,0.0
866,R/S,4642.854607631975,0.0,1,700.8926990728089,0,220.168572030057,0,383.09833737863363,0,222.85870769836222,0,919.0695475399052,0,1378.996665061753,0,185.85801326811887,0,2311.662487957243,0,1305.993972607935,0,2.0,1.0
867,R/S,1227.816818632527,51.49698411090451,0,356.8803608834049,0,76.6741932487504,0,758.2402787066629,0,458.32636143879586,0,1458.76657159674,0,1755.9285198750642,0,22.93856604831824,0,1816.7600506427614,0,369.78779537928176,0,0.0,0.0
868,R/S,6675.442622910837,0.0,1,526.6650426846404,0,148.6545151865611,0,175.7998457420649,0,312.17792624333083,0,268.46582166764233,0,590.0864705821526,0,154.0743178465388,0,59.73497937177718,0,1061.302556022434,0,10.0,5.0
869,R/S,1987.1872354903398,7.174194202252205,0,245.275975884557,0,223.1061830546113,0,455.5013088324449,0,296.61492339523096,0,1353.6994368669282,0,1430.529756803058,0,123.26674608638676,0,1502.43001022995,0,181.27753952512063,0,0.0,0.0
870,R/S,16745.03226521118,0.0,3,603.5323870596085,0,359.69629845371406,0,501.936629322326,0,67.22303528625164,0,878.5154993819056,0,1521.2824727125335,0,216.66899793357146,0,2490.396978568275,0,1333.7122181405007,0,12.0,6.0
871,R/S,41069.175986114584,0.0,7,657.8933241828897,0,260.13689798952805,0,371.30031756058236,0,71.4325749913895,0,837.0466070524575,0,1395.9236892401086,0,178.329670728482,0,2354.3045713668885,0,1267.926397642029,0,28.0,13.0
872,R/S,2994.257029239893,103.29450413583803,0,881.8262182307133,0,84.8535122819676,0,416.9674356038673,0,84.96387351241238,0,862.9967667655714,0,1076.2915211000006,0,84.52899621175321,0,3026.8160365611343,0,1005.6762159987816,0,0.0,0.0
873,R/S,2404.021282836438,0.619784155824934,0,297.6672789703764,0,186.35062960497245,0,359.1349224579355,0,247.3642299097809,0,1248.5777448537042,0,1341.5759373271692,0,25.336908138972767,0,1390.6376201310115,0,178.06096035258025,0,0.0,0.0
874,R/S,660.3438201606867,95.1734078479329,0,797.2598125868194,0,15.953627135766546,0,339.22614223772223,0,99.68063617117521,0,923.3492221400592,0,1076.785336737097,0,2.7715611004076908,0,2936.568270906828,0,1026.443340312965,0,0.0,0.0
875,R/S,3225.3698918223067,77.70400193235439,0,821.4616222802438,0,59.857131436443744,0,378.16312822760995,0,42.873990086267035,0,840.4572071879044,0,1033.3070140763225,0,41.45992734389007,0,2986.435166773948,0,970.689244789965,0,0.0,0.0
876,R/S,10416.806986064286,0.0,1,442.45982377080026,0,1.849716801227768,0,439.207802529157,0,705.0303046432434,0,1271.6410158120302,0,1493.045144372366,0,140.24824620074713,0,2034.6529088809223,0,495.1882832740069,0,14.0,7.0
877,R/S,3578.066345583288,154.67023470069677,0,655.2896112641578,0,309.0778215110991,0,502.2818712025649,0,458.86476906434535,0,1116.623554948309,0,670.5925698292112,0,1.919740898872398,0,1320.1550966836137,0,1239.3768054107957,0,0.0,0.0
878,R/S,7170.904658439925,31.373892760098816,0,402.3850756230289,0,77.24733651507077,0,493.7416358605724,0,747.6124764367304,0,1346.409396532413,0,1440.3607931295949,0,128.459911396953,0,2045.9698965646305,0,492.37531870140424,0,0.0,0.0
879,R/S,4232.2400818367405,0.0,2,422.6070236275641,0,161.89704870392038,0,161.89704870392038,0,430.3206385966739,0,94.74727896938137,0,397.98143394895794,0,29.668251502795716,0,286.85055383255167,0,918.2397615763953,0,24.0,8.0
880,R/S,46656.616884764095,0.0,2,394.94645060811365,0,269.9641680933494,0,577.4635326837969,0,40.477396906870915,0,833.6923252645674,0,1649.28598606669,0,4.734694056003266,0,2561.412681005696,0,1552.9328225783602,0,62.0,31.0
881,R/S,2558.7761980482524,38.04222032564425,0,126.86333356696508,0,264.1339643513651,0,686.1318444510116,0,563.414081860155,0,1587.6224122481558,0,1613.4275131051813,0,22.127723651735458,0,1751.8451087376884,0,181.45809383798036,0,0.0,0.0
882,R/C,705.6544917520667,0.9373795769046143,0,507.53566277867463,0,373.94247108303784,0,1042.6611363971585,0,222.86861391589792,0,518.9561182872075,0,2325.255563176302,0,84.63392385785136,0,2738.663668068108,0,2512.207822491896,0,0.0,0.0
883,R/C,16030.476287680298,0.0,3,614.7099763477137,0,45.390914864297955,0,310.2646078814846,0,376.58255702338596,0,935.3781988652561,0,599.9233876283182,0,335.3833884161528,0,1023.3381989132074,0,321.2746724411975,0,34.0,17.0
884,R/C,2492.5861599548152,27.733381359131247,0,486.86381246243116,0,27.444874232398366,0,115.37030293351026,0,162.63577943346388,0,884.5013059475436,0,496.17567150651763,0,115.39221860518849,0,1033.0935176683142,0,101.54170931839883,0,0.0,0.0
885,R/C,3757.448097513842,35.77438502830579,0,571.3569496326216,0,22.95550671432417,0,125.95017745790288,0,239.18429445753836,0,952.7427487438604,0,576.8458594808671,0,168.22194590995957,0,1078.326542193109,0,147.70662057490026,0,0.0,0.0
886,R/C,5170.867729678204,0.0,2,578.3252610114787,0,24.891986823664933,0,24.891986823664933,0,208.6322667255728,0,986.5585598506744,0,596.6371087765444,0,100.64678704731644,0,1133.4516338706246,0,88.39536001338155,0,17.0,10.0
887,R/C,11697.378057133348,0.0,1,759.3259031038749,0,142.60601441631886,0,453.89474405446083,0,30.581415822366562,0,1331.4287000877625,0,1001.4168975914187,0,92.31022547404523,0,1550.3339959373732,0,790.6276521214673,0,10.0,5.0
888,R/C,18846.326173269266,0.0,1,163.5460887123942,0,65.11928981218865,0,111.24377874305296,0,61.75225461201069,0,639.8578185344575,0,1495.3345171016233,0,84.6478680013012,0,1649.9236837982446,0,1695.6796900416462,0,11.0,6.0
889,R/C,864.5649326294863,245.15008990885585,0,910.4786781997278,0,495.944646753689,0,643.5809683366109,0,68.8593802301485,0,1236.4169971950073,0,1493.7183537879912,0,106.10707838374952,0,2005.5297362082676,0,1058.9401008413774,0,0.0,0.0
890,R/C,2492.5436737037803,135.8906928535029,0,1015.5130933533937,0,334.8442144937168,0,356.495928383876,0,22.47724942200064,0,1252.6871896824707,0,1144.0198556872024,0,100.88660825222749,0,1706.8226074774018,0,824.5441529410259,0,0.0,0.0
891,R/C,1120.4021859390928,25.383076263866773,0,1022.0704622157006,0,339.34711253753966,0,339.34711253753966,0,223.39402420757082,0,1174.1141016802123,0,1323.3152724410677,0,63.21941056358313,0,1811.2836785832615,0,812.7485571043935,0,0.0,0.0
892,R/C,4103.995878255558,112.20184536314909,0,983.7516315678516,0,174.00271328244133,0,400.3851307990657,0,164.38044831975253,0,1349.3164576261715,0,1035.835171371709,0,13.79786960912907,0,1426.069709060739,0,620.4671398809297,0,0.0,0.0
893,R/C,15875.024463627798,13.987136864163771,0,263.4105849596349,0,6.57444099208435,0,6.57444099208435,0,105.56736786103207,0,772.9370313345538,0,1304.4456968885347,0,113.9366270737529,0,1457.9980838295828,0,1679.6962355550845,0,0.0,0.0
894,R/C,3427.1034519899326,147.13823484094974,0,134.53109787418305,0,150.5994199040528,0,415.9157321006676,0,253.9706303387076,0,756.3854872875644,0,1638.030307762643,0,271.8687009647627,0,1796.8801192591009,0,2197.9236487109265,0,0.0,0.0
895,R/C,5052.992032092969,0.0,1,147.65191910720716,0,202.69406643854416,0,285.3651290792811,0,58.02198222197351,0,1416.7245482855799,0,866.4458955192483,0,36.373954588372165,0,1004.030512332798,0,1256.2148942008896,0,10.0,6.0
896,R/C,33411.086296623944,0.0,1,0.0,1,59.237979349533106,0,71.18450526290941,0,160.88263814784807,0,1496.2355819891677,0,749.6063826008087,0,57.7037922520603,0,864.649146948691,0,970.1051709650887,0,6.0,3.0
897,R/C,4782.72666668893,0.0,2,407.89483607372176,0,198.91258452589227,0,198.91258452589227,0,29.31429110989588,0,1775.5369743163528,0,691.3366078003523,0,139.14141660666488,0,760.8567179639306,0,898.4993156412226,0,15.0,8.0
898,R/C,4444.332945011592,0.0,3,338.5424310201081,0,196.07980089746687,0,198.8268263052724,0,83.36192053766999,0,1877.5699532664703,0,611.1283167001517,0,13.129181357244478,0,694.0512898400739,0,1041.6637282430609,0,46.0,23.0
899,R/C,18089.59712049821,38.609750927225996,0,156.05935053125083,0,296.3179812411151,0,311.0611190541305,0,148.77244311401327,0,1541.3192508508935,0,1025.9323642378026,0,13.229947515756615,0,3038.6220117057064,0,920.5281145879084,0,0.0,0.0
900,R/C,540.563583571347,0.0,1,121.55661131586753,0,180.99446596457145,0,384.0213816526264,0,395.81532437451875,0,1224.5422938815843,0,1145.8260064248327,0,168.22619994844064,0,1304.5545027884987,0,1884.0072739991945,0,7.0,4.0
901,R/C,3534.4683458089776,243.2627520878678,0,743.0036577009513,0,45.868371323759256,0,266.4509274225084,0,31.396365144922882,0,1225.4577015553718,0,863.7924736258759,0,44.95302277734878,0,911.9634445490842,0,542.7797725108046,0,0.0,0.0
902,R/C,30924.10998726544,0.0,8,117.55398334368215,0,0.0,1,260.4882133886197,0,196.50009916692304,0,921.2897061128494,0,1367.206221370073,0,17.309385258147007,0,1524.059944971694,0,1967.8897051135154,0,66.0,32.0
903,R/C,2071.497814339078,14.696239985807445,0,187.9380592703083,0,0.0,1,406.61022174020763,0,306.9300859803226,0,965.6928170795363,0,1489.021243459485,0,102.87482217018375,0,1647.3722152463663,0,2135.12508731117,0,0.0,0.0
904,R/C,5744.110374713413,0.0,2,284.4854897559633,0,0.0,1,0.0,1,48.916081604237725,0,1651.2927593916468,0,564.108487313048,0,147.5228843631885,0,702.1683572981759,0,1315.723273936254,0,20.0,10.0
905,R/C,5548.057993367719,0.0,1,105.64356987582403,0,192.00179135513008,0,400.1526226677719,0,394.07190127042514,0,1198.5631307173685,0,1131.161010790254,0,178.34655696256567,0,1289.0080924200176,0,1817.7140095805742,0,9.0,4.0
906,R/C,2523.3285511245936,0.0,2,23.735470713185304,0,121.1134233833773,0,511.7378766347517,0,360.4750036087557,0,1360.008013504038,0,978.0468357573604,0,206.28202805815116,0,1135.654475605834,0,1692.2338026279285,0,20.0,10.0
907,R/C,1636.177424459537,194.05121503338546,0,564.1642424053778,0,105.33121113029101,0,205.1867534254803,0,128.14951647621027,0,1108.5446705204172,0,751.1609400655052,0,97.80931965765848,0,808.4566473349512,0,442.7054581341197,0,0.0,0.0
908,R/C,37104.88014298203,0.0,2,340.15044840757105,0,35.026267920883086,0,318.6844676359364,0,136.01540851018012,0,1074.223827834355,0,1236.7686885402682,0,135.7698344361347,0,2615.305223453536,0,915.8026336176231,0,16.0,8.0
909,R/C,1586.654452350418,2.6318083431444816,0,636.7391753899313,0,336.5041274229876,0,365.32371626757003,0,89.36766546729318,0,815.0594113710885,0,1036.6315351970275,0,122.4573684458299,0,1104.2225719986561,0,138.2602613683003,0,0.0,0.0
910,R/C,1782.7136845074617,184.96179120041865,0,491.13703465232857,0,325.3669059541697,0,523.3471338256655,0,379.4047858651869,0,1423.7379051202354,0,1281.1926454990205,0,117.56881175326279,0,3035.545352969342,0,892.1320217588109,0,0.0,0.0
911,R/C,4729.020242811046,116.59998844894275,0,551.3800415298468,0,203.49475152794142,0,316.7437849632759,0,156.71308836020853,0,939.5844396845775,0,838.1805417693055,0,99.26408541666459,0,899.4369385579972,0,257.38568249302534,0,0.0,0.0
912,R/C,2052.9649540718697,84.38407412533843,0,638.0563095371169,0,183.22705759016588,0,362.35081385517174,0,21.183746459387404,0,568.2637493511224,0,832.4687624967268,0,175.10243328459507,0,1374.951017899229,0,197.19023427201213,0,0.0,0.0
913,R/C,8432.496243710468,34.9306466184222,0,518.1032469781292,0,64.88124974958413,0,64.88124974958413,0,237.83894535524823,0,1269.987768268024,0,411.3343406466841,0,83.12523729894261,0,441.71654955934423,0,642.9966258975583,0,0.0,0.0
914,R/C,16258.740020924095,32.930565967806494,0,537.3842157057649,0,177.16541546775971,0,261.791328921231,0,37.669402422553524,0,471.4036096881321,0,743.7398077649069,0,56.30570066377028,0,1388.709485123455,0,217.1918501012545,0,0.0,0.0
915,R/C,2933.9480264671197,104.35041389377119,0,358.1992600916122,0,69.54470468946913,0,69.54470468946913,0,98.9621732760808,0,1966.4815186620694,0,267.10416067012636,0,232.26448597432054,0,423.23228449136496,0,1331.9362524087617,0,0.0,0.0
916,R/C,1318.4301107202566,3.4270352547382106,0,483.7439461609169,0,142.96949204197668,0,520.607535680286,0,43.347282821727916,0,412.11763585327344,0,675.4679225068813,0,225.60827050792446,0,1469.0387793534373,0,313.89994484284716,0,0.0,0.0
917,R/C,33092.17509388361,0.0,6,295.7936316441544,0,152.6791883507078,0,152.6791883507078,0,164.5906695895213,0,1601.436018489289,0,518.2363015111565,0,2.59516833217463,0,677.0727228525942,0,1357.7975167334757,0,48.0,25.0
918,R/C,565.3475122533268,89.39909532827305,0,338.6902163775638,0,124.6358598958676,0,124.6358598958676,0,138.43384322859197,0,1967.5705403868485,0,314.86102383275187,0,271.7034970822698,0,473.42853980090166,0,1307.6039530176738,0,0.0,0.0
919,R/C,12515.604541832656,0.0,1,364.29021313869623,0,142.81501486348571,0,142.81501486348571,0,208.2063690185061,0,1739.8785292520336,0,417.57470186541207,0,146.98237137275243,0,573.5852640945762,0,1284.1626138209228,0,11.0,8.0
920,R/C,1155.3992569476586,116.58561735620776,0,421.7657589695479,0,309.51182791661995,0,309.51182791661995,0,302.75853167474884,0,1846.8980519041459,0,527.3105475008837,0,140.9366500995916,0,680.0881044255977,0,1295.9923943582442,0,0.0,0.0
921,R/C,387.8796242059201,134.25899062522225,0,378.13397547845864,0,282.01424127235015,0,282.01424127235015,0,320.4869874083687,0,1903.4748007846883,0,478.8373582515502,0,192.25873068145387,0,630.1787510329117,0,1269.6170544659203,0,0.0,0.0
922,R/C,13371.67959775431,96.31106914678736,0,199.36708118548054,0,95.09698921171697,0,95.09698921171697,0,101.26273066941609,0,1933.8436107421549,0,225.26274373514022,0,136.66078544111636,0,372.93287714853284,0,1160.9000851618976,0,0.0,0.0
923,R/C,2292.201942623931,0.0,2,476.57129546497896,0,300.01422873731786,0,300.01422873731786,0,116.6974843668678,0,1841.4370612959212,0,679.4323383844827,0,188.56391865060095,0,818.1932384614879,0,1236.0852236059973,0,13.0,6.0
924,R/C,1357.5900868574154,27.216421920461126,0,527.1967271538475,0,410.0152051993451,0,427.8587603206703,0,196.03869170544266,0,1479.4300379263825,0,120.36559619682826,0,12.925080319844879,0,183.032047554763,0,933.9954730923718,0,0.0,0.0
925,R/C,3911.8472883093045,232.57678609008144,0,169.17641594330144,0,126.0489605338263,0,126.0489605338263,0,118.45474864921032,0,1844.2982513943339,0,24.79178095191281,0,6.963985442756153,0,172.9074494631728,0,1105.8754970683922,0,0.0,0.0
926,R/C,2492.315946622555,176.4368873706877,0,86.96704563279884,0,155.87735125501865,0,155.87735125501865,0,149.56715634502612,0,1923.3418421289482,0,122.00882195286633,0,0.0,1,243.69644635192898,0,1058.7428726941134,0,0.0,0.0
927,R/C,6484.640821141411,196.1691398760774,0,149.5061935891697,0,186.10442103120405,0,186.10442103120405,0,178.44042950774406,0,1788.3997346330682,0,27.85864570873376,0,12.642538450298272,0,113.34212893959617,0,1061.3311359507213,0,0.0,0.0
928,R/C,3705.4973543832098,159.4508718958844,0,63.26081096813864,0,175.15562411144364,0,175.15562411144364,0,175.93428431756288,0,2003.7546985528404,0,223.95502554749328,0,0.7218640451558165,0,337.07968437774554,0,1028.895719223313,0,0.0,0.0
929,R/C,3255.6988939029984,137.7661819846741,0,53.90909704251558,0,194.50852809116597,0,194.50852809116597,0,188.4629780241781,0,1910.9352958958316,0,142.65863820286094,0,27.17124191027317,0,235.25377150802117,0,1020.521651697346,0,0.0,0.0
930,R/C,1369.9395967121602,2.4838583058615966,0,385.6714035327407,0,157.5462711145543,0,157.5462711145543,0,276.6842760478123,0,1957.6935308457657,0,615.2404161668218,0,17.200031769265216,0,738.9919207265444,0,1058.695691627005,0,0.0,0.0
931,R/C,5112.590538549689,125.35332337132506,0,132.17090012022555,0,134.70033675652127,0,257.92956107631244,0,251.05960457503582,0,1816.8409210334114,0,141.66119981560712,0,23.47078387484323,0,150.38292307848948,0,963.6707203648848,0,0.0,0.0
932,R/C,3344.4176587181028,109.9420899188468,0,142.06142931050823,0,61.24592850580463,0,341.8581233533801,0,335.3586073054795,0,1825.6441992733346,0,222.99004071474877,0,4.118574398893027,0,201.78866978029973,0,886.803677429857,0,0.0,0.0
933,R/C,165.05634410550147,125.27227006136576,0,172.32424394324073,0,82.52303376866162,0,379.61349380678877,0,372.90000513710606,0,1859.653209742277,0,267.5041160646012,0,20.57696684532428,0,253.395970687483,0,905.5514168943303,0,0.0,0.0
934,R/C,971.7895330850233,257.1448170551069,0,223.33655436227835,0,97.55171333320067,0,1048.8147690809649,0,50.00373796621299,0,303.53974248645824,0,311.23102369310516,0,0.0,1,1971.4769560017749,0,977.5651745967407,0,0.0,0.0
935,R/C,8487.877257080925,9.361382993417331,0,29.977483977319526,0,32.699489965448365,0,260.4914822208385,0,273.7060083731215,0,1804.4705256300847,0,196.6590354699478,0,10.684019892157337,0,247.80372822966334,0,818.8901334821253,0,0.0,0.0
936,R/C,21168.23957793925,1.1647647140681345,0,6.247884880302708,0,73.52740612718519,0,133.62318096898653,0,228.2965193649914,0,1782.6813512088,0,235.90364306975854,0,5.499795563775487,0,338.3027412654961,0,811.4318773494555,0,0.0,0.0
937,R/C,703.5258371476758,37.55809973848325,0,97.5538073472672,0,125.56625155091636,0,217.03689143099777,0,390.7338487563138,0,1817.3130599425938,0,363.0165454807423,0,69.04861531698876,0,412.6658501647563,0,841.9174739849805,0,0.0,0.0
938,R/C,806.7200161952089,34.58059092482734,0,211.0388012627809,0,299.13501702036376,0,299.13501702036376,0,61.457542539641935,0,801.912514439153,0,817.3527524912497,0,62.763057833203085,0,895.9354319180612,0,220.73873091348722,0,0.0,0.0
939,R/C,3158.7537195678583,330.3699295248652,0,389.00359493242394,0,256.3239451106766,0,1198.9078196672274,0,210.17469480564802,0,469.04515802573445,0,435.4656086318298,0,109.18028686593541,0,2134.106723698387,0,1136.9424727430544,0,0.0,0.0
940,R/C,3297.0021172935726,97.25188453331516,0,177.30885740932007,0,301.7492518139986,0,351.0701295009422,0,26.304542312530213,0,867.6283101000315,0,737.6922075572031,0,119.1233024061049,0,810.5626595286161,0,225.9753164601711,0,0.0,0.0
941,R/C,187.75230365633587,157.8625294029163,0,432.7746282361218,0,343.2832845712051,0,443.9935985823085,0,201.9609500720055,0,687.8047956635567,0,649.8373388698461,0,6.664760934486566,0,1106.330710508779,0,113.08908633452096,0,0.0,0.0
942,R/C,554.9843667809245,151.33247596683782,0,421.7025054320799,0,367.797353723265,0,451.10612237570245,0,200.71561768911943,0,715.6295604658835,0,669.0687771896597,0,19.997277259745882,0,1087.7611007946775,0,67.50410252953864,0,0.0,0.0
943,R/C,31112.405181234335,0.0,4,211.49018203175348,0,0.0,1,167.1625555340283,0,463.70086354753374,0,1557.674226310377,0,460.14466019982405,0,65.30481627192903,0,477.62925067210006,0,601.4128669813056,0,27.0,15.0
944,R/C,691.1714955059031,127.50645653216652,0,382.58486832514006,0,321.0090107171531,0,502.3193827726567,0,138.1457451145389,0,854.9176695856178,0,805.597955790485,0,155.77820487290995,0,988.4404738647141,0,65.5844525272077,0,0.0,0.0
945,R/C,1074.8880623601262,193.98583061587087,0,434.6001427798557,0,210.39163393365126,0,396.1240503291047,0,591.5712802799251,0,1517.0093308605544,0,580.3105874909506,0,123.92180594966209,0,703.611752049909,0,561.2797531748628,0,0.0,0.0
946,R/C,11355.397590633023,5.1448971595042705,0,341.5373109482466,0,45.850563858908025,0,273.9109791571477,0,486.84172804802347,0,1499.2013080048673,0,149.08232027723747,0,62.96855471693136,0,1182.488356597225,0,841.5013857591407,0,0.0,0.0
947,R/C,3707.6079419954385,990.142818253721,0,572.9851965570446,0,474.06005197005516,0,1501.9479037578833,0,309.0850894922464,0,1618.0232032998488,0,1543.0236902824695,0,65.39467026396079,0,3279.954903860385,0,925.3602045304585,0,0.0,0.0
948,R/C,13224.508625917795,193.83109933909847,0,441.26162270651133,0,124.64504626570357,0,188.66370222446662,0,660.1647850140412,0,1508.3274665210163,0,148.93752136808632,0,8.439025715037973,0,1347.7888317748225,0,931.3111584369365,0,0.0,0.0
949,R/C,10571.715075424285,117.930488039548,0,548.6863022455235,0,324.8635114114448,0,336.2511689924926,0,70.35381586764693,0,673.8022891428631,0,539.8336557992241,0,7.358159534979826,0,1199.873967858838,0,132.89974097348085,0,0.0,0.0
950,R/C,1495.800783491973,102.53341986511104,0,699.9407411960639,0,192.01235973012996,0,192.01235973012996,0,196.26451485447,0,782.4926890152432,0,577.0383233390093,0,76.83472312197213,0,1451.439956163038,0,396.31792633674075,0,0.0,0.0
951,R/C,28291.81789735501,0.0,10,411.05604229231,0,180.87542734188094,0,378.8501999232862,0,180.7378985857845,0,1016.9481954918074,0,851.2916311671647,0,99.23775861710172,0,914.8953515957138,0,207.31166135188917,0,89.0,44.0
952,R/C,1650.4753587807306,391.3728242153127,0,737.179106918971,0,90.48383039727905,0,274.1518239613224,0,450.3338226651919,0,1285.517188709864,0,12.835624777862936,0,99.99615279591129,0,1322.0766580250406,0,750.6769755880051,0,0.0,0.0
953,R/C,998.5820667870714,61.42822545397437,0,355.84552281790104,0,290.81158416178715,0,387.24021682558845,0,201.1157265304606,0,1399.6769189725865,0,959.297270056945,0,36.52332063078934,0,1000.3274714039941,0,601.1596246916642,0,0.0,0.0
954,R/C,29972.554169320483,434.3871138474379,0,737.3826540562828,0,68.00400188483759,0,68.00400188483759,0,302.915317978041,0,1163.8105194882123,0,97.01510427290532,0,190.62771525081502,0,1404.5636072313919,0,756.0843482134168,0,0.0,0.0
955,R/C,1114.0587148476288,141.44647538256373,0,242.57090346449985,0,247.165302846871,0,498.4902590878014,0,106.65356046130938,0,1377.905090734233,0,1068.2574236553828,0,21.230953052911683,0,1110.7725359693677,0,600.7497870472548,0,0.0,0.0
956,R/C,140758.2410718057,234.20976966606742,0,460.7139437023094,0,0.0,5,0.0,2,406.1204494169312,0,1287.9927853067786,0,0.0,1,22.657206304394744,0,1232.377400337025,0,727.9396670799442,0,0.0,0.0
957,R/C,1000.5855482623797,486.0878101536014,0,637.5638046754431,0,45.18223060146109,0,45.18223060146109,0,606.3889680297483,0,1503.8695577472138,0,327.3583972830482,0,184.1987842513648,0,1619.8076410234357,0,1104.9704844036933,0,0.0,0.0
958,R/C,16564.425743311214,325.20035364874724,0,687.3636681702565,0,138.88791430266272,0,278.42817919407184,0,243.26251372970597,0,1075.8497879937358,0,118.13485342422436,0,158.2026268360478,0,1342.4921626982998,0,618.4088059176174,0,0.0,0.0
959,R/N,6587.338702942503,300.4249027558383,0,571.3465934939221,0,175.35613783407254,0,175.35613783407254,0,138.30228319731395,0,972.0840210765307,0,286.693486650315,0,158.27940619431018,0,1378.395469468112,0,620.33874079682,0,0.0,0.0
960,R/C,7926.31424970455,190.25018721127273,0,676.5853372072664,0,237.86859876838557,0,334.5292892330874,0,223.65562067727495,0,1013.1302133099452,0,257.6996367313766,0,6.795181140011846,0,1246.7229109558166,0,470.77020304286776,0,0.0,0.0
961,R/C,23928.260551292897,44.153427157482945,0,561.4107584140809,0,45.46469807791732,0,45.46469807791732,0,87.6556269575803,0,844.6942703075795,0,612.3654495140288,0,22.102314492490788,0,1502.9404120528623,0,488.43743815441064,0,0.0,0.0
962,R/C,29669.53190530428,0.0,1,561.4680074875723,0,112.92939787416522,0,155.36212007795524,0,269.2805475841393,0,994.7420995518396,0,669.0345143470735,0,5.8592649983770855,0,653.4215627551175,0,61.829517475601214,0,8.0,4.0
963,R/N,3727.723534647104,102.29402845226772,0,425.3662001245513,0,162.12346735874053,0,317.98396935306823,0,227.5052312584615,0,772.3547764825587,0,785.4146439371158,0,141.77434004380913,0,352.11495265879773,0,607.7803237421962,0,0.0,0.0
964,R/N,2250.596683407066,27.646737844233122,0,390.16892001173204,0,277.4481555112734,0,462.52143830387735,0,245.8664028607021,0,976.7246989750818,0,520.4341522892861,0,21.606434034755278,0,1119.2843972045587,0,1641.6689411294453,0,0.0,0.0
965,R/N,11277.590224714506,0.0,2,280.62375686237203,0,281.5284082810597,0,380.18970028782485,0,206.1922501697392,0,1106.6644881312545,0,616.3929254157513,0,12.075364315920522,0,1227.3981961066027,0,1656.615488304711,0,8.0,4.0
966,R/N,5557.370624382065,123.44391325802673,0,461.6210173716405,0,155.1680458755691,0,262.50561362213773,0,282.70276567755025,0,919.0380515534046,0,370.1299014359207,0,71.91683950068303,0,986.3041213325478,0,1437.114811259098,0,0.0,0.0
967,R/N,3308.946877574557,15.62047576524048,0,247.51126528902842,0,157.1301173406307,0,207.6105289213531,0,269.8603045656073,0,118.16079004605734,0,301.7013392877234,0,3.7971481899449873,0,319.5840645494741,0,1007.1604253250229,0,0.0,0.0
968,R/N,4278.5987957986035,0.0,1,432.51342856553043,0,620.1315415182247,0,1027.0093234536846,0,127.80512404712456,0,1765.8443219042122,0,1730.0558225499267,0,160.46908178453796,0,1377.49414170524,0,995.9080999799796,0,10.0,5.0
969,R/N,11327.76997292115,10.130279055930316,0,431.7018916400817,0,593.6180552111988,0,999.3867064926741,0,123.45545410186865,0,1760.3467549241554,0,1728.0380752554147,0,148.0983054547332,0,1368.0204677561585,0,1003.0365275554317,0,0.0,0.0
970,R/N,5002.629460830694,52.97757339905147,0,542.4650973133562,0,644.5888877959625,0,1039.8513252106163,0,231.7884059267326,0,1864.5143902629159,0,1835.3569058872733,0,173.2767641244301,0,1466.7934101883334,0,1117.9030185720949,0,0.0,0.0
971,R/N,7488.46209095589,15.590096079571673,0,460.56622734009284,0,552.8872670339423,0,953.6763911244265,0,150.39620094672273,0,1769.7120520508463,0,1744.7880102039453,0,87.60515186926622,0,1369.1827630819919,0,1046.3760619697775,0,0.0,0.0
972,R/N,7725.636802497969,15.216237669399534,0,447.6618261179623,0,528.1350277842205,0,928.2021360862182,0,145.58634267365036,0,1748.7912469253513,0,1725.5352432173659,0,59.89937683999652,0,1346.8088784052686,0,1042.4638468127112,0,0.0,0.0
973,R/N,15176.911567450488,16.019516697977707,0,602.7951701390364,0,590.1679634424144,0,957.026264574111,0,294.89190244740325,0,1903.7689548494172,0,1882.555206980665,0,173.6445929039797,0,1492.685624715552,0,1191.7490609148615,0,0.0,0.0
974,R/N,19570.694368283206,0.0,3,569.1919302526858,0,294.5806810469506,0,639.7534941114355,0,119.57119213065154,0,1689.105000589093,0,1681.0194265075086,0,136.9551750491387,0,1258.7586580666298,0,932.8553163244455,0,36.0,17.0
975,R/N,3640.964564417874,307.6488909861777,0,800.011652859977,0,214.848765500423,0,214.848765500423,0,155.41494567996048,0,1567.7797854972218,0,1369.8802469263642,0,15.022722343930463,0,1136.4613099941118,0,373.7762757121524,0,0.0,0.0
976,R/N,8238.836517409401,584.2640768357555,0,744.9745593022543,0,492.7963379805804,0,492.7963379805804,0,195.23743976923572,0,1834.6990283079024,0,1542.6825481226674,0,12.75084309072397,0,1418.8458104365022,0,283.1603307505049,0,0.0,0.0
977,R/N,3277.738467703986,705.3371942166488,0,809.976002059285,0,668.0417223310798,0,668.0417223310798,0,297.1139308231807,0,1984.3095811592023,0,1647.6626260826276,0,32.095656869229536,0,1578.7518128477755,0,380.28020533317294,0,0.0,0.0
978,R/N,2751.9167926601094,11.325931636345857,0,395.94565839622635,0,105.0798177201984,0,222.91539149831706,0,76.31027234712697,0,1306.8306462096625,0,977.2555969640791,0,14.547558809526791,0,1541.1206200400325,0,2088.496904101637,0,0.0,0.0
979,R/N,1586.355655876843,21.84583109793147,0,485.02168197492404,0,134.80244624695982,0,275.9844034712293,0,235.226382047589,0,1435.6790130614706,0,1130.3909987615734,0,157.54179278142576,0,1688.0004014893318,0,2175.488740512202,0,0.0,0.0
980,R/N,128664.85317670467,0.0,37,2.733525339308101,0,0.0,5,378.38232957233845,0,8.071969477843815,0,291.98014058430164,0,366.1774711328036,0,0.0,2,690.4989955585107,0,820.8743113464557,0,304.0,160.0
981,R/N,1093.3317730883236,83.03166247539905,0,466.3646890796474,0,22.041607474758113,0,466.408976028564,0,447.85506819251077,0,363.3357214849124,0,344.69558758825065,0,166.3118415127011,0,624.8284762251968,0,1291.9525256692652,0,0.0,0.0
982,R/N,4641.531192918462,0.0,1,105.59351069022972,0,79.84077919672505,0,587.8475589099833,0,132.5560050790656,0,868.7328314543662,0,583.4674889342265,0,182.25053544561095,0,1112.0219551063612,0,1693.9953351792094,0,6.0,4.0
983,R/N,2399.152777247816,65.61449848911101,0,419.23384386798585,0,190.99469241148248,0,254.39107963804778,0,262.8415081330806,0,431.3209860012288,0,93.0664626493367,0,25.651105076114376,0,491.34292746297683,0,1293.9794468984205,0,0.0,0.0
984,R/N,1074.7877250349536,143.61026276773026,0,300.46823762414647,0,39.614920442925076,0,39.614920442925076,0,234.79073204636433,0,496.15527533490786,0,245.48118337086197,0,81.44784404991672,0,356.98898750938645,0,1120.7069477623377,0,0.0,0.0
985,R/N,544.6591582984299,5.87026918049181,0,784.6065725107652,0,94.6280406146262,0,378.81358827561456,0,138.44745372749236,0,1014.1766022983913,0,552.7895892884651,0,115.91670876019701,0,1157.4582142288236,0,216.93276259322687,0,0.0,0.0
986,R/N,1813.426851486955,189.2471586828257,0,602.8638479086763,0,282.00841527202084,0,282.00841527202084,0,153.5877669765343,0,953.9365209671115,0,355.37948413719454,0,47.347027415304,0,1340.1475429237478,0,496.7700310500175,0,0.0,0.0
987,R/N,1217.0652416848225,533.1732059033912,0,670.8679788717338,0,489.01725085894594,0,489.01725085894594,0,172.69807213120913,0,1798.8749543608121,0,1471.720807350491,0,116.87879284758515,0,1392.6131196153565,0,205.4666901664618,0,0.0,0.0
988,R/N,740.574937082634,127.64137944288612,0,335.6059251108047,0,43.711732757499306,0,259.6017598061324,0,206.44870477766887,0,1035.9730354705412,0,678.9413216628521,0,0.0,1,692.0974927045254,0,530.3184111269059,0,0.0,0.0
989,R/N,1908.337989147176,299.68851259559875,0,465.83275138934175,0,70.90941193596662,0,70.90941193596662,0,35.19610640216714,0,875.8885763718115,0,457.12076295915216,0,142.3409820444455,0,1289.2929231091034,0,656.9069819893759,0,0.0,0.0
990,R/N,2075.2669582217013,0.0,1,209.80988296476508,0,79.63781827280147,0,492.09455707307933,0,322.7645198753674,0,639.9482345656638,0,400.3788029857893,0,98.87944747291368,0,882.4422282906249,0,1518.2356064996234,0,6.0,3.0
991,R/N,3201.8612150242025,5.001541332331969,0,593.5950983667385,0,256.64075528370864,0,346.1056653317985,0,138.2018162094701,0,949.6161284677718,0,764.5273227165378,0,94.23797321927157,0,1002.4796856172868,0,477.3346774577137,0,0.0,0.0
992,R/N,202.18193149979805,15.205599838153972,0,629.7303268183534,0,276.3673887182975,0,364.37163880028044,0,151.9697012336069,0,966.6443294335245,0,780.6741525412799,0,129.77133946164258,0,1022.9387756732568,0,514.8459692013109,0,0.0,0.0
993,R/N,1856.5950004344022,87.91059803473898,0,639.2702620965697,0,173.3688531007565,0,173.3688531007565,0,18.025548956529608,0,1140.766932010906,0,958.6345994143431,0,100.32902292298748,0,714.7182665124724,0,512.0348397207032,0,0.0,0.0
994,R/N,9187.907670074977,0.0,1,350.91792149543124,0,132.164822480588,0,413.2451024048306,0,335.2360007291366,0,994.9976036788106,0,498.50438866592623,0,5.637755558162343,0,1108.4454636653727,0,1513.5231149819926,0,4.0,2.0
995,R/N,1336.7805167055417,2.586532241371259,0,290.51795420373054,0,179.50961970428241,0,569.586997607136,0,276.98169543474256,0,1111.5133363624386,0,937.4113819649422,0,103.04680971661514,0,1417.407217751213,0,1804.2535354856925,0,0.0,0.0
996,R/N,8942.983785092223,103.86856784140888,0,563.3519991217312,0,386.7123049996429,0,721.4902513077375,0,430.5921194779497,0,1115.5099594938395,0,1126.0531877618232,0,47.688436542255694,0,1512.2099675379095,0,1476.4958088455421,0,0.0,0.0
997,R/N,957.1824921474711,0.7379048820162366,0,150.05907637628007,0,6.312727975805279,0,546.5577871856518,0,125.95957549671293,0,978.638119454873,0,732.39533327249,0,195.17965180510114,0,1243.5050388618972,0,1760.9001021462414,0,0.0,0.0
998,R/N,3892.7297118354427,64.75831536353586,0,391.1983429407711,0,236.89950263608648,0,236.89950263608648,0,217.92860662561895,0,664.8931560427335,0,191.74783388639526,0,88.0722905630867,0,786.3286669889823,0,1416.521964223585,0,0.0,0.0
999,R/N,13586.115185227887,0.0,2,379.38263093320853,0,25.68284160315037,0,147.52987032517942,0,180.987913614263,0,1411.5661753421195,0,1086.8765324212484,0,123.06876530561036,0,1652.9836706474848,0,2168.6095897752084,0,12.0,6.0
1000,R/N,1586.3359472859058,10.015725042189837,0,295.7730302752261,0,162.26234866581927,0,179.79499495898048,0,22.829131689932943,0,1293.1478527986437,0,927.57970769857,0,50.8137367577191,0,1505.4357084897701,0,2025.4215351319708,0,0.0,0.0
1001,R/N,18183.068772813018,0.0,1,447.58290397081083,0,769.8022414006572,0,1179.4745818930169,0,60.58325430282045,0,1785.9197219570435,0,1730.0013601557657,0,6.138903878366209,0,1423.3741444102538,0,915.4310985154589,0,15.0,10.0
1002,R/N,2069.148132209066,0.0,1,434.197619982542,0,565.8457836795031,0,970.305760834938,0,123.4672093417653,0,1753.480436427391,0,1724.7580596622222,0,115.3366935306234,0,1357.234715186843,0,1013.7287915226673,0,20.0,15.0
1003,R/N,4284.7692610698205,0.0,1,280.6040641320262,0,128.78803279159197,0,677.8664300458727,0,70.26313992173863,0,777.5506869507731,0,829.720263836139,0,12.272625113008338,0,1152.628151945828,0,1340.1616405517743,0,6.0,3.0
1004,R/N,750.967407799159,41.93176233287486,0,619.5621178545329,0,239.5019470785817,0,351.28536281417536,0,216.16595032368917,0,1032.5872222052528,0,842.7769596892749,0,128.44961175474168,0,1109.0983409902185,0,443.1287146625401,0,0.0,0.0
1005,R/N,1210.9215091950175,195.57863339771058,0,422.8332563077009,0,177.38092928602148,0,314.02947458105103,0,216.62664597537673,0,1074.0760431539331,0,497.8223467323803,0,116.42288023981367,0,898.8356163985682,0,872.7106827766863,0,0.0,0.0
1006,R/N,740.6205233107327,205.71149046121272,0,569.8452332746837,0,770.3243277419948,0,1122.694537200805,0,138.32504062527514,0,1840.6825378937817,0,1759.794483120636,0,210.49792479435712,0,1517.8722821158328,0,900.6433950022474,0,0.0,0.0
1007,R/N,1347.1216561343265,9.41271902418596,0,245.48523907903177,0,110.48713441589238,0,110.48713441589238,0,265.32260086930495,0,390.1865105080159,0,350.87087170446637,0,42.62363542928127,0,201.06389649336668,0,623.3960886623761,0,0.0,0.0
1008,R/N,915.9709811746828,8.358386666385107,0,323.4364376228559,0,97.23335938477138,0,97.23335938477138,0,224.92445633569346,0,466.6801088998866,0,410.9179396612801,0,105.42206705607103,0,279.7185450171047,0,544.5618975793124,0,0.0,0.0
1009,R/N,1182.080787978573,15.489195331375125,0,243.49557709168172,0,173.1803514582759,0,173.1803514582759,0,277.7038482550804,0,239.33907003720705,0,227.59883989973872,0,68.39336186661464,0,253.41786636342587,0,737.5030590343571,0,0.0,0.0
1010,R/N,777.7263952008344,74.42354894722405,0,610.5701282860564,0,222.9367025372456,0,235.1173384953909,0,36.73748719351302,0,1015.5517443446704,0,991.7750130221976,0,132.06263624212406,0,577.0003572850262,0,767.3803292366194,0,0.0,0.0
1011,R/N,736.4823054374356,15.668090022780497,0,577.4948974256232,0,370.60259582911874,0,370.60259582911874,0,90.73374379557241,0,813.3019089504941,0,722.568301193739,0,115.61612792559917,0,576.8815683698413,0,215.93601451964045,0,0.0,0.0
1012,R/N,443.5514264923447,10.322590231988997,0,592.7114150569075,0,170.17400853887276,0,196.82836811776826,0,175.98903909217887,0,630.9000834860019,0,500.8166656617181,0,264.8694365171441,0,554.673642798098,0,378.1261878410509,0,0.0,0.0
1013,R/N,1270.8122842330422,46.29769036522785,0,390.3408614210688,0,120.02654831752812,0,120.02654831752812,0,135.78729426414773,0,547.9085716103787,0,473.9430004514628,0,183.9806867905432,0,337.76062014990697,0,424.9963789027061,0,0.0,0.0
1014,R/N,2475.4871526157835,11.56302256348866,0,348.68583783007756,0,216.10635102908822,0,216.10635102908822,0,179.0017644964555,0,580.7514793578499,0,541.8818028017234,0,231.77235710987983,0,275.40554737500287,0,508.5999968212313,0,0.0,0.0
1015,R/N,1621.4510026297783,43.12905645612147,0,277.62488967809526,0,120.75274338504401,0,155.40877360433444,0,245.7727882805333,0,660.3064508199479,0,641.0889059879825,0,32.38855554884572,0,235.24376337885624,0,901.5705938831027,0,0.0,0.0
1016,R/N,15345.007465449486,224.6715492056132,0,701.5195069157276,0,158.66100375449986,0,183.4520716877214,0,198.68239228945598,0,1180.473950189496,0,357.44642532596,0,79.12502792052437,0,1618.2197911099586,0,999.7491192048013,0,0.0,0.0
1017,R/N,2306.3436368492985,8.9552315588918,0,391.45993282420153,0,64.80895648103623,0,437.28596930017085,0,400.9289347554694,0,463.5262098029483,0,270.22178585851645,0,116.55811877847316,0,669.565430898079,0,1398.881624943992,0,0.0,0.0
1018,R/N,1301.6593292674982,26.248037352794146,0,615.3432270329705,0,79.20530524710829,0,79.20530524710829,0,36.357501989778356,0,701.7968956182305,0,85.26963775120674,0,39.042974445918915,0,674.6060360874059,0,1210.2626130709202,0,0.0,0.0
1019,R/N,2176.4015371209175,0.7911671059388775,0,432.20169510016467,0,640.4403802370705,0,1048.0461137539423,0,135.37897828380844,0,1769.573914145581,0,1731.105653879671,0,103.19172767499217,0,1384.3987924426226,0,979.4651803253429,0,0.0,0.0
1020,R/N,6380.847663832648,49.8700858825234,0,257.46751339948065,0,130.5872118926589,0,190.61269582227757,0,52.954875240068716,0,736.2071543829554,0,726.0204258287508,0,81.11974992027609,0,1174.8563711164113,0,905.4803534229435,0,0.0,0.0
1021,R/N,2795.2651405325714,73.61390049865084,0,457.1242255242147,0,486.4664427179016,0,872.5293480920071,0,166.67060787302225,0,1740.6362011571036,0,1722.1372234190285,0,21.64453397878144,0,1334.030316532846,0,1058.17185762316,0,0.0,0.0
1022,R/N,4257.863835433556,70.72342545744822,0,553.3159530558498,0,537.9794812408985,0,912.6068863303337,0,248.46358726024437,0,1848.2822050224147,0,1829.909236064792,0,118.94174840780582,0,1434.2754290507744,0,1146.21640379249,0,0.0,0.0
1023,R/N,2669.4351423125436,68.2494444091085,0,520.8477251851338,0,504.06810368226394,0,884.167303789213,0,218.9248163678954,0,1809.1049679458188,0,1795.426598021935,0,81.7350143395053,0,1395.1258239874458,0,1116.05277612626,0,0.0,0.0
1024,R/N,3018.0472564092615,0.0,1,228.34212306189147,0,142.30045721196936,0,452.8261844826109,0,342.4010659223151,0,653.3477150074001,0,378.21059915517725,0,71.40014196725348,0,868.7605778779415,0,1554.7449736094275,0,8.0,4.0
1025,R/N,6502.212992656588,0.0,1,617.7318550397606,0,24.056282226392366,0,24.056282226392366,0,24.962102040226284,0,734.3266134492275,0,126.20592602771335,0,14.00329859509171,0,724.1975212647856,0,1214.0713735715556,0,12.0,6.0
1026,R/N,5196.526785708593,59.71463657985073,0,195.1669555049628,0,76.57943101490174,0,154.18453546602888,0,212.9607940722683,0,192.00507189828875,0,376.8701157938893,0,34.963001661411056,0,268.720624223686,0,1019.366442249017,0,0.0,0.0
1027,R/N,3740.1298628174645,0.0,1,227.9843352136383,0,194.37427863737844,0,194.37427863737844,0,258.4115704072282,0,81.00316120940289,0,224.66501066542452,0,23.23680720109181,0,289.65893315126016,0,933.2871807523469,0,10.0,5.0
1028,R/N,1512.1491883634085,6.3096255739613305,0,139.679354689061,0,116.31127265091564,0,116.31127265091564,0,174.0922852794953,0,161.9582896529449,0,309.2176419404952,0,78.31260054307137,0,191.32512574591757,0,887.9744007598938,0,0.0,0.0
1029,R/N,3047.0520225868227,143.48288033860896,0,501.4206576534375,0,206.5013915960638,0,206.5013915960638,0,390.22769913410815,0,317.9290788135452,0,132.0119315642304,0,58.15739635891299,0,505.41112571232526,0,676.6878179022096,0,0.0,0.0
1030,R/N,5316.340047701258,55.07802945635182,0,512.2298365105152,0,289.03040446274053,0,310.3543468744138,0,283.7059749492765,0,319.09474284492364,0,123.78634290475917,0,73.4042249671021,0,567.4206984979079,0,577.7138599872143,0,0.0,0.0
1031,R/N,2496.1437490391886,44.35853377010829,0,136.30198266229385,0,122.10845304146937,0,122.10845304146937,0,171.75707390173028,0,227.85078936311615,0,311.36830468117586,0,85.58481127071269,0,154.55769717354934,0,791.1531225445917,0,0.0,0.0
1032,R/N,2316.750659389958,60.71681832219351,0,165.7316172716629,0,126.14762289281992,0,449.6485873503143,0,191.17616952839333,0,358.1389053311333,0,291.663368949748,0,22.56723681488965,0,778.2937220616894,0,703.2951162499331,0,0.0,0.0
1033,R/N,31553.06803109767,0.0,2,239.664701635404,0,42.1576654114452,0,383.60382597948006,0,446.50949957378407,0,63.484465291891084,0,196.4452474864653,0,24.64454927045029,0,489.11540597055836,0,947.4068531918325,0,32.0,16.0
1034,R/N,15870.28375992456,0.0,5,248.03575008057885,0,44.351913175646125,0,604.0262095768913,0,6.749826351488832,0,663.083595638217,0,717.2244210247699,0,0.0,1,1044.2313225759306,0,1261.2046571794438,0,51.0,30.0
1035,R/N,33549.48310833858,0.0,2,158.58494595759356,0,35.82957818458294,0,599.4941268170252,0,190.0462372261922,0,910.2734098307667,0,816.1739504421175,0,71.17029444604536,0,1239.440441123434,0,1506.0745838919713,0,24.0,15.0
1036,R/N,12488.841741367029,0.0,4,346.57143552706447,0,238.74589691095727,0,596.0175812975592,0,347.45917889012156,0,1115.5525275751513,0,1001.2145484171583,0,142.0269940186467,0,1452.3978095796817,0,1736.2216377731365,0,22.0,14.0
1037,R/N,9663.21116705689,0.0,2,336.05489306988693,0,110.96503795483423,0,112.94449355659354,0,44.92503427385376,0,814.2966380446139,0,622.7041285029048,0,37.81584816485326,0,1251.937534509366,0,877.6357093739512,0,18.0,9.0
1038,R/N,9718.735374504055,85.3006076933848,0,332.4076680328965,0,151.63509757306,0,313.02604480376226,0,162.00518075363937,0,794.0684834722753,0,809.112911213253,0,3.9313401825012573,0,1228.8154362406551,0,1048.1896516139545,0,0.0,0.0
1039,R/N,3131.683024737746,0.0,3,442.10150840913053,0,250.26096257779474,0,257.0992299914854,0,37.084584178965635,0,917.5267064637259,0,701.1118900307438,0,81.09134234479302,0,1355.740147632899,0,1023.9795151839744,0,26.0,13.0
1040,R/N,50112.53992579506,15.818642459706316,0,472.48483875566836,0,299.3324962837121,0,303.6190676161486,0,48.36645943035522,0,940.580447724409,0,707.21401780568,0,29.285192951587547,0,1377.1668977712093,0,1071.580516874515,0,0.0,0.0
1041,R/N,9223.500610270548,66.18395846855597,0,528.7289112632029,0,333.80788467226705,0,649.07302267252,0,304.39874985480543,0,999.9356263235695,0,1063.0947231163536,0,0.0,1,1411.6586467651007,0,1387.5652436557853,0,0.0,0.0
1042,R/N,40404.978104028945,0.0,4,370.25578012354896,0,202.6852386905857,0,784.3647591324363,0,294.4666265554425,0,1008.8456529403932,0,1018.6225590030622,0,12.672380895031834,0,1384.300727860831,0,1524.1339426237996,0,62.0,33.0
1043,R/N,1029.383213092042,9.624468711017194,0,395.4249461481346,0,219.37923105215836,0,806.0624869803933,0,294.9951520240571,0,1005.1119524281679,0,1029.036057136481,0,58.468011229175126,0,1384.353562911355,0,1515.6489619261467,0,0.0,0.0
1044,R/N,8270.931687550954,0.0,1,631.4099401461414,0,123.00895394461457,0,324.18643598185866,0,312.75911647296124,0,1116.8163053241476,0,924.0147057766532,0,90.21726438462326,0,953.3189634465646,0,284.3660472608802,0,8.0,4.0
1045,R/N,6618.32469119068,0.0,1,666.41766942013,0,103.8054818998968,0,266.8964105696726,0,129.75684734902686,0,946.0583794028691,0,756.6035338759417,0,135.89112352173385,0,1011.3544494114286,0,239.53518868549799,0,8.0,4.0
1046,R/N,8039.78337697594,0.0,2,743.7203926202421,0,8.400669593523256,0,94.73865012939035,0,92.30263643672527,0,899.0506246064638,0,650.462133998657,0,107.33408571187685,0,1156.6705460929143,0,60.67842258716479,0,25.0,16.0
1047,R/N,2838.4845175991077,110.89177629261292,0,235.1212450609786,0,334.2078592854226,0,334.2078592854226,0,37.768149300500355,0,1342.7316184141675,0,962.4581259512205,0,204.63211598520112,0,978.7899722923032,0,211.812377085982,0,0.0,0.0
1048,R/N,17859.752290163728,0.0,9,644.9272814234681,0,0.0,1,0.0,1,219.12858631681607,0,532.1644417146692,0,338.61602404428356,0,0.0,1,706.3831139019819,0,168.94684046718936,0,34.0,19.0
1049,R/N,6341.026785554641,195.9656625007328,0,210.17745868267548,0,278.0194009102954,0,549.7773898687108,0,608.6991712756246,0,1595.162727179615,0,1025.8723788319382,0,60.76612294390483,0,1623.629674134143,0,1626.1248769649924,0,0.0,0.0
1050,R/N,9369.735555171948,0.0,3,345.1299747393198,0,119.44362722489726,0,361.562778141831,0,331.0941481443813,0,517.5972911537241,0,231.2606567556253,0,113.11672590922889,0,708.8910783259654,0,1453.6344268069988,0,22.0,15.0
1051,R/N,2364.0998418394724,10.977561982312213,0,455.93964528047,0,74.3827576575082,0,372.75640578450884,0,361.8755469050993,0,439.6832248042557,0,210.73396097730705,0,39.94374493723076,0,590.2691337905006,0,1371.1516392845613,0,0.0,0.0
1052,R/N,47475.80755575723,0.0,7,89.31148894529397,0,69.97540469644026,0,81.67403030108046,0,368.87717295487596,0,1588.656905145001,0,1114.6380324836225,0,198.69199339264105,0,1728.4720935052653,0,2003.0538257193905,0,58.0,32.0
1053,R/N,5662.455479736397,29.4506859826816,0,151.64108228286955,0,60.0596762327102,0,269.7481024038587,0,534.467080381885,0,1681.369906174877,0,1173.5316269553432,0,38.362115940099685,0,1789.9150396537439,0,1958.9027892523534,0,0.0,0.0
1054,R/N,1685.3041965163952,0.0,2,126.16553651990667,0,60.25091657466532,0,234.01395491699404,0,470.4954604393262,0,1638.7339627017952,0,1147.1442529295923,0,153.13886885043874,0,1762.5705038123212,0,1999.7564545381313,0,16.0,9.0
1055,R/N,50193.18986597094,0.0,8,68.75562485783756,0,0.0,5,0.0,2,53.796571215895696,0,1316.771050299409,0,956.8913358894988,0,45.9747407996479,0,1535.9516180098208,0,1997.1425300435326,0,76.0,32.0
1056,R/N,29313.635483921636,0.0,4,272.82048896267884,0,166.86934641505118,0,252.18521759654408,0,0.089958186584676,0,979.5561835504083,0,606.2622260952368,0,0.0,1,1177.0112158591787,0,1754.742381703087,0,36.0,21.0
1057,R/N,30531.917125724685,0.0,6,445.4080422333181,0,751.3264634201033,0,1160.951196961087,0,106.97173971894155,0,1786.4115399640746,0,1733.437227665079,0,8.119572780583928,0,1420.0842319295814,0,941.9157143320333,0,63.0,37.0
1058,R/N,3886.7891751273028,3.128532442380473,0,882.3606997818854,0,58.04629807631281,0,82.75362766524091,0,314.8657720152339,0,934.6738032988189,0,742.1531036195802,0,89.73709668642461,0,1002.1223331643195,0,104.09863878107748,0,0.0,0.0
1059,R/N,990.1698026962783,42.01243185837837,0,290.6664161569919,0,237.806357571268,0,476.0971626845109,0,430.63264790396,0,1238.787211028157,0,697.7896954853517,0,74.96813266200206,0,1313.9145185668444,0,1600.4720380325457,0,0.0,0.0
1060,R/N,4183.802021937673,197.77492873789288,0,711.0584647697061,0,368.51442961719306,0,423.9178490571613,0,212.37606664678322,0,1189.3621223227,0,623.9832218848578,0,148.74932957464935,0,1627.9532952422787,0,1170.8133434951712,0,0.0,0.0
1061,R/N,19495.00718392623,0.0,1,436.51021811722836,0,685.8686110733701,0,1094.6027456310158,0,123.48254393070702,0,1779.0407135013018,0,1732.3727182200307,0,27.621669013489445,0,1401.024207063611,0,949.6618992924592,0,4.0,2.0
1062,R/N,18921.356481763196,0.0,2,478.8993427878228,0,680.6441887075073,0,1085.7506023012966,0,190.95881932153168,0,1821.3659598517102,0,1777.1004669877802,0,112.31916003249421,0,1440.6221391972588,0,1015.6319727792985,0,17.0,9.0
1063,R/N,1728.6663120209337,5.620299300986546,0,359.3315336356359,0,0.0,1,419.14574566361125,0,249.96227430617265,0,995.6198465490555,0,530.5296405987411,0,126.21401553813762,0,726.6666769742043,0,683.9811204331847,0,0.0,0.0
1064,R/N,6739.890715727857,0.0,4,509.9658204278675,0,301.06037105227085,0,301.06037105227085,0,194.07369761065237,0,474.1767062990852,0,279.2522341670404,0,5.207161790767039,0,708.1252577073046,0,460.12068968107303,0,23.0,12.0
1065,R/N,4767.582374428876,119.99288673295594,0,392.65524660920187,0,195.51688379006615,0,404.5444655261759,0,198.52002629386794,0,298.8579633102508,0,123.03271542473303,0,120.91333064694506,0,623.9555915305117,0,600.6930513494666,0,0.0,0.0
1066,R/N,5316.042666943204,9.307494276527605,0,617.9688767073487,0,57.595664322691505,0,72.5800114984846,0,86.43986263138598,0,806.6556328310824,0,208.52237606010672,0,59.584601156387585,0,679.6327695804291,0,1015.5210017038885,0,0.0,0.0
1067,R/N,5291.25731189398,0.0,1,490.22006615189815,0,52.88626955420284,0,238.95935792335038,0,60.65276929607611,0,833.5565558989666,0,315.051379409295,0,10.46601960481346,0,614.2538347525409,0,807.7255784680474,0,2.0,1.0
1068,R/N,14243.784514462612,3.7164157989739577,0,69.3925209410104,0,271.18274350821343,0,467.3712920732158,0,11.63022802337369,0,1265.6542818794476,0,827.7955554655091,0,81.56661100385656,0,942.1346071335125,0,343.09314300817664,0,0.0,0.0
1069,R/N,5404.552829068913,284.67644561211364,0,192.12940859561968,0,396.10753714778923,0,654.7121697173159,0,12.78167941328515,0,1374.7873239761727,0,830.6792220618108,0,15.17827605183659,0,1127.9565707720596,0,674.0813896325113,0,0.0,0.0
1070,R/N,959.1890693715837,244.91842562604464,0,163.32604300559007,0,436.40559437124466,0,708.3270182412255,0,60.41467230557658,0,1422.5956627583337,0,883.2655755058391,0,62.59543735343782,0,1166.9881678085967,0,636.3954306387855,0,0.0,0.0
1071,R/N,1272.8394490947867,124.74378616507572,0,329.92949480921226,0,77.3061187595823,0,422.5612445428255,0,80.35759810639206,0,754.1314209042305,0,795.178615427498,0,20.264186727769346,0,1182.7101343827649,0,1113.542855014605,0,0.0,0.0
1072,R/N,3814.583175883998,4.822773706299905,0,875.2001286146369,0,8.263472911325419,0,68.76053084349621,0,233.12261194851308,0,876.1427031885473,0,680.9505643552825,0,15.665943262905797,0,984.4029859668801,0,181.7692550059283,0,0.0,0.0
1073,R/N,34143.31992990644,0.0,8,377.10211794146676,0,133.76328389984033,0,262.8787952614627,0,128.00532613788883,0,1036.749590432125,0,1053.066338233328,0,56.69623764748665,0,612.0953447826009,0,659.821946826475,0,47.0,23.0
1074,R/N,14103.98144603633,0.0,7,446.5782173682937,0,153.5271567036922,0,171.36947164280954,0,33.35396407299604,0,569.9514017885474,0,29.212359057891014,0,31.972234224483056,0,498.44706946380484,0,1004.131373124945,0,48.0,29.0
1075,R/S,98355.56393922823,0.0,7,285.14537735917486,0,0.0,2,116.23579996818175,0,481.69390126411434,0,969.6058798085314,0,1216.6264885328267,0,7.868399555457743,0,2183.41526713631,0,620.5628432702157,0,56.0,22.0
1076,R/S,6254.689843343537,47.50019127366695,0,391.85515120545944,0,79.97603549574606,0,296.3290589361366,0,598.8751410967692,0,1178.1668855286318,0,1320.1559426284082,0,105.37694130774165,0,2274.307106391114,0,719.5471591666735,0,0.0,0.0
1077,R/S,412.7119822445525,2.4215583890268024,0,518.4387102996008,0,102.05805272443594,0,221.72206137445914,0,527.4241723720329,0,1117.6807211828518,0,1322.4033995469033,0,100.31135137136798,0,2439.463522209765,0,894.9459046132577,0,0.0,0.0
1078,R/S,87014.86192590978,0.0,15,280.6130550296152,0,7.330805686027173,0,522.3194916077296,0,238.2328157070975,0,1688.93847731113,0,1255.2204009786185,0,33.209656664821466,0,1881.6425942357141,0,397.10989235365474,0,129.0,63.0
1079,R/S,4069.399302741126,15.894495042009583,0,473.82911607763265,0,25.301816913282373,0,673.6104769509309,0,330.3393055889862,0,1296.7657985071448,0,1674.0588850729355,0,59.36259836061506,0,1756.5439558552137,0,564.8512383009424,0,0.0,0.0
1080,R/C,96907.39806506413,0.0,3,79.32107089247992,0,141.9443530674258,0,293.094036340984,0,101.23129653825949,0,1238.4966611616906,0,602.7172616718437,0,50.3497937633848,0,749.192074769844,0,1267.0137045526908,0,37.0,17.0
1081,R/N,99750.25517943563,0.0,38,0.0,1,0.0,5,549.2195040768501,0,7.803836286854771,0,646.2465619238637,0,498.089602050376,0,13.02354575912791,0,952.1908920297881,0,1374.4891289665704,0,243.0,121.0
1082,R/N,1819.4886132005438,16.228709272923545,0,81.22238455578002,0,92.8716569691073,0,595.461808247961,0,253.37991609797973,0,778.8041396092178,0,541.3165834318648,0,175.19749537143053,0,1031.615447708033,0,1617.8516099344483,0,0.0,0.0
1083,R/N,2040.2459975987795,2.6451846331027307,0,35.054707199963275,0,32.72554726553994,0,683.4481282614091,0,241.73021200076377,0,863.1638784338501,0,685.0970387142976,0,251.2005589991007,0,1161.812287618863,0,1620.6769622669171,0,0.0,0.0
1084,R/N,47661.09095468957,52.16360858794364,0,449.16519937108865,0,186.33746986634313,0,436.17621800013825,0,167.46370230539173,0,863.4696300635476,0,904.2048021003972,0,12.054549188214501,0,1284.3310674241322,0,1181.6812430260984,0,0.0,0.0
1085,R/N,2370.3844581578237,129.46453014179195,0,677.8403133869682,0,425.99060692859837,0,594.8245458678789,0,345.8382688488972,0,1106.2866227466761,0,974.327588759231,0,81.38636481077924,0,1528.5668721067575,0,1359.7897780569397,0,0.0,0.0
1086,R/N,2508.4339711108737,1.0600286999842927,0,106.95049759914016,0,5.281880986833879,0,271.9583879772041,0,479.00630031523804,0,1584.061985463602,0,1071.8787155067482,0,109.32154488479802,0,1688.2788490947128,0,1904.2706409737293,0,0.0,0.0
1087,R/N,115352.98098516434,0.0,25,285.63089701969966,0,29.83149944133188,0,29.83149944133188,0,4.469711576406583,0,355.7941896484561,0,190.2748581170595,0,11.122396153232149,0,698.4363460326883,0,96.70708571822352,0,216.0,108.0
1088,R/N,854.1003870420517,6.3725044289139525,0,410.78168676993363,0,349.0598767025983,0,379.79418325249895,0,36.179539213521345,0,561.0239126890361,0,406.62627747731517,0,159.8516679302258,0,911.4075192576692,0,436.46966794978664,0,0.0,0.0
1089,R/N,6750.246497376024,8.213596100542253,0,376.9072524067236,0,231.93688388322087,0,356.8592799089255,0,87.77512316937849,0,630.8122052552525,0,493.8263033787478,0,28.10620888406385,0,1002.7259079755033,0,358.7781764892159,0,0.0,0.0
1090,R/N,21138.210756585908,186.01678832203123,0,706.216378420422,0,26.049701491899558,0,26.049701491899558,0,142.19710499190134,0,1298.000760256287,0,1141.8026437585518,0,49.686436308636324,0,864.9886602349764,0,363.4216835285631,0,0.0,0.0
1091,R/N,414.6311623837886,250.12030133671385,0,729.1422302360203,0,50.82844857312325,0,50.82844857312325,0,162.42904712579403,0,1338.1109357224639,0,1166.854680876572,0,163.50300021812933,0,906.5294077105757,0,445.73653967002656,0,0.0,0.0
1092,R/N,5225.2371097772075,174.84247842579612,0,683.0446274015494,0,32.7988589289908,0,32.7988589289908,0,70.71617432975695,0,1211.0905063795658,0,1058.8926150173322,0,84.88036461423789,0,779.3818419484536,0,423.4961631950272,0,0.0,0.0
1093,R/N,4200.0632944067775,0.0,1,470.79349680243996,0,0.0,1,384.85057516223105,0,143.09353644385786,0,1368.7403213132725,0,1346.9239120841269,0,139.6417526641834,0,933.5539944411069,0,735.3271496038348,0,9.0,4.0
1094,R/C,13795.99635486828,0.0,5,367.689174031258,0,135.71056262982583,0,407.1595194198051,0,210.9013049839347,0,791.5809150115492,0,431.6752629860224,0,72.60452616542746,0,1001.6721628202565,0,301.63933851177075,0,38.0,21.0
1095,R/N,538.4758434738472,230.235115724615,0,611.6518734116089,0,319.2008406357493,0,473.6604714203452,0,221.48763068601147,0,1427.9030805306463,0,1171.6963756469934,0,23.1230765305079,0,1755.3728055852248,0,947.8293445755962,0,0.0,0.0
1096,R/C,14967.868402571565,0.0,2,690.4068673634947,0,56.23342387759936,0,149.99657686999143,0,364.79092125878543,0,948.1183619581286,0,661.3148051279276,0,143.9195447359646,0,1022.6870283317112,0,481.04490716356986,0,32.0,13.0
1097,K/W,7694.065213834611,419.23605442666036,0,1282.433259721351,0,593.7006181447578,0,795.7734414416685,0,975.6188679439347,0,4610.137173314125,0,3566.6312430701228,0,0.0,3,5394.757755405127,0,1193.2647738820478,0,0.0,0.0
1098,P/S,51689.140030953764,0.0,2,2338.368584391544,0,1130.6595992195753,0,1130.6595992195753,0,1632.1675839168065,0,3079.1901662113028,0,1438.5932962675324,0,40.86616872164561,0,3612.987965876133,0,2610.139930199583,0,26.0,13.0
1099,P/S,12059.361001266238,232.1046099977198,0,1176.9603112086393,0,98.12928263745317,0,171.9495733429527,0,55.51000833287524,0,1375.5118377556416,0,677.8101423697672,0,94.82167974138625,0,2459.2007062885477,0,1512.4932088142737,0,0.0,0.0
1100,P/S,14294.59482799086,157.3953511710072,0,1261.3693152022813,0,68.1649576041301,0,306.7253345135587,0,67.85710153601482,0,1530.700228781516,0,580.1539966707397,0,58.56786120593389,0,2610.17193808062,0,1642.3845705637657,0,0.0,0.0
1101,P/S,7064.5133135235355,158.5654724378437,0,660.3230586796489,0,24.03635066387935,0,288.3518265657281,0,139.90850917588378,0,1110.0862075774864,0,1199.7406155298315,0,166.1121160775924,0,2498.242195994832,0,1697.8947406037482,0,0.0,0.0
1102,P/S,4253.591179410245,69.87908667328885,0,521.6360710514145,0,166.61895334869354,0,402.27377861254416,0,127.65604645782689,0,1104.7833600166034,0,1323.8904429242189,0,108.83929629547686,0,2556.6045811309095,0,1787.5678335794535,0,0.0,0.0
1103,P/S,1401.4361380630492,6.062277870210374,0,836.9285313320116,0,119.8124497101047,0,119.8124497101047,0,531.9329893217122,0,1076.922367061366,0,1095.6835886223462,0,62.47941355806628,0,754.9136509319891,0,256.4289349868178,0,0.0,0.0
1104,P/S,8803.876793556343,0.0,2,1238.5148955501486,0,29.47957782232711,0,713.3083352392896,0,1151.7615860420606,0,3597.229885210751,0,2182.4323367444904,0,379.6178773011796,0,3751.282046946579,0,1096.6997196888888,0,14.0,10.0
1105,P/S,3989.941026409287,29.79089406931083,0,1650.1771304270728,0,409.56798562559374,0,409.56798562559374,0,1849.953258909529,0,3490.652892252909,0,1719.2403610607043,0,12.203966454198492,0,3310.010463245622,0,2381.767155722377,0,0.0,0.0
1106,P/S,96518.61466258265,0.0,6,1726.8741993601266,0,484.108426911481,0,484.108426911481,0,1712.9766313384096,0,3029.4992829972307,0,1283.7355550553239,0,0.0,1,3342.8428253460274,0,2308.3112978701706,0,36.0,19.0
1107,P/S,5986.231462094307,0.0,1,410.93178842574366,0,438.3601498646056,0,446.93481875147893,0,279.21070938506847,0,1445.251910003423,0,526.8348967030053,0,309.9224566420303,0,566.4842206479747,0,700.3846938221417,0,10.0,5.0
1108,P/S,11311.11772522444,25.04718263024374,0,1794.721026012799,0,619.9934265182223,0,619.9934265182223,0,1884.347960766022,0,3099.1158603025374,0,1327.8191922067376,0,1.762273951262174,0,3111.287428769359,0,2427.993223308502,0,0.0,0.0
1109,P/S,3531.785659554672,0.904026117909318,0,1498.9238562245116,0,292.94789067192374,0,941.44336131606,0,1494.3979767231883,0,3927.367830184334,0,2540.4723365701648,0,501.5349472152296,0,3900.0352097224927,0,1176.019308491261,0,0.0,0.0
1110,P/S,69214.26657273993,0.0,7,382.5316740095332,0,81.29852030408128,0,447.2198540285768,0,53.946087158780884,0,447.2871713342041,0,172.3117495927083,0,7.700196559752204,0,926.9245487065052,0,447.00740415843944,0,97.0,41.0
1111,P/S,5312.426663443655,15.873268236878026,0,647.6960300380882,0,332.63919168041116,0,577.6797819908364,0,188.8986830501495,0,546.1931364421467,0,499.83470261915653,0,83.16103489705957,0,1110.8030884502932,0,717.1208060534487,0,0.0,0.0
1112,P/S,12519.603876631703,0.13570630824919327,0,789.5243944994469,0,613.8656202123236,0,769.8324074942707,0,468.9345663205926,0,365.67548563127815,0,656.4216614577994,0,69.15343893440802,0,1117.3854938074487,0,837.5969278981336,0,0.0,0.0
1113,P/S,5050.324507498088,9.472679096726301,0,735.6254170651938,0,475.7646537021232,0,739.3484056472479,0,349.2023615285285,0,438.7645501323987,0,571.7261106684095,0,1.3025985404712608,0,1125.8944198888905,0,818.0007267185773,0,0.0,0.0
1114,P/S,26981.154096823044,0.0,2,340.8712097346082,0,0.0,1,116.95646566545331,0,76.82979080455372,0,927.1072977576106,0,719.3194600346742,0,25.884596398672112,0,998.9899988074429,0,594.1503795187257,0,19.0,9.0
1115,P/S,19547.194898782607,0.0,4,406.0538156926936,0,0.0,1,188.79321007811532,0,154.7092359298927,0,1073.75897326986,0,850.0213466091598,0,6.9309296941113026,0,1000.8468076751715,0,595.2523134124825,0,44.0,25.0
1116,P/N,1781.128415660672,51.12458983101377,0,475.66966525688844,0,401.6382299237552,0,825.4728488286468,0,430.24528243076577,0,214.25225284139523,0,340.12213529986917,0,56.83930359278986,0,1500.667302051886,0,686.6604381391776,0,0.0,0.0
1117,P/S,1570.7006070247548,92.4961037443092,0,374.95464289413155,0,47.32032576514121,0,324.5667959962334,0,192.0455035661765,0,1241.4823504963426,0,1160.9153907508762,0,347.98415586545457,0,1027.289837034318,0,1070.7946745796576,0,0.0,0.0
1118,P/S,794.6791163106855,3.796320876161397,0,420.8620022828344,0,373.7060151429845,0,373.7060151429845,0,120.30740618163284,0,56.74414927398377,0,701.8888677735835,0,86.16919163706392,0,1102.4987014877822,0,383.29999090629815,0,0.0,0.0
1119,P/S,155981.91965019814,0.0,16,0.0,2,0.0,1,169.7042755716579,0,25.72257667300522,0,743.3771141293414,0,1206.5112321870233,0,139.28310256427486,0,926.3116262540042,0,890.034067228037,0,286.0,135.0
1120,P/S,22559.598656304646,0.0,5,316.92335863995686,0,56.6566595118106,0,92.46853664361153,0,193.5618161940409,0,1207.15382285622,0,981.5270059840936,0,277.9834773793618,0,742.409157793546,0,813.9295230804579,0,61.0,22.0
1121,M/E,8341.124989568378,1.703972353704951,0,19.886634338860752,0,253.73634485474332,0,253.73634485474332,0,91.4963543808843,0,482.06283149445477,0,372.671024889345,0,4.516488704929989,0,907.1647842843746,0,30.375954420948283,0,0.0,0.0
1122,M/E,34425.815055871906,0.0,1,758.5284720736456,0,82.27867639705497,0,290.65541887506396,0,289.9619966095332,0,1135.434266519857,0,825.8494422230849,0,13.619179781003897,0,1733.282954736447,0,522.049273295597,0,18.0,6.0
1123,M/E,1373.2328400640824,106.56017272451754,0,868.5991331720096,0,109.39792200518136,0,344.61699990846745,0,393.0226987668627,0,1244.1068031255281,0,859.3721531147147,0,52.02211786429967,0,1773.5507903456455,0,614.2535301132548,0,0.0,0.0
1124,M/E,15745.341277095546,296.6944370636913,0,223.75724409110225,0,4.763868842431632,0,4.763868842431632,0,175.41080971117202,0,2385.0921353378167,0,429.3465117093122,0,150.85197242089603,0,2978.080385323949,0,960.7248356579529,0,0.0,0.0
1125,M/E,189222.61909636264,0.0,1,0.0,1,0.0,3,429.29236825663355,0,407.4946782909423,0,2083.8026797034036,0,640.3754478119058,0,300.49476029690595,0,1882.4607239568795,0,1208.2081551749216,0,16.0,16.0
1126,M/E,8610.777028824448,146.69202648441296,0,231.80735984485355,0,108.5976731069093,0,735.1510848842915,0,687.5619482547316,0,2182.918288945711,0,762.9075937958183,0,733.5525976065461,0,2054.153716340747,0,1449.570005810145,0,0.0,0.0
1127,M/E,974.8716903304191,300.8511573139439,0,99.93740064867175,0,6.828806226499308,0,820.7560051963344,0,567.9420358593792,0,2337.6511662022854,0,998.502813761509,0,597.9522016583616,0,2313.0400641459582,0,1429.8302606008378,0,0.0,0.0
1128,M/E,124622.30671235474,45.32297303070629,0,304.0727400957004,0,0.0,1,429.5026793743359,0,0.0,3,2841.973429069349,0,967.0681538040374,0,146.12691468161992,0,2853.4378309110184,0,1244.9928577314151,0,0.0,0.0
1129,M/E,342.8811250617684,405.1913193428529,0,527.3726218126559,0,102.6575784605629,0,708.3832785920944,0,123.04147885534975,0,2980.251641535857,0,1226.3260266479938,0,253.0515929161463,0,2983.320985602435,0,1577.8933713262616,0,0.0,0.0
1130,M/E,10637.469049306614,318.09572086318286,0,541.8104583305608,0,0.0,1,717.7333415196034,0,152.48812274359915,0,3014.4131330661626,0,1094.0905345823746,0,284.333985192177,0,2978.9936006263847,0,1580.2409032405264,0,0.0,0.0
1131,M/E,90883.44568226897,0.0,4,36.92332061815048,0,24.47966374321026,0,179.2689113944647,0,48.374417474906906,0,298.5494468292698,0,366.4249300913938,0,8.416599332230536,0,1026.2364711584842,0,98.65138029203935,0,40.0,26.0
1132,M/E,714.5384035536749,126.1009924859432,0,314.98431943964766,0,126.12954188533013,0,440.65410325238383,0,180.25353291350623,0,492.1386806313008,0,638.663137975436,0,191.87297489704287,0,1290.2115627821001,0,234.87725298641828,0,0.0,0.0
1133,M/E,394.4426128484368,107.47635708831324,0,285.02319460551234,0,208.14978914729613,0,469.4526455143701,0,149.3570264854863,0,426.5871672012416,0,615.6968735890893,0,140.1943411343356,0,1242.6693064200351,0,257.07040535720733,0,0.0,0.0
1134,M/E,70212.55704586263,0.0,8,40.666052800351274,0,0.0,1,187.2728322202997,0,19.52300634471294,0,2690.815648818983,0,397.40669865948087,0,174.66752061474068,0,2060.7189933531376,0,150.26286864854433,0,225.0,99.0
1135,M/E,194.1257079304717,6.79345401854953,0,366.5546789240751,0,72.82901140780876,0,291.8771174497996,0,349.5444586410271,0,3025.501516618557,0,576.9014534464753,0,275.06860189967387,0,2362.1708834500405,0,501.56756513290094,0,0.0,0.0
1136,M/E,14147.864283996156,0.0,1,712.1090358901743,0,351.3652206873365,0,788.27454295359,0,339.14522170247,0,1926.3309131440553,0,299.16781765837374,0,263.88390973459644,0,1433.7804035051597,0,1354.5700769664854,0,8.0,0.0
1137,M/E,1359.041426598453,446.0819829553166,0,1079.2612961435952,0,167.08764489204938,0,211.14763644157313,0,162.15279692524217,0,1546.410480559181,0,420.7524876431152,0,84.40262171898732,0,2506.1718800686735,0,287.9886404060494,0,0.0,0.0
1138,M/E,1454.202668263471,884.4834684594322,0,1368.509862805135,0,1109.8692054322705,0,1321.527476785262,0,1338.564689867037,0,4075.680582149395,0,0.0,1,90.50479719780715,0,3990.0716481566847,0,2155.3624828065626,0,0.0,0.0
1139,M/E,2694.9786918661584,23.831927086926324,0,113.84284255414259,0,90.84969613712757,0,1012.1024301470334,0,988.9161811139923,0,1009.2715858294514,0,1277.52455477196,0,97.14914823235156,0,712.0270023727602,0,641.8699820004183,0,0.0,0.0
1140,M/E,103230.32353829453,0.0,28,330.25651835770464,0,0.0,2,0.0,1,226.70152209249989,0,1214.472509446894,0,347.3675215879725,0,15.326479440618701,0,846.996119402375,0,449.3300900904991,0,507.0,240.0
1141,M/E,280.8373186403304,37.54495122123064,0,652.841086013358,0,82.72873760580471,0,260.95066328232514,0,425.0882647971904,0,1523.698901134371,0,578.9538095968671,0,167.96426857845802,0,1203.7653190175383,0,699.0341629402029,0,0.0,0.0
1142,M/E,2147.699129466717,0.0,1,494.9835801840324,0,92.60508768258448,0,121.78590419525358,0,378.9089451057973,0,1370.8535832616571,0,435.65933710400674,0,96.38453029981895,0,1061.8756993604538,0,803.3181170012781,0,16.0,0.0
1143,M/E,1408.5734879514869,21.025540814540214,0,681.1926511539958,0,427.90458710448854,0,926.7610876921377,0,559.739833148524,0,2156.111696486646,0,661.3720109343994,0,628.3521031110863,0,1772.884287671035,0,1694.2876802093754,0,0.0,0.0
1144,M/E,2932.614849471354,11.900644556662968,0,433.14317886618755,0,0.0,1,0.0,1,8.853935520573604,0,924.9104936285255,0,839.8889879305842,0,48.628262510247794,0,345.207328037872,0,513.5466386882626,0,0.0,0.0
1145,M/E,346.96137968466326,16.91400152566121,0,489.6304281089187,0,191.7708448807136,0,282.1799920920021,0,224.5529969358369,0,270.2704028922112,0,267.9504721101757,0,184.4247219112412,0,727.1592574074435,0,682.7214418111982,0,0.0,0.0
1146,M/E,1534.4904631273716,303.15737856459293,0,556.7342784973787,0,165.4024323129151,0,403.90693628819895,0,268.5175759060588,0,815.0144807275444,0,612.2139493074177,0,236.97948678450817,0,912.0917589981277,0,859.8178049227281,0,0.0,0.0
1147,M/E,12118.690150454428,0.0,3,271.35985654980755,0,0.0,1,0.0,1,3.7840640032065007,0,244.3343537811333,0,344.71488454292614,0,38.149079260993716,0,741.9588605347701,0,309.370209520321,0,56.0,10.0
1148,M/E,24718.004451623914,0.0,5,453.0326218875364,0,53.257687907695,0,478.54461518524573,0,780.744538516403,0,360.186661980898,0,738.0163204814152,0,17.171366204971672,0,525.6226137405062,0,781.0204309848036,0,67.0,27.0
1149,M/E,89075.54332441936,0.0,5,788.7922684387411,0,51.60483565881823,0,70.98771622554345,0,249.00207515927403,0,1661.056922199777,0,735.9489398856466,0,80.65638141726558,0,1482.3949279066699,0,64.26996380625933,0,64.0,34.0
1150,M/E,282.90727099090077,36.87971294186761,0,1059.7810577704101,0,213.31904917919556,0,213.31904917919556,0,420.7559782128847,0,1811.0382964243431,0,1004.394718112707,0,297.5458737826429,0,1803.6681707132343,0,140.31632360082565,0,0.0,0.0
1151,M/E,2465.8437394846933,5.964521095266794,0,283.86140745707206,0,92.56692584164452,0,111.87854116779933,0,23.327754195118413,0,383.5145250529047,0,524.0220388996979,0,80.6455607438755,0,585.3766616587997,0,156.78702522815038,0,0.0,0.0
1152,M/E,87865.9135720358,0.0,8,0.0,3,0.0,1,12.619147186969291,0,22.854038079958556,0,1342.725746554834,0,397.386701821209,0,56.723082493502304,0,423.3259656684718,0,679.2051948077863,0,144.0,61.0
1153,M/E,413.0350370050477,46.21070262104785,0,65.75792644584418,0,85.6219549899567,0,173.80009500520802,0,231.95742963035818,0,1615.3498031757717,0,688.9940355188136,0,190.9485194255776,0,691.8671895863511,0,866.0828032698531,0,0.0,0.0
1154,M/E,1203.995770684358,24.52858614028341,0,89.8336197430471,0,122.96129551915305,0,122.96129551915305,0,190.71905542507054,0,1585.0911998799966,0,684.1472565497397,0,205.5199467686168,0,639.7127993588963,0,821.717314693822,0,0.0,0.0
1155,M/W,5948.851238673812,787.574399389965,0,1297.7068952573957,0,375.38336136920805,0,1096.8852177537149,0,301.22723785570594,0,1721.1765994815817,0,1137.8610590073813,0,21.125429012088095,0,2495.2081761351915,0,301.43181847645184,0,0.0,0.0
1156,M/W,4482.715080693994,626.6976772569673,0,533.1666511871404,0,80.23371744936259,0,80.23371744936259,0,530.6100560071336,0,2036.7589172184437,0,2356.716098431177,0,368.09862896049236,0,2856.62310474661,0,79.62933726237377,0,0.0,0.0
1157,M/W,9718.630433608398,310.2459916215373,0,1222.425004311398,0,313.09205404170956,0,1034.2283889458417,0,295.3555883204955,0,1744.6988057425954,0,1361.993458856198,0,41.20011714809756,0,2736.2446668374787,0,251.35451815880862,0,0.0,0.0
1158,M/W,793.1701185294814,337.1124855588407,0,755.745099135363,0,372.4982424875067,0,568.8346713873815,0,214.78413280452483,0,2429.337613019679,0,629.7030429891092,0,370.2380157924659,0,3049.8509466871915,0,425.7957878685583,0,0.0,0.0
1159,M/W,81570.59591433493,0.0,11,174.95394741389686,0,20.604755349812137,0,80.29482048273087,0,97.29699442177638,0,485.88495431070487,0,912.295528290538,0,7.674690442431655,0,1604.3552512717033,0,27.62956522000909,0,164.0,81.0
1160,M/W,11099.019002701338,0.0,2,454.3630804657905,0,143.17789516120095,0,143.17789516120095,0,146.6402428743032,0,1041.8042258360051,0,210.65151825091345,0,143.62026357042373,0,1386.0603743612419,0,706.4601678171559,0,14.0,6.0
1161,M/W,104391.30862142694,0.0,14,280.6661344362766,0,57.60076742697648,0,57.60076742697648,0,53.90354112191952,0,598.634176907113,0,150.59242817950002,0,15.593921857545963,0,1350.4923026854872,0,618.6093692779805,0,169.0,83.0
1162,M/W,359.3700722189698,10.9666701855637,0,430.74345449404973,0,189.7374893911467,0,189.7374893911467,0,332.5039261559315,0,921.9879955866221,0,410.3960518232486,0,141.6870459517149,0,1751.8758477370789,0,776.0388382325433,0,0.0,0.0
1163,M/W,2635.2955700036205,122.15791510108069,0,404.33098685745585,0,335.68191259869667,0,466.6936450089579,0,372.8408475725678,0,532.802139976562,0,412.91657245100964,0,5.024717360933541,0,1332.7543070256856,0,658.0678314223876,0,0.0,0.0
1164,M/W,877.6878491393057,102.99114373986096,0,493.47963788413995,0,205.0114952991163,0,205.0114952991163,0,352.21998406256796,0,1010.9575967013716,0,1602.2293267838322,0,30.43061101278925,0,442.39183944926776,0,447.5903876476305,0,0.0,0.0
1165,M/W,1856.5896974956127,22.77229126147375,0,243.24264311652766,0,39.034985943582285,0,39.034985943582285,0,297.3977360288699,0,920.7274116885595,0,1717.6813124446658,0,63.6275042356904,0,282.209533783561,0,506.47251697235345,0,0.0,0.0
1166,M/W,1080.121930231627,12.875394791977365,0,691.593919832749,0,83.73853846615481,0,83.73853846615481,0,362.6133951288411,0,72.55973644626867,0,1064.9910429886493,0,97.62016958948688,0,1105.4683978533772,0,187.4116858739787,0,0.0,0.0
1167,M/W,152213.7838757086,0.0,22,278.75047803497205,0,13.12423587578104,0,15.500210242538223,0,65.62312339695625,0,1254.6002110806394,0,780.33148879877,0,8.713043434609627,0,485.6591685411163,0,232.22367223811727,0,369.0,163.0
1168,M/W,4076.8413524187113,0.0,1,202.84560187777637,0,13.290512974714282,0,197.35892845567838,0,0.0,1,1307.0686959441186,0,1042.297374543446,0,42.87207651254802,0,309.319467991375,0,631.024736027851,0,10.0,0.0
1169,M/W,15583.516319175189,0.0,3,114.47047227255389,0,127.9863100898484,0,261.59689155650324,0,205.2108992000619,0,1523.0439635187658,0,1123.7700147658918,0,8.058407977310166,0,453.93713528626756,0,826.1952671379852,0,36.0,12.0
1170,M/W,1125.4950244078996,42.460827499658976,0,455.9743509743247,0,165.81755263653037,0,165.81755263653037,0,383.59668820824584,0,1138.3580423398034,0,1655.1769919520857,0,51.73934894447343,0,320.1794974398753,0,598.7246150624015,0,0.0,0.0
1171,M/W,2490.7694922070514,58.96342969607839,0,161.344415059582,0,301.3305845400298,0,330.6348404332995,0,172.09378040897602,0,554.6446371471143,0,894.4481784031401,0,141.66766502208418,0,1717.9215038408274,0,113.59872539337418,0,0.0,0.0
1172,M/W,1150.40859365564,296.0334343886551,0,773.5531797619582,0,95.68686900466227,0,174.1741212164281,0,247.16956021568657,0,1165.2026625118278,0,815.3680502751462,0,64.23996540719227,0,2186.5962378647764,0,465.47545208971803,0,0.0,0.0
1173,M/W,530.7944327755571,265.01671984519896,0,742.9243096506473,0,81.19386652994618,0,228.86077160062962,0,281.9001252978481,0,1112.245314442518,0,868.3726239021414,0,65.99517160033511,0,2133.315584746984,0,521.585058267153,0,0.0,0.0
1174,M/W,54435.722880426845,0.0,5,447.75041937206237,0,40.460958996672574,0,40.460958996672574,0,130.15492986084132,0,731.8699384749754,0,156.13743626193835,0,12.138167515518601,0,908.5902481747651,0,774.8901576602698,0,76.0,26.0
1175,M/W,2509.2661733816717,9.679228043006393,0,501.0127291467223,0,159.03188843811148,0,159.03188843811148,0,315.5448762281349,0,768.6542645622711,0,347.0262542865407,0,88.78683100203722,0,1050.350136568193,0,835.859327814162,0,0.0,0.0
1176,M/W,784.7657315414843,51.266049052227245,0,442.1879984288683,0,15.155718667635806,0,72.07309211078932,0,384.1123898457915,0,738.0072224591096,0,1434.0537010251305,0,125.6234135923912,0,589.0748693225001,0,204.18418216175144,0,0.0,0.0
1177,M/W,1119.3171591951473,35.21515708519238,0,351.32493485584513,0,192.05171806432682,0,284.6467504653839,0,338.3953729717773,0,675.8005714163947,0,1231.9173577340598,0,50.640320596322006,0,632.3573000235302,0,43.412317035313436,0,0.0,0.0
1178,M/W,5107.633268264067,104.81271306309922,0,557.2665169437096,0,4.412229500574856,0,287.04507179366504,0,256.61645648856745,0,917.5237468072326,0,1030.593803618171,0,5.740414824137969,0,1956.667432523862,0,366.30617723363616,0,0.0,0.0
1179,M/W,9710.463905638599,0.0,2,159.83616844107388,0,171.52376462011648,0,171.52376462011648,0,239.0749904623766,0,1624.7015812310071,0,747.8803598470785,0,41.5765495739746,0,662.3592590694939,0,619.431602754637,0,28.0,12.0
1180,M/W,1685.1736243676369,0.0,1,30.41357798636199,0,109.76150752131481,0,109.76150752131481,0,102.71284465018066,0,1613.8061084418694,0,969.7506071856876,0,30.373974506386688,0,713.4037793311297,0,725.7217965508981,0,6.0,3.0
1181,M/W,11613.589478273532,203.4096272192794,0,146.33615293761358,0,22.676520261009788,0,373.6165767902027,0,29.30788287129229,0,2179.7027496450755,0,1789.5204490117324,0,25.31709011288385,0,870.6311749625052,0,81.1957668803902,0,0.0,0.0
1182,M/W,3265.34460961701,434.1809048772667,0,992.9490373981856,0,78.91414460815504,0,78.91414460815504,0,600.3694609919906,0,1137.6988000574781,0,864.2665405172664,0,101.72815833317064,0,1956.8004785111723,0,686.5604524998787,0,0.0,0.0
1183,P/S,3513.0789996089466,13.940749437671307,0,844.0118566673956,0,180.38439953993793,0,180.38439953993793,0,312.8101231140398,0,1231.229220440149,0,579.1839880996366,0,373.3237939112969,0,655.8210147174467,0,896.2593257205347,0,0.0,0.0
1184,P/S,14638.475769446504,0.0,4,948.0149503094661,0,261.45274926497444,0,268.51665472249925,0,413.9669790285285,0,1271.0558501731412,0,592.2481114668892,0,192.68676761946324,0,596.1500727523585,0,750.0274233363076,0,12.0,5.0
1185,P/S,2724.5693450295894,73.9006360754139,0,805.1157344765688,0,202.5228525752634,0,351.76663277963956,0,400.73302878440364,0,1220.030084214325,0,522.6136070703259,0,106.29560615645302,0,238.78823612375695,0,641.032721715687,0,0.0,0.0
1186,P/S,2889.7224421196433,2.658166909899691,0,264.1589058093646,0,296.11051983581774,0,385.32737788545427,0,408.7060012243898,0,204.80926596225694,0,569.1054909181964,0,42.53765775773522,0,816.3914597128817,0,138.30110134455725,0,0.0,0.0
1187,P/S,10628.802021713895,0.0,1,665.2766883221796,0,771.8363530040357,0,1274.1642060304123,0,1311.7174603082224,0,3154.1522235255175,0,2292.612523058278,0,502.34465234089697,0,3955.0734836510487,0,1186.1353470064278,0,13.0,6.0
1188,R/S,2482.3796705369364,142.81151933481894,0,221.476350407974,0,221.30878899726494,0,221.30878899726494,0,202.95681091338417,0,937.5057083707633,0,906.1446154716076,0,265.76951070165774,0,1132.8877059675892,0,296.8504272778332,0,0.0,0.0
1189,P/N,32430.91891534343,281.4993886062025,0,1244.563914349659,0,843.5384080701654,0,926.8833253016863,0,965.4998587573947,0,4230.327671010366,0,3242.6339233446024,0,283.5177402353523,0,5202.46262093431,0,993.5883681471975,0,0.0,0.0
1190,P/N,751.4229696996172,400.71770522064384,0,1390.7753582165599,0,939.3173612916818,0,1072.7205339545542,0,1101.1747171607508,0,4401.073136964924,0,3417.280585179327,0,402.7185002195298,0,5375.193174429815,0,1158.8950018160745,0,0.0,0.0
1191,P/N,18543.22740340686,280.30536219674144,0,3306.0921128766877,0,370.83221169101387,0,370.83221169101387,0,3016.790797475323,0,5852.311500990415,0,5065.412865831057,0,179.99751337001908,0,6885.040315540465,0,162.00805924476722,0,0.0,0.0
1192,P/N,20778.244783690225,4.130652724430029,0,1993.0779057141688,0,246.88829164335675,0,1012.9558971096151,0,2092.190917577921,0,2701.8281728429856,0,2267.870601143665,0,582.137628993001,0,4174.469474269269,0,36.32311147414608,0,0.0,0.0
1193,P/N,7746.234727283287,146.25537623719674,0,2114.9706148567675,0,274.6483511570982,0,1154.8956267226708,0,2440.861917384791,0,2905.5597196408276,0,2403.4972835195445,0,726.1661623388786,0,4515.729202500189,0,62.67024423017085,0,0.0,0.0
1194,P/N,5289.55317836249,65.21844628364693,0,427.4299391607473,0,122.42181808471558,0,603.0410392839807,0,468.49695807294484,0,747.5663838189022,0,1147.5439308738253,0,88.96801296171675,0,2284.394320071098,0,1464.8709162649282,0,0.0,0.0
1195,P/N,14825.592332787579,66.980339626027,0,2042.9596704691671,0,238.95010697127034,0,1095.7667433742038,0,2439.1807630324406,0,2827.406368006046,0,2333.7919186415347,0,679.3901908516268,0,4514.6632688066975,0,0.0,1,0.0,0.0
1196,P/N,32117.471347727853,0.0,1,1844.4261179781015,0,63.924127116516075,0,888.9422434047151,0,2298.2443312096693,0,2634.94510558516,0,2133.4312926886855,0,470.3432971815431,0,4316.312720914784,0,92.81787066937333,0,31.0,14.0
1197,P/N,7424.087503540329,71.97907757126816,0,1800.382104586327,0,1.0574666998252755,0,835.8699332978118,0,2223.33805029618,0,2595.6341549900335,0,2087.263103562375,0,408.3424518343929,0,4244.009398285754,0,223.19393380328557,0,0.0,0.0
1198,P/N,15297.148962973528,0.0,3,351.1074588041685,0,428.7572869639144,0,581.4403958708551,0,349.4558367312682,0,368.1567005995122,0,106.93605497128117,0,64.77763999715008,0,1295.0445735853543,0,413.8596703537151,0,27.0,10.0
1199,P/N,51304.380219739396,0.0,2,1698.2683619997995,0,8.437884174666115,0,727.7275821228117,0,2033.698192437305,0,2497.275315796253,0,1983.1085106781668,0,295.2060632776338,0,4124.680539193029,0,103.67808100184024,0,18.0,10.0
1200,P/N,780.1856535762961,118.89737544484407,0,1969.5474577972004,0,177.18265491279524,0,990.9750721629913,0,2172.794542235085,0,2773.0173788241505,0,2250.058408758218,0,552.703569897922,0,4270.366097113451,0,194.20189028479726,0,0.0,0.0
1201,P/N,34907.219929158935,0.0,5,248.99566012661944,0,0.0,1,486.6945126543008,0,219.71930595700533,0,628.8973684680533,0,862.6040553556666,0,138.78068319430557,0,1969.7396855040636,0,1146.876046148494,0,50.0,21.0
1202,P/N,57262.321638521644,0.0,4,1619.4908031075595,0,55.02609008187831,0,650.7276363756814,0,2095.0763659713593,0,2418.1513152503735,0,1904.761191702917,0,223.94628228220614,0,4077.4936981951837,0,175.06208111382736,0,33.0,19.0
1203,P/N,5597.000604218247,26.604511753526577,0,380.26722356698167,0,79.10356061100839,0,404.24941034445214,0,112.44459846248292,0,634.690498922969,0,818.2606977860289,0,83.16418814168293,0,1906.8570217981335,0,1090.0997656851248,0,0.0,0.0
1204,P/N,6131.4885899807305,0.0,1,241.574500801589,0,27.7846715568747,0,735.2842480324812,0,457.9103671164874,0,1304.6780173309983,0,1503.604074721944,0,404.7542372662351,0,2577.310640727838,0,1660.174475233659,0,12.0,6.0
1205,P/N,9735.063557406937,0.0,2,127.25687728985585,0,63.37543401964593,0,169.32964517869092,0,247.39618719893966,0,1030.6726099886155,0,528.1582912206828,0,44.89741220003038,0,815.5062511429498,0,289.6052391953812,0,30.0,0.0
1206,P/N,3807.7647294778844,0.0,2,60.97342628217611,0,123.99025391301228,0,191.70835929701184,0,280.1382468588881,0,1130.0928181033007,0,631.7156784652561,0,34.04607321616019,0,799.3915901099483,0,386.04980682206804,0,26.0,12.0
1207,P/N,5153.255835481883,1.3956521716098687,0,529.9731592866866,0,251.7729228113269,0,659.8729336341959,0,460.7581272584136,0,1563.4252067450932,0,1714.6967671117563,0,337.0569260037734,0,2810.080743121723,0,1679.300550279876,0,0.0,0.0
1208,P/N,3621.9386236073124,28.202806748963642,0,509.0969733091544,0,233.13612215038023,0,667.2925909175253,0,460.3254210480474,0,1544.9423749191153,0,1689.4843976794436,0,346.97540884470425,0,2784.4300928293824,0,1664.90587670737,0,0.0,0.0
1209,P/N,726.4349593017246,102.81387165800113,0,431.4168417430426,0,175.28865623112608,0,870.9745341858822,0,673.8672870869675,0,1527.9257286916654,0,1588.8378026258374,0,608.5473644197549,0,2684.5702061960947,0,1583.048349775374,0,0.0,0.0
1210,P/N,5995.306226597002,0.0,2,232.30868683839492,0,208.86319804721205,0,208.86319804721205,0,148.67031856228272,0,740.666809155042,0,279.0031490927155,0,13.144404927314715,0,1059.0375350608147,0,283.9679164498571,0,24.0,4.0
1211,P/N,45192.83744380965,0.0,19,101.92360141462251,0,0.0,1,247.50326633500256,0,181.41957036094496,0,551.8899376387492,0,401.77215445111324,0,65.63638749420782,0,1443.8566186750984,0,637.4670746994233,0,108.0,28.0
1212,P/N,1376.5221724547025,0.0,1,329.20043002187884,0,174.74029074821382,0,331.2769611011391,0,315.7098300637796,0,658.6562534395941,0,631.543984932654,0,121.94283994754296,0,1614.5403121506401,0,840.5264288863755,0,4.0,2.0
1213,P/N,18734.77663262693,0.0,5,424.578121457947,0,19.585158148558595,0,19.585158148558595,0,89.6490048021277,0,845.4541998529905,0,588.0359829730015,0,21.447898071418653,0,1651.6750068342712,0,958.0527329118474,0,33.0,13.0
1214,P/N,14898.530305260563,0.0,3,165.70010878571506,0,96.2247070865353,0,115.06418028410506,0,152.02759925231462,0,1136.541233913142,0,589.4026083175992,0,89.35760462831,0,542.9738519296127,0,245.61954311952815,0,27.0,18.0
1215,P/N,3993.4137964521315,3.320399899375349,0,369.6930417444727,0,27.67116499707221,0,230.0489109642879,0,174.16965836407707,0,860.6340532051463,0,358.43051603090913,0,175.30968173094206,0,1426.8332380878096,0,767.0606351199215,0,0.0,0.0
1216,P/N,1927.548145602275,19.812615842332058,0,515.9962686768204,0,44.879606570355,0,44.879606570355,0,28.116315950820866,0,1315.358225877368,0,689.9794807414316,0,67.02151793638225,0,447.0901572648716,0,402.1314774134852,0,0.0,0.0
1217,R/S,65913.6333373165,17.617295985097808,0,1099.1769006205357,0,359.55941885875114,0,1180.4296138883703,0,214.07490388975225,0,1749.1161725872323,0,1891.4306542818422,0,81.88298161983062,0,2987.965640082714,0,1312.443161679899,0,0.0,0.0
1218,R/S,2866.2495231348157,0.0,1,1154.399744954214,0,131.90169289457646,0,131.90169289457646,0,142.58514073034542,0,1282.5523148463276,0,44.7244032374635,0,8.294056425762395,0,1079.3393771996252,0,862.3211768502528,0,6.0,3.0
1219,P/N,32590.96014645449,0.0,17,106.25658176899614,0,0.0,1,370.8125950632402,0,465.3908636234237,0,2017.704015197211,0,1178.9993851076188,0,94.01761498122691,0,2281.9510526656713,0,384.6235087640919,0,103.0,28.0
1220,P/N,5427.311557613059,0.0,2,272.0416665696177,0,43.846576047110325,0,255.9291237238721,0,466.11573864092514,0,2095.0770511516703,0,1029.2476725697059,0,212.44863243224052,0,2120.959990980527,0,213.53088911896052,0,41.0,8.0
1221,P/N,5609.168369264211,182.86517574717416,0,734.4395432652457,0,284.8779505714745,0,284.8779505714745,0,476.64069442125464,0,539.7874016793015,0,550.1706387025304,0,182.63383731218903,0,2317.2059559705385,0,179.06700616236375,0,0.0,0.0
1222,P/N,2461.9364845970113,147.66130061292264,0,275.6035601177532,0,277.85171068605473,0,664.8987153194288,0,64.50158713605352,0,1309.449420759372,0,1107.6094855292108,0,300.1481361255792,0,637.8660262801659,0,1079.3463020018464,0,0.0,0.0
1223,P/N,4674.110285047804,33.97354310271474,0,459.682434466883,0,88.33438185134305,0,612.0936160119776,0,225.6759791807571,0,1528.318906330219,0,605.8332425459487,0,382.0281555573406,0,1308.3056062166509,0,658.4691360667248,0,0.0,0.0
1224,P/N,5196.325693888339,105.63732235743761,0,384.27466443628083,0,92.57697805207546,0,264.83974155022304,0,458.56518802298734,0,532.1882889378476,0,803.1005916842073,0,54.07503437960748,0,2216.1013884169347,0,84.68387838854296,0,0.0,0.0
1225,P/N,1758.2001189726213,89.25777041884118,0,424.4238966437354,0,65.41791307785167,0,811.7397175991707,0,390.64179127517673,0,1210.8648917635194,0,1530.1999528407994,0,7.412866321529382,0,1913.541279262776,0,595.0574792198189,0,0.0,0.0
1226,P/N,28698.662643037806,0.0,2,334.5085890379389,0,0.0,1,545.2699671726872,0,148.70256136728344,0,1236.7475647012502,0,1511.4959536573879,0,82.49047253072166,0,1647.4986908301187,0,419.5516772365409,0,24.0,10.0
1227,R/C,1848.663747634065,122.28600959254699,0,130.31649601618582,0,171.0392047245997,0,630.1762744351664,0,304.54327248216543,0,58.879935847007296,0,274.0108248757485,0,45.59861102429219,0,1560.8952020972542,0,578.7323601050555,0,0.0,0.0
1228,R/C,2892.5783836177093,1134.7520145495366,0,638.0915244583229,0,721.5442310981551,0,1587.1425582144334,0,148.8007548892633,0,1265.791865240671,0,1112.724904676465,0,357.9446379212342,0,2847.387459579833,0,1432.4256726204053,0,0.0,0.0
1229,R/N,53505.67270329222,0.0,2,483.09463155297186,0,370.1874530255155,0,721.3049824377567,0,199.87652804707287,0,1718.783232186604,0,1714.4669657327997,0,49.64516863081083,0,1300.1145907500063,0,1007.929557465577,0,40.0,22.0
1230,R/N,629.1806363701901,46.97072023169213,0,545.0292590531278,0,418.3799348448558,0,784.6416594178511,0,258.60899400920067,0,1761.0584788531096,0,1759.5052982906113,0,117.81630664365707,0,1339.9816050122722,0,1076.6103063031942,0,0.0,0.0
1231,R/N,1510.1216560327803,194.16581959085073,0,329.66586270196024,0,0.9662362028384669,0,36.08346467016978,0,67.9934133764552,0,774.6590399471046,0,591.5446572697682,0,57.78108433682315,0,1202.481605849644,0,737.016452226019,0,0.0,0.0
1232,R/N,1198.5972115550912,334.9208528557167,0,679.1274225277308,0,707.4919526739553,0,988.0278258896042,0,228.10033069105774,0,1908.4091552840068,0,1638.1831310763282,0,134.80325030425334,0,1605.27202768802,0,934.8983152074941,0,0.0,0.0
1233,R/N,3703.1484703868687,369.5287814423828,0,834.4714386286968,0,154.9165149560172,0,210.1268321413454,0,340.33680091378176,0,1310.9899204124968,0,464.0814033641985,0,204.06705985726646,0,1747.0166683705659,0,1136.6618981326694,0,0.0,0.0
1234,P/N,108610.0844964576,0.0,1,430.192943831571,0,0.0,2,699.2880116650193,0,176.72565132478982,0,2128.7299458983507,0,1483.8986095778657,0,166.50501809566674,0,2603.3652890872486,0,796.285979841342,0,8.0,4.0
1235,P/N,1186.6807399397144,30.05693740902393,0,601.3775729726066,0,72.40950096473642,0,491.3397052511436,0,382.16601531823585,0,807.095530904703,0,449.62335422603445,0,285.4160618344465,0,1037.1694654851126,0,703.3849460036587,0,0.0,0.0
1236,P/N,4131.776320528984,0.0,4,648.32757264263,0,92.53594441223835,0,265.49056362548725,0,357.39775154505685,0,1128.7032370664201,0,140.56991851367664,0,50.039581775162716,0,467.39143070597214,0,221.58913440954902,0,13.0,6.0
1237,P/N,5572.377381077405,24.802127999850935,0,542.8980642084127,0,6.1990698073521795,0,182.4008741240427,0,1426.5873398347217,0,1349.7976037255103,0,826.5063136913403,0,153.28775054191416,0,3299.886920031792,0,1423.7519044872556,0,0.0,0.0
1238,P/N,1970.9039274297447,29.67254937094689,0,211.79844032943956,0,79.59063453878818,0,79.59063453878818,0,42.84095360874479,0,1212.3206012796143,0,558.3288363696886,0,75.3016073490913,0,880.0632849729192,0,727.2150808879987,0,0.0,0.0
1239,P/N,11550.902822737657,200.16371367127024,0,576.5762480939185,0,603.7809861564281,0,633.3803023555189,0,58.06319522796394,0,1088.7381650206937,0,967.6820206714294,0,70.31308126104086,0,1446.868363855954,0,853.3233348897829,0,0.0,0.0
1240,P/N,3070.813229586304,53.56833193234093,0,423.4418331886731,0,25.31229879445126,0,30.878966857367274,0,124.22887778602416,0,1546.1096577835106,0,447.50234541154816,0,10.417628207730633,0,689.8514392776709,0,787.1060723665266,0,0.0,0.0
1241,P/N,50149.717866761996,0.0,30,94.21757291122276,0,0.0,1,115.77050831130296,0,263.5579150574707,0,1347.0372535734814,0,289.8648814386747,0,6.83862685666228,0,1175.8342010623905,0,589.6928386395034,0,90.0,16.0
1242,P/N,3970.545648785812,0.0,4,338.56175511368656,0,17.797295575207247,0,128.05757896681592,0,34.93917865986228,0,1581.0841561524753,0,435.3026895997161,0,6.8506820109787485,0,806.9128409486741,0,862.578470343976,0,8.0,0.0
1243,P/N,19899.98508263378,0.0,5,4.0397785945556945,0,11.546325782848538,0,308.9261684763063,0,242.7814084177018,0,1535.4996432425899,0,373.9058722583952,0,163.12395768697579,0,1160.6934975890015,0,519.9918092230321,0,43.0,17.0
1244,P/N,2189.5188342396086,84.75351009656902,0,610.5298067639396,0,126.84716762315756,0,1014.5401153033661,0,521.4741589828582,0,2315.913045380126,0,1813.8642029879204,0,526.9971310263816,0,2852.596738249255,0,1052.4182846058143,0,0.0,0.0
1245,P/N,8818.047755492746,0.0,1,417.97589909364,0,3.8787170768440626,0,155.6888591426237,0,51.68535436908871,0,1609.5681382422874,0,681.0149877780018,0,80.52920579034019,0,1654.4962861485299,0,352.6297196636813,0,8.0,4.0
1246,P/N,1946.0587353747935,5.098378529910444,0,422.08074895466353,0,259.45815249488913,0,323.3619727406544,0,7.770075188044426,0,1675.8046080665583,0,789.5690423326585,0,146.93528375968302,0,687.3205572383325,0,1080.1717413375377,0,0.0,0.0
1247,R/N,29796.02617338943,7.740399508386485,0,606.7513381798764,0,99.72146133523111,0,325.460286381075,0,97.21287383088489,0,768.4966264834873,0,637.6604802189191,0,9.955511858178184,0,608.6039892036496,0,121.09086321405526,0,0.0,0.0
1248,R/N,60550.46956937093,0.0,8,349.195496862731,0,78.84251624234611,0,148.6328924520875,0,334.45001253324176,0,1563.19350858933,0,1241.2191884452573,0,276.06876630358636,0,1807.382254019746,0,2271.8873334559944,0,57.0,28.0
1249,R/N,19301.963805094016,0.0,1,461.26070089539945,0,65.23783039610369,0,349.4244244978102,0,133.29816726694102,0,1159.1851468514756,0,559.7458406325577,0,21.363253257865434,0,1133.1052976119597,0,1229.847291562955,0,20.0,12.0
1250,R/N,46665.472815256246,0.0,6,198.66460331818274,0,0.0,1,349.12387884255,0,56.053687580311035,0,984.6577453702779,0,969.5576776540055,0,41.53950793688502,0,593.4578160033246,0,547.9124140787304,0,45.0,22.0
1251,R/N,9318.530737928359,0.0,2,400.9762261919995,0,134.6102649531036,0,134.6102649531036,0,71.60735826115416,0,562.0188739478912,0,487.620678547466,0,197.0414198259358,0,343.01557182399154,0,360.3207664005593,0,12.0,4.0
1252,P/N,5439.816385451554,0.0,3,214.19762786273807,0,117.68833920750764,0,372.41312287034833,0,235.25086002147353,0,1764.939945214098,0,660.5436162328381,0,342.5541499079583,0,1422.1927308148756,0,399.49346762766885,0,23.0,0.0
1253,M/W,1528.2692738450958,250.68349695798813,0,699.6088505423742,0,105.7445130080343,0,289.4361157663876,0,413.5046792861456,0,1096.1775567677387,0,1018.0235400111266,0,18.146447204741882,0,890.3496804713646,0,21.278669637164644,0,0.0,0.0
1254,L,44010.06609407379,377.46357401975445,0,150.47889158534883,0,65.473133990029,0,65.473133990029,0,72.083459596028,0,1487.3289023495688,0,1234.3753575052863,0,196.51401067096,0,1764.7943354699598,0,192.2595827628001,0,0.0,0.0
1255,N,6032.891539350416,4.947034724841495,0,107.63923951095492,0,272.5355893604597,0,314.7219488586478,0,403.4842808425029,0,903.877008160104,0,682.3160944085826,0,24.082990299658167,0,1561.7657058384525,0,341.7000845604966,0,0.0,0.0
1256,N,127242.91695996711,0.0,15,393.69878630931873,0,0.0,2,16.036040097840935,0,393.69878630931873,0,2111.4601257330214,0,1160.1512117099405,0,24.0686977207276,0,1229.91253664189,0,0.0,2,233.0,117.0
1257,T,102392.58299791606,0.0,12,650.5239999252582,0,0.0,5,0.0,5,2.4896764909860645,0,533.1651803597507,0,1645.5806765279642,0,17.234689764523804,0,2038.9834187351,0,1239.4151017454842,0,156.0,79.0
1258,T,5526.413056655489,76.22680689426973,0,857.246631763062,0,124.03662326321232,0,396.73105239564956,0,142.76433388188198,0,342.62835036266375,0,1648.2179764039372,0,31.55281833402905,0,1775.5824579597054,0,1259.8453754535299,0,0.0,0.0
1259,S,916.6093091254061,55.27842980790967,0,571.54796873051,0,460.4036082691535,0,460.4036082691535,0,486.36599035728386,0,1616.448093696708,0,1249.371771496342,0,46.22076275300877,0,1318.3442005715488,0,81.0957661899584,0,0.0,0.0
1260,S,23189.013336116364,0.0,2,420.4902917317142,0,35.81029861345334,0,35.81029861345334,0,202.5471775714072,0,2268.3737139390805,0,1681.9583827310482,0,144.39293096832682,0,1355.4526208232464,0,525.7468526977464,0,9.0,5.0
1261,S,67495.62151525205,0.0,1,94.80178588618176,0,0.0,2,41.125172058253796,0,430.21514693587955,0,2114.8132275655116,0,1598.7066617835017,0,34.95410964966683,0,811.0704282704123,0,8.604035057132524,0,14.0,7.0
1262,S,1496.4067770013985,13.07807534027042,0,109.79481363446907,0,53.19585961573746,0,302.1403701324322,0,309.81251556706286,0,3216.7841555659256,0,763.4903729753527,0,60.93926017137434,0,1106.0378188979591,0,39.14033528427532,0,0.0,0.0
1263,S,10125.11084040753,85.31645565371831,0,256.58963624396847,0,129.67452490107394,0,366.18693994760287,0,55.10656994000091,0,1509.5074775903956,0,1591.5798770079805,0,132.8807290909151,0,1913.1896120201504,0,246.02103823469776,0,0.0,0.0
1264,T,75688.69441134336,101.12619672446735,0,493.31072909381913,0,16.61199357554747,0,264.1893685661393,0,699.362204417691,0,2429.4070273647235,0,1007.9813613146392,0,172.78756357248426,0,1654.9266515570366,0,475.55607234661255,0,0.0,0.0
1265,S,19818.81545283099,44.63897289923538,0,1001.7214260056392,0,68.98042349278008,0,284.65357329892805,0,379.43757743716424,0,3111.424868941158,0,1840.5500507640827,0,28.131842174171418,0,874.488272233899,0,332.7981515091628,0,0.0,0.0
1266,S,10978.297120910614,0.0,1,498.0911568284267,0,330.49591587105743,0,570.9067322361511,0,481.1131830259154,0,2286.7848541784265,0,1379.1657934618618,0,52.70316325349887,0,4079.831757842643,0,821.4976863428631,0,8.0,4.0
1267,S,4121.75301650471,71.5382225190577,0,333.1688484768542,0,352.5709350341548,0,390.4573079124517,0,74.77922173199475,0,2625.8188406778136,0,263.327303607658,0,60.7427217441474,0,1132.5348639927086,0,581.6863640933885,0,0.0,0.0
1268,S,1878.223206743602,85.83270448634931,0,199.4263402400898,0,210.7012404387934,0,379.4253932196136,0,93.24411220443388,0,2793.9484338004836,0,131.5376061154735,0,68.05303158426939,0,975.4783916753415,0,603.9173161487676,0,0.0,0.0
1269,S,47025.93097463462,0.0,2,252.6591540769514,0,88.62458775286552,0,88.62458775286552,0,44.97661911768858,0,1472.857991069964,0,1620.7646300260344,0,8.494848049978927,0,2011.9997200183452,0,81.70583811565653,0,20.0,14.0
1270,S,1917.2609687756494,57.48195563250701,0,405.1849846883826,0,152.34732035396294,0,517.3342122754889,0,236.10963217707913,0,1425.8960279777443,0,1463.6679297117873,0,332.06513432290313,0,1738.2715786702956,0,530.4574051832722,0,0.0,0.0
1271,S,8880.563089877936,0.0,1,945.844112773743,0,349.40670589826107,0,376.1000202160925,0,511.66321908396907,0,3233.888379767894,0,1523.614229521359,0,67.91776481294882,0,3345.339620844042,0,987.0957921182736,0,8.0,0.0
1272,S,1438.4650186134813,10.939762687575076,0,383.39592789854345,0,197.14843294669208,0,554.3880788814226,0,147.45705726236622,0,1444.0290906544103,0,1547.2684522992881,0,267.8114579345078,0,1832.047995705087,0,464.4719357536736,0,0.0,0.0
1273,S,60137.95484640144,0.0,1,478.87406810587987,0,49.636309446216266,0,329.42214278310007,0,561.5775514045553,0,3170.244990051958,0,1145.9199161911679,0,229.26497474404997,0,1475.3993607961772,0,393.0052751280366,0,10.0,5.0
1274,S,1919.9239599424088,35.17070133350785,0,1125.0987913776632,0,65.31624225280473,0,65.31624225280473,0,71.93977501613192,0,1852.0919424098436,0,902.1687290918627,0,245.54480717320197,0,259.47597703860606,0,415.0774599678406,0,0.0,0.0
1275,S,6859.93207850914,91.19709923408494,0,847.9999255524515,0,135.16912198964204,0,271.396128276604,0,34.825344352737936,0,2364.7978018003087,0,572.3475172278389,0,70.88276268403592,0,813.369276211721,0,568.0394099141874,0,0.0,0.0
1276,S,48118.59806671507,0.0,3,208.02534069919477,0,0.0,1,6.407391228027389,0,321.102064005721,0,1642.3840056085594,0,1027.1560901483713,0,132.10047831647307,0,1459.48890266849,0,354.48002266993717,0,44.0,23.0
1277,S,4958.242996355497,236.27187386627168,0,1571.3226899765784,0,460.02766147146144,0,460.02766147146144,0,587.1789930983472,0,4068.8748002411094,0,1923.2336331429829,0,514.3238863438968,0,2537.2399365406827,0,263.1240059900359,0,0.0,0.0
1278,S,49681.313029809426,0.0,4,1358.1759360898973,0,0.0,1,409.7963474759231,0,1103.3298041712515,0,3693.368298743812,0,2089.686223433233,0,114.86386999102415,0,3417.847098363076,0,781.0319034629007,0,26.0,16.0
1279,S,844.3052418852074,84.72144923322202,0,459.35707405411733,0,116.89786407803396,0,228.22573963092202,0,541.6742861342278,0,2557.715608694225,0,1990.5141104154836,0,224.00746194767626,0,1018.2967405117585,0,234.07848963688392,0,0.0,0.0
1280,S,908.3097281886479,61.79591732449024,0,465.29292801739433,0,68.86324633672504,0,142.95750677637943,0,470.29052093563666,0,2538.8056647606304,0,2029.5315214064965,0,176.82011833046477,0,1101.8215006809687,0,292.3814165577291,0,0.0,0.0
1281,S,5149.682296894127,39.51644860473745,0,304.4876923438641,0,115.68248177414677,0,115.68248177414677,0,147.8165830336461,0,3115.756160563353,0,421.26218270445446,0,138.2179770636514,0,772.5231316438136,0,374.93005185122286,0,0.0,0.0
1282,S,104628.86790149569,0.0,5,1014.6955168968468,0,0.0,4,3.4735303405569264,0,510.83690760116934,0,4110.3555070202965,0,1594.410434826368,0,5.458556620502427,0,1215.2779504826985,0,896.349165800712,0,33.0,12.0
1283,S,1100.1120946368894,34.15173758062259,0,953.2801653641478,0,140.2004790831895,0,212.99603879259104,0,391.63019298170235,0,2910.3797781760486,0,1025.4564763525836,0,239.67654889834554,0,593.8418360314834,0,392.17673228151506,0,0.0,0.0
1284,S,1928.1061265159128,133.9076795824027,0,593.7961871136292,0,54.48881939701494,0,54.48881939701494,0,246.0222438380924,0,2533.1601385758995,0,1741.9970556084982,0,167.25305702993583,0,1352.5238154738415,0,516.1854449800994,0,0.0,0.0
1285,S,2797.1973494615363,284.15505553705395,0,263.4046717893166,0,596.3372591110775,0,663.0019773816671,0,619.0513673678793,0,2208.349654379158,0,1763.979495633336,0,156.94033542945874,0,3865.6692694565727,0,491.1832831404289,0,0.0,0.0
1286,S,1242.7834668784917,490.67515627465866,0,769.8221508833947,0,105.00338345428163,0,105.00338345428163,0,119.326074613706,0,2330.1862046889596,0,573.4638713657984,0,72.83737269192902,0,870.6475192569897,0,863.1668413888127,0,0.0,0.0
1287,S,511.8468578502911,44.8254220932808,0,964.504169494395,0,149.58682547175192,0,149.58682547175192,0,178.98517894702823,0,1939.354562626384,0,916.3472667575767,0,14.064920150511572,0,480.4604533305624,0,627.6260559920618,0,0.0,0.0
1288,S,47284.406894996544,0.0,2,844.0384298832654,0,246.07824916519033,0,382.94234820535263,0,423.3343595361317,0,3030.333847300092,0,1457.4238217422628,0,145.6421147590599,0,3414.9772471469387,0,955.1835161847431,0,20.0,10.0
1289,S,846.3433346954289,53.83160951855076,0,895.0424465443818,0,577.2676026608964,0,577.2676026608964,0,463.5826336555738,0,3134.672800721839,0,1494.4428161057504,0,215.14915760565492,0,3465.7400850154204,0,1222.9146966488352,0,0.0,0.0
1290,S,183725.33559282933,26.298381731414615,0,0.0,2,0.0,4,195.4291890754684,0,310.8165591192947,0,1731.6488676275117,0,915.4925246642991,0,36.23139828544435,0,1607.7787847648772,0,66.77075268882113,0,0.0,0.0
1291,S,2165.187454657409,290.9107114097431,0,574.9290934192932,0,248.76442986703648,0,527.971348487644,0,188.02400465404443,0,3288.83897670354,0,737.9014183318279,0,211.44011931337147,0,411.0698948315289,0,1011.8938628565807,0,0.0,0.0
1292,S,1440.5555877600264,328.55401946049017,0,776.8328587374044,0,125.57882497952377,0,486.1281337623667,0,100.58448239758758,0,1386.1041283094585,0,781.7523837589706,0,75.90619322080789,0,1058.9432181405957,0,323.79019377593,0,0.0,0.0
1293,T,14038.06924503449,640.3898482052866,0,2147.7916650806583,0,746.5602685579299,0,1004.3001471777042,0,975.7960697218022,0,4489.772888941488,0,2784.3551206564966,0,591.9183478732663,0,3533.46500050097,0,824.2265098322625,0,0.0,0.0
1294,S,2887.947564462163,72.42294770554723,0,1029.937986400338,0,327.03939933234756,0,327.03939933234756,0,76.91483380897797,0,2890.525153256505,0,1053.0004744432479,0,33.01034002902402,0,246.35910916631624,0,794.4285849235121,0,0.0,0.0
1295,S,1001.2177708992133,114.62703069745797,0,412.2239644193904,0,250.7215755033833,0,366.5241147073398,0,382.23890920714587,0,2514.902840794121,0,1740.642311042405,0,223.5331711767448,0,843.6011213203957,0,266.7104996222916,0,0.0,0.0
1296,S,1341.8260570581156,102.32831878533977,0,365.9744256431064,0,111.51789134591729,0,111.51789134591729,0,480.8038634205113,0,2301.024750876975,0,1832.0239638645753,0,355.6085601706264,0,1345.0755890683624,0,571.4010173897003,0,0.0,0.0
1297,L,7752.391727543089,0.0,2,64.40344028120316,0,38.191492050883056,0,38.191492050883056,0,101.4573667256988,0,1759.5602527629278,0,412.17781343955824,0,134.8380852767447,0,370.47571239170367,0,810.482680368215,0,9.0,4.0
1298,L,12208.597457184631,0.0,2,454.021928347374,0,160.2791253624033,0,160.2791253624033,0,117.63077374081116,0,1227.0392327173042,0,109.86581820049241,0,357.1802758298344,0,742.5238646059468,0,1071.0794637491258,0,23.0,5.0
1299,L,30647.430782768475,0.0,3,112.58606406801955,0,0.0,3,0.0,3,196.57798023847886,0,177.39472163081413,0,1124.9439557682365,0,15.507344906373758,0,872.678163742271,0,38.859922395717604,0,23.0,12.0
1300,L,81816.58471438153,111.63754577285185,0,245.58733705432843,0,0.7108508142697302,0,0.7108508142697302,0,217.27064870640328,0,1695.8383536235408,0,1954.957426121008,0,10.234756783419638,0,1509.2984925730905,0,845.0070698757816,0,0.0,0.0
1301,N,146202.36800768753,0.0,47,277.1215594293683,0,0.0,3,0.0,1,46.49830220090549,0,397.24472416889813,0,63.58906734073516,0,1.6910104547252245,0,1152.060231682052,0,14.195607895841553,0,568.0,280.0
1302,N,34435.37030947702,226.2272960062527,0,182.4634408958747,0,45.19299965578238,0,90.78529465966997,0,129.65562010505133,0,1817.8745431179905,0,1687.9551008458802,0,16.333292929050803,0,1318.8674910290824,0,606.9550595928488,0,0.0,0.0
1303,N,964.2318455920839,58.59599333792216,0,521.0254603218243,0,252.57459353896297,0,434.876047466091,0,109.63752085847723,0,1006.101814602163,0,510.1765911742194,0,214.1351978572815,0,940.2085081043366,0,478.90939026609897,0,0.0,0.0
1304,N,6663.013080385507,0.0,1,435.5179603158212,0,159.01512062868844,0,159.01512062868844,0,336.2022797296418,0,1711.8455018220304,0,1153.5411268563105,0,75.44695771698525,0,547.6602018171959,0,946.7404740942783,0,12.0,6.0
1305,N,1643.6284000454705,31.755997065800084,0,379.75586499520085,0,246.42164067644464,0,246.42164067644464,0,240.20630915666126,0,1734.960578836063,0,1457.3936262987147,0,53.27445792127099,0,639.2469843608723,0,455.1456749991888,0,0.0,0.0
1306,N,2841.326240989706,61.32613533750331,0,479.3937154899416,0,108.60466741823518,0,245.8339311498948,0,1010.634070423108,0,2401.3442842673358,0,1286.4527376560857,0,398.6981116233658,0,1568.1269710577074,0,335.99456819931186,0,0.0,0.0
1307,M/W,3733.6363675888097,21.174183202501332,0,533.5735997318128,0,376.88180445839504,0,585.7002264889499,0,525.1702350351557,0,2224.3179292024543,0,1271.5464799559566,0,40.261579598331465,0,1092.8474696839664,0,349.7551475004761,0,0.0,0.0
1308,N,1168.6316073841165,174.57120430442774,0,450.9666641160699,0,133.853304691278,0,133.853304691278,0,99.15131255006854,0,1510.3700680457098,0,1342.5709238889071,0,25.58337730397836,0,1394.5448048556868,0,355.5012429615222,0,0.0,0.0
1309,L,282.85773072625204,40.8496994924885,0,658.4086009314204,0,27.106945125351057,0,374.20392470526633,0,452.67241642731653,0,1498.157739960565,0,1744.772685821906,0,233.49809486229944,0,2852.903258011297,0,777.8776602232692,0,0.0,0.0
1310,L,27578.1674006871,358.59286275388763,0,115.3898113828901,0,74.33932060688842,0,172.58920748376434,0,128.8026603171859,0,1930.5537565154277,0,1762.7631131905812,0,0.0,1,1717.0193855328482,0,661.4634040844717,0,0.0,0.0
1311,N,213172.57821916547,0.0,13,502.0371816863936,0,7.973717778481019,0,22.144505648846607,0,695.5755629787383,0,2174.302200204326,0,1161.1852713827411,0,16.390036462202684,0,1263.5557443678097,0,116.56078963677349,0,126.0,59.0
1312,N,780.5641431199857,45.90955054038774,0,762.8784343643626,0,142.57417368844241,0,235.97087248096696,0,1026.6374899141979,0,2463.9065196014008,0,1433.5062885680052,0,303.09986658196595,0,1507.980634765153,0,401.07071213294387,0,0.0,0.0
1313,R/N,8316.16350687539,390.91259926857015,0,876.5791499599007,0,205.1003967453077,0,298.3462550861487,0,371.6024811054,0,1355.725249186933,0,564.7600456477105,0,200.927448009434,0,1793.5675753867224,0,1213.1710964865777,0,0.0,0.0
1314,R/N,5945.66687716013,301.4628241490498,0,779.3379432799735,0,252.96594614763424,0,299.9158003939145,0,277.04906224305415,0,1257.9945273004112,0,517.9191140817481,0,151.69382116003254,0,1695.4752937037288,0,1131.9493001748947,0,0.0,0.0
1315,R/N,1305.9084454381984,104.56526513142373,0,805.060354217841,0,65.38151059998421,0,151.8129864573469,0,204.09712494080918,0,930.0965073762748,0,734.9572348564938,0,56.89107108406737,0,1083.0655197605824,0,257.8721610535525,0,0.0,0.0
1316,P/N,4781.745402770645,22.450251120667,0,522.7289624744811,0,117.26823902775229,0,591.7623164888174,0,624.1361202436254,0,722.0191350734707,0,319.92144574424776,0,5.591405274422554,0,2515.0651603523565,0,549.120383118202,0,0.0,0.0
1317,P/N,778.044680326501,4.70726976031934,0,237.7621786701892,0,125.03476273566001,0,342.9247368720957,0,894.2634507496555,0,867.1301012732017,0,303.76878096621834,0,225.8188350847927,0,2791.3695240910047,0,821.3064173223047,0,0.0,0.0
1318,R/N,1811.3353233795274,68.27765460699169,0,254.17399711050513,0,282.00765686492423,0,371.34363898331804,0,48.01255565955647,0,502.8959528371198,0,392.36690569074545,0,87.4919714523132,0,901.1812097800126,0,546.507829230045,0,0.0,0.0
1319,H/E,6010.04709736834,68.89488438793546,0,359.1488814682427,0,112.794126468331,0,112.794126468331,0,83.40152916944028,0,1230.4173440619716,0,365.2073791420589,0,176.27324435479278,0,699.6332951169113,0,506.84609250780716,0,0.0,0.0
1320,H/E,19654.35283973739,0.0,2,278.43342633789723,0,36.54091284395279,0,269.84138353836437,0,640.4704609706196,0,1757.3770437982603,0,424.22203278668906,0,275.0281824271409,0,261.00151215587556,0,343.7900522411435,0,16.0,5.0
1321,H/E,1451.8260099111972,9.18954456819292,0,410.46393955335196,0,239.7187626911265,0,351.64965482698244,0,687.2031751879127,0,1790.359600791794,0,649.341798366473,0,87.92162926286332,0,660.1357309232518,0,262.02644993078087,0,0.0,0.0
1322,H/E,1996.8319249964384,230.89605892800563,0,621.0382412669848,0,27.421920448984793,0,40.784825208403596,0,426.80214797435247,0,795.7565605108682,0,538.7639366284775,0,186.2848560787147,0,330.66148969755375,0,735.2337344674429,0,0.0,0.0
1323,H/E,2050.5534554013443,66.05400023089628,0,457.40389312973275,0,302.57353701399745,0,302.57353701399745,0,257.91691841592166,0,999.1254697106142,0,277.37291481418583,0,32.963977767200106,0,564.7978649591182,0,932.2201062957374,0,0.0,0.0
1324,H/E,7099.8079233648805,91.82102666238546,0,445.61445966882053,0,208.81386062811535,0,340.72894782013543,0,516.0753911773518,0,1866.6607266439162,0,517.2247836796516,0,126.31801527550464,0,956.7094205386207,0,371.72167748170324,0,0.0,0.0
1325,H/E,2515.291344858644,180.3683583302226,0,351.90296651624715,0,333.0425287229652,0,333.0425287229652,0,429.1389257275321,0,1838.3065599002089,0,480.3978742101116,0,207.89568554531778,0,1026.9759167037203,0,448.03055639830336,0,0.0,0.0
1326,H/E,2579.2997201403796,240.05710600116203,0,209.95549844943844,0,171.59002517119785,0,171.59002517119785,0,300.14299448726695,0,1736.3332720041526,0,406.4182249030527,0,234.16563262035896,0,1011.7100747746092,0,619.278160321565,0,0.0,0.0
1327,H/E,2380.995968302493,328.4791239254764,0,142.13332733281035,0,46.14709585939451,0,46.14709585939451,0,235.31670182459786,0,1665.2725503285587,0,392.37512824087844,0,124.19124475436173,0,1029.8961828700642,0,730.2545908985303,0,0.0,0.0
1328,H/E,921.0285867249921,308.1485125425808,0,446.13073053949574,0,228.74005344864443,0,328.6951284985319,0,530.1123116710651,0,1904.480355557529,0,326.5214033255083,0,308.50514661186145,0,1352.8449104742447,0,818.2287513437587,0,0.0,0.0
1329,H/E,3111.99489396764,91.37169999667366,0,481.48195718777754,0,73.84903916394137,0,248.88741535159954,0,548.4639175546575,0,1669.5505568491167,0,585.8116330325969,0,0.0,1,1372.3278148205188,0,1192.8019031667427,0,0.0,0.0
1330,H/E,25013.91611545868,0.0,4,229.82416350512216,0,0.0,1,118.28418886616251,0,170.37334271296567,0,1956.3520545871115,0,112.29471229485546,0,178.95456616472495,0,1592.7167915013622,0,976.9056952704451,0,58.0,35.0
1331,H/E,4072.2190658827485,0.0,1,98.02226611382298,0,175.89160405838535,0,305.7003877112905,0,122.6721823603883,0,2059.3310168778007,0,452.0962692529907,0,58.79215045403132,0,1756.6184456251435,0,1052.5954790688963,0,35.0,17.0
1332,H/E,857.1049816659934,33.2587631016573,0,89.26417550730358,0,339.21351887604146,0,339.21351887604146,0,63.49990298451255,0,632.5343804819374,0,666.0215492140638,0,90.51132854117213,0,1008.4203220144645,0,1132.7154698750896,0,0.0,0.0
1333,H/E,27167.941987598904,0.0,8,586.6661871967507,0,12.347751138310413,0,12.347751138310413,0,470.4759157808742,0,757.3102493031781,0,402.92720678694263,0,0.0,1,1597.4948041067273,0,916.9712404507029,0,88.0,44.0
1334,H/E,10263.508231296391,213.02930222230222,0,714.8369892416634,0,88.95783294104984,0,272.46347494599286,0,83.36654487092856,0,1855.5276551875404,0,642.8595280551372,0,95.90602661421532,0,1863.5394113389034,0,846.302790293299,0,0.0,0.0
1335,H/E,13065.40066914541,47.78757630001523,0,469.7726490950697,0,453.7760964020504,0,587.5723964711751,0,483.68859060770103,0,1246.8012531705685,0,350.3281837619886,0,23.295774018972967,0,1413.4620570796894,0,446.9831396956689,0,0.0,0.0
1336,H/E,65924.70908427353,0.0,1,832.0101112211287,0,21.92061162656384,0,89.49863962052439,0,65.18218861043941,0,1855.3321665772655,0,834.8887450489403,0,6.151830294717828,0,1546.935535044516,0,177.484954466617,0,24.0,8.0
1337,H/E,5613.230969852663,56.6701154486874,0,202.39266897689615,0,0.0,1,280.9464231589081,0,176.447584953434,0,1280.8400261875593,0,196.1245233418862,0,163.82797769918284,0,911.9483717404623,0,364.3440869572817,0,0.0,0.0
1338,H/E,4241.973187979679,18.437689016454947,0,358.3042608770397,0,107.96837915967477,0,107.96837915967477,0,896.0396836117153,0,791.7696094318245,0,156.97542531561896,0,152.93107626722966,0,1641.0610943443007,0,1323.3429855005274,0,0.0,0.0
1339,H/E,1150.2481376606288,8.276473337557368,0,209.67930383041372,0,156.43406995395065,0,156.43406995395065,0,42.66706272110296,0,2325.133913068424,0,414.823493803137,0,182.29037762856024,0,1971.430222198801,0,949.4432773877933,0,0.0,0.0
1340,H/E,1338.167098211746,0.0,1,255.5419320325292,0,126.49463905440196,0,126.49463905440196,0,70.68093695110092,0,2306.744187599785,0,388.77110861791294,0,194.4614346255112,0,1955.9850864406587,0,965.1890586118436,0,4.0,2.0
1341,H/E,52799.25058454831,0.0,1,393.1961591672925,0,110.3708845007288,0,117.38189397450765,0,418.0764297354787,0,1362.5652832470694,0,107.25290823699963,0,21.991107130968192,0,522.7312931942324,0,292.3051491238536,0,12.0,6.0
1342,H/E,3593.580295975333,62.29134802653789,0,479.8737009919269,0,18.648259971956005,0,18.648259971956005,0,211.78175374299636,0,1217.9867789848074,0,277.5205071524809,0,190.80981548773664,0,827.8678931394392,0,606.3499330063416,0,0.0,0.0
1343,H/E,3413.86285874941,105.65738200638235,0,451.91388562582057,0,138.82668163707905,0,138.82668163707905,0,261.57938605388796,0,1373.1093531574688,0,216.4793200672093,0,126.87022041182595,0,738.5395742393576,0,525.5791539320255,0,0.0,0.0
1344,H/E,9078.798628659666,0.0,3,604.1697131163469,0,22.75117618381857,0,22.75117618381857,0,416.993781857028,0,1191.1393767955954,0,40.15594495076621,0,99.01545001778257,0,729.950312127805,0,692.3485089899746,0,20.0,11.0
1345,H/E,6102.669338397656,146.13349603709344,0,431.02440865266186,0,37.09056514856123,0,252.1830612005936,0,268.19296815677944,0,1241.849057343756,0,219.74030812369614,0,34.286982741767794,0,775.4499785355312,0,523.7494197477788,0,0.0,0.0
1346,H/E,10602.665193927822,9.724392783109845,0,106.1885798109479,0,151.58405756749127,0,470.96363521157724,0,364.6112396531567,0,1471.6386010064152,0,386.1671515752018,0,80.4869260069263,0,723.5551611847203,0,205.36155074478054,0,0.0,0.0
1347,H/E,2224.3217090733383,225.30257695565956,0,458.17708410311633,0,171.5307680128202,0,171.5307680128202,0,506.45037227711845,0,517.4511409065902,0,602.2781654540084,0,171.58618991171448,0,1587.416680538237,0,1182.4460398516667,0,0.0,0.0
1348,H/E,20844.531239376927,0.0,1,366.58159332772,0,21.21715854297938,0,21.21715854297938,0,674.5658479973386,0,582.2226546367277,0,369.9386543650124,0,0.0,2,1681.8676894942444,0,1186.3425363984722,0,13.0,0.0
1349,H/E,6951.219988120024,0.0,1,557.6459394939515,0,157.9020053854488,0,157.9020053854488,0,400.66243103292527,0,1978.4587205842165,0,553.2293430841391,0,289.00338405113257,0,559.0991745413388,0,60.70713849508571,0,20.0,6.0
1350,H/E,231.29755793525183,53.58281196156966,0,591.6351627979413,0,176.5556956699742,0,183.579284292969,0,477.8561957287205,0,2040.1746389668237,0,616.3294955311434,0,314.3334059006518,0,592.4665943357561,0,90.11558644633179,0,0.0,0.0
1351,H/E,25281.44790428382,3.2503959867080536,0,368.6919299746765,0,37.60429420978807,0,37.60429420978807,0,263.8449586665354,0,1960.6929728057326,0,396.547680319428,0,376.0503802395715,0,372.62555046411745,0,34.412129591151476,0,0.0,0.0
1352,H/E,76109.14031844711,0.0,6,392.1294510500705,0,0.0,1,0.0,1,144.9045970759886,0,1503.2990082617932,0,257.11850264604345,0,23.382581601708264,0,549.9557743923453,0,172.38607283646388,0,48.0,23.0
1353,H/E,66799.2795108646,0.0,5,256.46312737444174,0,0.0,6,146.1350094568926,0,543.1783072814972,0,1559.2868154169787,0,182.99518253737833,0,189.24291291290263,0,238.7032632328385,0,463.42799426124566,0,29.0,14.0
1354,H/E,58321.50567428936,0.0,3,404.9416262038937,0,10.050499308794832,0,210.3902205167321,0,418.55754822624715,0,1707.2805486188252,0,510.61810576599083,0,26.510181257535926,0,570.4436521790169,0,180.07360781542772,0,46.0,21.0
1355,H/E,49134.93499263604,0.0,6,339.34535934698965,0,0.0,2,0.0,1,285.23192983772003,0,676.2754099177199,0,607.9945343711761,0,3.3840654097376506,0,137.09772708272646,0,548.9873185149647,0,74.0,34.0
1356,H/E,6381.550129662088,1.2141334707117197,0,355.41375720919785,0,106.5862110110563,0,106.5862110110563,0,782.3880270153087,0,677.602482751079,0,235.59620519969306,0,111.57759561316544,0,1653.868984958118,0,1326.1683995454528,0,0.0,0.0
1357,H/E,27974.60304232547,84.07340564333838,0,447.33406447839684,0,185.40254873293472,0,192.03168630590085,0,174.949545638571,0,1942.9570376183876,0,969.1117933316569,0,28.236136947218732,0,1986.8974087367094,0,164.99266120668753,0,0.0,0.0
1358,H/E,48024.264812070476,0.0,7,609.1050034725965,0,47.96704769445035,0,175.01261736018643,0,109.53052005345819,0,1393.50766381294,0,423.79272200144754,0,4.133265324996012,0,1482.010328218108,0,88.78544428910708,0,134.0,59.0
1359,H/E,1371.3105445506378,141.22441500186116,0,601.5430849421404,0,46.30676471901547,0,46.30676471901547,0,346.5338678314589,0,1265.7414470431324,0,163.15625876290187,0,231.42337203073188,0,797.4718619529611,0,703.84426550382,0,0.0,0.0
1360,H/E,516.2537598392258,24.88939698259061,0,198.11932386110493,0,204.64387282796764,0,204.64387282796764,0,12.845302948161628,0,2269.1526710347107,0,413.55208590184844,0,226.93230837979954,0,1926.9707868336595,0,990.9601565730724,0,0.0,0.0
1361,G/N,22514.484256985237,0.0,2,137.26438586517835,0,0.0,1,10.402018440486295,0,198.1165806518847,0,99.96469152886965,0,845.1909292652239,0,7.552557023429513,0,457.7206167636233,0,403.5867751434304,0,44.0,19.0
1362,G/N,25094.406060373538,176.58187591520638,0,296.5383721110712,0,142.60583959736994,0,142.60583959736994,0,533.6868992158282,0,607.4100976169545,0,1435.3158911134822,0,49.56595892068366,0,783.4780640848179,0,948.7509237308333,0,0.0,0.0
1363,G/N,13524.125413471102,23.904723961752445,0,372.12115325288374,0,176.1203522660728,0,217.9597809468558,0,366.8437292509467,0,1273.3738850953944,0,1579.7700732524484,0,18.478790126665057,0,85.63385799253498,0,999.9603716815666,0,0.0,0.0
1364,G/N,66107.48685379855,0.0,1,331.9643630310892,0,50.23528560505181,0,109.43215129101254,0,99.28040360382953,0,429.82057249150023,0,658.2483501220904,0,0.0,1,522.727295368413,0,72.44594147524354,0,18.0,6.0
1365,G/N,4335.329774624017,10.4505723721684,0,53.39709041528043,0,0.0,1,0.0,1,420.42418950937076,0,987.8379041654068,0,1648.6495096537956,0,44.78981432540482,0,444.5100064220581,0,893.9141497335372,0,0.0,0.0
1366,G/N,3396.3266907552725,0.0,2,593.8492831104738,0,237.94761300103136,0,259.8781168937687,0,462.7380872146996,0,1079.2863679212105,0,1143.7236205313627,0,60.54108973208224,0,477.4463028548689,0,436.60780787691726,0,9.0,4.0
1367,G/N,301.5677755751957,46.55891619299647,0,345.49240454790277,0,268.7558710396783,0,345.87501866811516,0,476.2912290304837,0,405.48039267498484,0,819.6022316137603,0,127.97948673335249,0,196.52915557197747,0,384.5224556815814,0,0.0,0.0
1368,G/N,1468.5646819668225,119.21678650738534,0,571.3864834026689,0,74.7887747950214,0,398.10458993029516,0,463.0737505235462,0,626.8567161209085,0,603.6619811534036,0,77.16032969088917,0,331.79784005726844,0,289.63553546169595,0,0.0,0.0
1369,G/N,9591.788931315774,22.129841546191653,0,366.6017151926426,0,8.765080777088702,0,8.765080777088702,0,479.97972710324575,0,1303.6145434235577,0,1516.0041500734912,0,14.199566478344058,0,75.40857590927018,0,916.7427316238377,0,0.0,0.0
1370,G/N,42278.33132568856,44.264392386811636,0,461.4651390932978,0,157.08358773412672,0,292.1772443772073,0,508.528072201051,0,533.2825543699929,0,502.8906678635211,0,3.334903031497669,0,327.0424795188999,0,350.7525299907158,0,0.0,0.0
1371,G/N,2199.753531125807,11.620889130491852,0,476.6246361763359,0,157.59215094138128,0,403.747007066668,0,470.2502289464411,0,536.2953875382524,0,687.0679872574246,0,109.95105955533106,0,272.90025966001934,0,323.74058689921696,0,0.0,0.0
1372,G/N,28590.864980428712,0.0,1,0.0,5,107.89614713204868,0,140.57993624435213,0,169.7716337458146,0,31.894123086964548,0,731.265962137381,0,23.63443844229379,0,224.74778919477058,0,399.3764825873519,0,27.0,4.0
1373,G/N,16647.95696258348,0.0,6,191.71995300922993,0,112.47392614814663,0,139.02344561914578,0,313.85889977424426,0,728.8935301152936,0,1048.368287808559,0,99.52816227357319,0,695.9466023135005,0,99.04151935798441,0,109.0,47.0
1374,G/N,40105.90683232757,0.0,3,128.52539330499022,0,7.688240334794158,0,7.688240334794158,0,100.48501690267013,0,650.9791519647086,0,810.336740049918,0,13.339775795255358,0,635.8248068746119,0,0.0,2,59.0,25.0
1375,G/N,15271.604248365507,83.79895993595697,0,264.46628646528546,0,19.16311331848407,0,19.16311331848407,0,703.349287936842,0,805.6488585608181,0,1324.7810203395502,0,10.031152018083304,0,825.1577127219784,0,851.0535209287368,0,0.0,0.0
1376,G/N,41219.13992202765,0.0,4,387.3997799944883,0,82.19624767783213,0,95.01218362195266,0,208.06780727323533,0,696.3699728870647,0,369.2307514815998,0,29.80400353769235,0,503.9743135159222,0,56.699274475038365,0,58.0,31.0
1377,G/N,9140.090692539177,65.54515858319138,0,211.68112097966082,0,257.4033197885802,0,257.4033197885802,0,67.07866577001332,0,183.66050026537337,0,1114.1275321767405,0,93.85322276464822,0,207.24682717754393,0,483.79314421701014,0,0.0,0.0
1378,G/N,1582.2590494953124,89.63063467632736,0,537.8036836083439,0,67.45875078410448,0,67.45875078410448,0,620.5361355548197,0,671.720971800871,0,479.27261371910316,0,66.55298366203431,0,359.60108558586455,0,227.6906454002194,0,0.0,0.0
1379,G/N,1332.301442565576,91.36051916476428,0,576.0828015249831,0,30.584143360889897,0,30.584143360889897,0,586.6735281316874,0,661.240354722444,0,474.7723010139741,0,29.794477211139366,0,348.7564299178408,0,192.63586591856048,0,0.0,0.0
1380,G/N,11480.042701010829,23.04897004176901,0,417.5688020015164,0,59.52425066307659,0,59.52425066307659,0,209.09453774817501,0,341.6771199135252,0,606.7674617576799,0,23.41575896808008,0,487.0863955037012,0,321.25244057632244,0,0.0,0.0
1381,G/N,14786.788693916507,0.0,3,547.0974924582058,0,187.33577641514472,0,211.68132041606825,0,388.0988023336301,0,739.1024760567568,0,280.26393617981944,0,0.39087653535495004,0,547.0091941654399,0,312.48847200015865,0,42.0,26.0
1382,G/N,5064.560557180759,145.53843033949272,0,626.475708655698,0,82.25372286640793,0,398.56065005167017,0,495.50822114403877,0,683.6105678522357,0,471.027058812956,0,53.92660792121937,0,388.55771551768373,0,315.02136596377267,0,0.0,0.0
1383,G/N,41594.47374317699,0.0,9,224.43114105416726,0,0.20574703705146352,0,0.20574703705146352,0,153.16098079750262,0,166.34793443697822,0,726.9667384065285,0,41.389724267481974,0,518.4435823799441,0,345.28109899365245,0,117.0,78.0
1384,G/N,20038.251184762546,142.99458580991853,0,318.37270344197447,0,40.16280610569961,0,342.9526679994445,0,215.4273075829992,0,1117.9337545252101,0,1481.3351856424817,0,9.76985669496409,0,212.55599174792488,0,997.8611312893507,0,0.0,0.0
1385,G/N,8935.196093006905,331.395901872629,0,259.2053693382658,0,23.935127329091546,0,23.935127329091546,0,114.20042981804279,0,310.32494015040805,0,291.3382285646397,0,50.14058297325294,0,877.8971033414161,0,481.3016345294115,0,0.0,0.0
1386,G/N,9408.242396690282,333.0179005066622,0,322.6156106855753,0,13.011874320008227,0,13.011874320008227,0,92.15711986704859,0,274.23733554604684,0,456.15380370637524,0,35.126874760351015,0,896.4626051438353,0,492.9689556995904,0,0.0,0.0
1387,G/N,3846.6118541497713,115.68856583447725,0,377.87601979495867,0,249.26005088384605,0,249.26005088384605,0,319.47556884802594,0,541.3175533498869,0,542.4102214294744,0,12.658468596742814,0,321.2846420676344,0,558.7802250733679,0,0.0,0.0
1388,G/N,650.695066049061,132.62584503841705,0,195.13566839711814,0,324.9301749312191,0,409.54777549943475,0,653.8095348029653,0,794.9599001973181,0,849.6557852055992,0,80.10355841901605,0,333.44761728260534,0,820.2512698452671,0,0.0,0.0
1389,G/N,17763.368839940194,24.70974113224776,0,207.42130109384917,0,40.592280160427165,0,90.17414773131055,0,407.8927937223567,0,262.64774438117445,0,1226.4059689710075,0,122.48432062629249,0,493.3950176954969,0,285.3603539240229,0,0.0,0.0
1390,G/N,4975.614463650536,0.0,2,246.31107124309725,0,87.0698264310492,0,289.77887589680034,0,826.9630287438138,0,1107.8972446247142,0,1503.9639230298537,0,16.225188906729944,0,553.5029246399631,0,559.7371780468376,0,44.0,12.0
1391,G/N,23876.2654982788,0.0,1,192.30809322720143,0,56.28380002371595,0,56.28380002371595,0,588.4388529837377,0,1053.8019571320674,0,1588.7348216891444,0,0.4922038359866995,0,399.1375850528459,0,612.4691876002563,0,14.0,14.0
1392,G/N,4573.224810452449,130.8040012171829,0,324.94280160969817,0,202.65744720280748,0,305.6170489640098,0,300.83168461511997,0,368.82540647165496,0,1249.9701924085107,0,120.52125634465125,0,747.8433100090476,0,153.56433430957165,0,0.0,0.0
1393,G/N,1158.9660645380072,85.17776461954222,0,508.04279805182586,0,220.7386993243722,0,349.74770062787087,0,479.5311274770655,0,988.9845175144147,0,1059.3477856908169,0,120.17013167739114,0,412.24968603210175,0,516.1550896056215,0,0.0,0.0
1394,G/N,1160.9525988676994,1.1766967861919622,0,552.0847367460226,0,157.36228948990967,0,157.36228948990967,0,509.71258786342696,0,816.233514332701,0,836.7808181996776,0,50.29120755259944,0,485.9773408187381,0,877.2244958544441,0,0.0,0.0
1395,G/N,1615.3396598652002,202.17274677717234,0,75.76519701277506,0,28.12274655379131,0,379.0427868058386,0,24.4801449362683,0,292.5390693429084,0,1417.0372942912456,0,62.43583170537906,0,641.7962871879153,0,538.37496757214,0,0.0,0.0
1396,L,8936.635264872688,148.80214046821368,0,715.3220822427883,0,54.70956633198029,0,54.70956633198029,0,146.27764904168305,0,1808.7313878089894,0,734.5235486187719,0,21.36036061098248,0,663.2363522529582,0,376.74469580257266,0,0.0,0.0
1397,L,13106.350320731855,189.25430706820828,0,517.3967047042124,0,0.0,4,0.0,4,9.156092300018358,0,1839.7901399720665,0,686.5129705529714,0,32.65340842594849,0,689.1926694557962,0,223.97546611148852,0,0.0,0.0
1398,L,8483.363208863788,0.0,5,66.90469803132015,0,62.34547485886225,0,123.27713926505908,0,23.449595742497525,0,1649.2225183437351,0,518.0983654364147,0,31.20718352416127,0,539.2414755804127,0,934.4441427128603,0,19.0,10.0
1399,L,29951.71087884306,0.0,18,114.90779736587122,0,1.011413343978758,0,1.011413343978758,0,70.38324743198939,0,1325.4359212777888,0,281.18420912332834,0,48.482922507948395,0,640.6734277203326,0,796.8980803531542,0,155.0,72.0
1400,L,59620.1183903544,0.0,14,314.6149475631854,0,19.912251604658092,0,19.912251604658092,0,172.56627162667147,0,1311.1014268277033,0,141.49256256163034,0,0.45539891134640686,0,788.6638542614611,0,667.0688285789563,0,114.0,67.0
1401,L,2731.906010107914,25.00813917300474,0,374.3794768737967,0,119.36879655868596,0,129.8853936682351,0,76.0297351573226,0,488.8127633411832,0,775.1286126493521,0,61.54827239317327,0,1758.3706247454231,0,263.2759473094113,0,0.0,0.0
1402,L,10863.440033910532,0.0,1,433.9588654034276,0,71.37054417501474,0,87.19426821400052,0,46.11676452392327,0,417.41851181275916,0,833.614698559651,0,8.8385116227926,0,1747.3516257201845,0,313.78294522802224,0,16.0,10.0
1403,L,46766.26673192867,0.0,10,391.23067802006483,0,1.4832076359895585,0,1.4832076359895585,0,67.09547410341949,0,1968.1139267547112,0,7.8381798621712475,0,7.539327431761574,0,295.7932491733267,0,305.1442983519055,0,31.0,15.0
1404,L,2016.9516030918048,47.49718691882558,0,161.24627522037068,0,180.0741333300446,0,259.36725972647673,0,179.27853923071453,0,1887.2151360298676,0,991.0506451201828,0,126.25502273033216,0,4008.4007309063086,0,1129.8131810394768,0,0.0,0.0
1405,L,19418.401761789235,72.56253057283753,0,166.74174961250375,0,49.72108530813311,0,317.96124772213636,0,34.24205339452943,0,1172.5542283808825,0,1161.0523724594466,0,42.03251983387934,0,3835.5555709796627,0,458.94619514520775,0,0.0,0.0
1406,L,3100.7963245600104,11.888639850313966,0,60.851386077600566,0,106.48963651284123,0,191.39753063614407,0,239.75438607233806,0,1698.80803875725,0,1032.8051642424061,0,127.52883152561044,0,4120.7796255768335,0,948.6251338564043,0,0.0,0.0
1407,L,19479.55745687842,165.10626797920744,0,743.4437813278154,0,18.526237907848373,0,610.2612707100066,0,79.66048747463422,0,1776.9191794035596,0,1337.2273462859982,0,35.86052645954836,0,2661.351714835489,0,488.3233587315084,0,0.0,0.0
1408,L,68226.69697456382,67.71628341546,0,801.0548057070429,0,78.52099359572996,0,551.7767344422297,0,154.8895972076769,0,1349.1559178671494,0,1321.1914313558568,0,2.8715237844529553,0,2711.421068846071,0,370.2229538652094,0,0.0,0.0
1409,L,10636.578754262004,317.3381753115387,0,666.5419294629891,0,412.5814507469134,0,573.1662358434448,0,423.5017497786786,0,1231.2800277754777,0,1214.7051722085466,0,37.15087126358761,0,3419.620640078165,0,388.05471510742706,0,0.0,0.0
1410,L,14645.845117067573,0.0,5,134.68636586204744,0,106.68065672608921,0,149.8676750394052,0,346.038159763763,0,704.1262789585454,0,1499.7023477509338,0,109.14992197804706,0,2009.5692664165201,0,83.94156375763903,0,47.0,27.0
1411,L,99804.08388716383,0.0,8,323.6643106674901,0,0.0,2,0.0,2,343.6374599108055,0,974.2267591133841,0,1132.837820021247,0,10.729821214220955,0,2159.4214396491625,0,409.9707490877419,0,112.0,58.0
1412,L,569.8935988186588,108.34064822141596,0,379.4387883590968,0,17.367892314458704,0,17.367892314458704,0,509.01008421088295,0,1068.9213680353307,0,1334.4568124385792,0,182.03623367058722,0,2300.392366254745,0,469.43471813753007,0,0.0,0.0
1413,L,11876.492320507996,51.86787489951753,0,726.4684583724946,0,272.06165574432,0,272.06165574432,0,427.2116898010332,0,1313.2579084929953,0,1135.4011655469506,0,128.00472280055226,0,2476.7444310284723,0,812.0143417472765,0,0.0,0.0
1414,L,27875.78196730482,0.0,4,365.91274607925993,0,1.793722609735741,0,1.793722609735741,0,186.4405278033433,0,2024.3149109470605,0,19.695684348469022,0,103.62176468473898,0,260.09754431488403,0,258.1828331620312,0,10.0,5.0
1415,L,2808.407188436957,51.02518675063357,0,458.389183951714,0,24.74862538311559,0,88.41607987024433,0,243.09469889777066,0,1162.2158154140402,0,191.42622073334368,0,0.0,2,1044.5074781185183,0,642.0449430110037,0,0.0,0.0
1416,L,20629.57122679445,58.25259847642038,0,426.3445567780232,0,33.781869485024686,0,33.781869485024686,0,154.759351142593,0,1080.2114547275592,0,210.17475082116002,0,48.60251677011072,0,966.0044858285514,0,630.9659088380256,0,0.0,0.0
1417,L,34424.357877034985,64.49678909674095,0,552.5671323446632,0,372.09359694807733,0,372.09359694807733,0,357.87552559390684,0,1450.0173289828583,0,313.54916697404366,0,52.817808450508664,0,960.960654999256,0,575.9123064297066,0,0.0,0.0
1418,L,40971.225278341684,127.73691669092099,0,482.7889498089731,0,318.8720030331269,0,395.3607712511473,0,256.80872874309,0,1660.5263225191677,0,466.7240836967338,0,15.97048115344822,0,742.4061265574053,0,734.4053771588299,0,0.0,0.0
1419,L,3876.047116428055,76.22781664528917,0,286.5610280931052,0,129.65331215790758,0,269.83076631931254,0,293.1301432872702,0,1084.4667387698028,0,55.81963831454814,0,26.843763908215575,0,1232.1025691324103,0,410.9174749514544,0,0.0,0.0
1420,L,33624.00213956918,0.0,8,0.0,1,0.0,1,101.74644728083945,0,73.2174041678103,0,1390.09205059217,0,944.8094729981244,0,40.72224034704561,0,4061.0153950181384,0,679.6099833061525,0,103.0,55.0
1421,L,6748.80447161821,0.0,3,30.73228317337567,0,2.9647656019838626,0,163.20707499807995,0,124.43960572550115,0,1556.3492555478363,0,996.080207945772,0,108.69295903304159,0,4103.118530890995,0,817.3421631481375,0,38.0,20.0
1422,L,16530.389215284817,335.51073820805163,0,640.3730996270106,0,0.0,1,97.69390972435023,0,249.31421764335806,0,2249.417673225104,0,181.18875400187048,0,120.02465004428637,0,3120.3210238911633,0,537.96730530831,0,0.0,0.0
1423,L,247.72845234016097,410.49035759237364,0,709.6661720929445,0,49.16462621527384,0,270.7486349318924,0,393.7984068796659,0,2338.009150141227,0,322.134873900286,0,278.5144076532333,0,3134.967950837547,0,674.7833554105289,0,0.0,0.0
1424,L,5598.433088799966,0.0,1,160.47822965144536,0,457.01954673347956,0,457.01954673347956,0,554.7596215870168,0,1640.885897424265,0,413.7771335695074,0,93.59632795554565,0,426.14685339733376,0,1146.0976510270898,0,9.0,9.0
1425,L,15717.536606739746,0.0,1,322.46214640232193,0,424.8694658966039,0,444.8388569430646,0,485.02332123308383,0,1566.6167528662995,0,412.1423071232611,0,68.1122282479809,0,318.3438574221731,0,1025.7286828763329,0,8.0,4.0
1426,L,22584.078538195005,0.0,14,6.0272060486636585,0,12.393097166663932,0,12.393097166663932,0,52.43596854304971,0,1716.2622861882521,0,405.7459987240845,0,3.374871868501626,0,182.75430896975232,0,621.4508206401623,0,129.0,67.0
1427,L,16756.501677351574,0.0,4,196.7873756650291,0,9.743492728780975,0,9.743492728780975,0,260.854826040421,0,1924.626428187815,0,410.9461600202807,0,38.989087281098634,0,157.18882694110334,0,594.345879405769,0,24.0,12.0
1428,L,13898.200788181086,0.0,7,218.18769654921897,0,30.267619120786435,0,30.267619120786435,0,85.7144913627253,0,1906.2275197575473,0,267.7541860046615,0,25.788533980833062,0,112.03856609488086,0,502.7779407890569,0,31.0,16.0
1429,L,14910.366236504286,3.4877787636289623,0,443.22728669631886,0,0.43401329981775255,0,16.316598026298543,0,56.9205990603915,0,2133.013616895537,0,72.01699446112282,0,107.93946191019526,0,231.47918643590398,0,427.42191990644,0,0.0,0.0
1430,L,4386.362105148265,47.10502832988578,0,328.3471777760739,0,6.382651660797348,0,72.42935504172976,0,12.442751427702264,0,2033.4913630657773,0,258.516438040358,0,128.5465262415919,0,275.1178541756919,0,597.9992670889267,0,0.0,0.0
1431,L,6802.482793074498,30.781593023239235,0,313.2067507715965,0,93.46150391093299,0,131.10408065146234,0,93.71424042392398,0,1939.1725365511138,0,396.8135516873313,0,142.36727407484977,0,415.52810649433786,0,761.1541931806103,0,0.0,0.0
1432,L,2571.058004327607,14.903616279867412,0,231.5518519643818,0,25.216142455882466,0,253.92156762713165,0,52.38223026808526,0,1811.8272991632803,0,540.8795791021333,0,151.20269742988523,0,496.0713975448848,0,879.9760936714439,0,0.0,0.0
1433,L,2855.9789132413193,13.820739229330902,0,0.0,1,77.14145541335752,0,79.8731999602467,0,68.341314499505,0,1646.7520270261311,0,447.04504986904846,0,19.59747421983571,0,521.0337009133311,0,955.3859277755864,0,0.0,0.0
1434,L,3333.364560160345,9.168616164350324,0,180.30149867157022,0,79.65535725161863,0,79.65535725161863,0,89.29446816401908,0,1253.7445186312054,0,59.97413418366914,0,71.77999943787992,0,790.4939890442184,0,387.4348310079751,0,0.0,0.0
1435,L,2942.9759621706107,37.379847651223116,0,173.52969737954834,0,58.40753092906455,0,58.40753092906455,0,61.37526652358652,0,1344.8680912540858,0,17.99024572965508,0,133.0394275401375,0,760.9472434124203,0,419.24518558954054,0,0.0,0.0
1436,L,2600.1282509550047,13.948688701458154,0,149.80145898220044,0,101.52465989874956,0,102.03568854838412,0,87.00374120782851,0,1331.043668383631,0,0.0,1,134.2694480637264,0,721.3453160630148,0,421.3193496435442,0,0.0,0.0
1437,L,3124.684608690375,24.833526662666085,0,219.65847953749446,0,59.23926529104374,0,130.06909544382015,0,140.05354686238522,0,1187.9342532369133,0,139.90636566462254,0,5.342396867109755,0,719.923799605379,0,497.8335127949516,0,0.0,0.0
1438,L,10297.102287679405,69.51740332109438,0,395.63692150600673,0,99.09719282511249,0,128.03614084268807,0,243.3833133796798,0,1005.173885832373,0,365.4367326636978,0,7.403256403616705,0,739.6954039356402,0,627.4536474712672,0,0.0,0.0
1439,L,1203.9993089579207,145.74213882903018,0,478.5661407383619,0,103.49769875313537,0,103.49769875313537,0,206.26069109107283,0,1071.91825964127,0,465.8961100766748,0,51.323613233257916,0,732.9329136388247,0,684.2041544675229,0,0.0,0.0
1440,L,20965.594388746096,0.0,6,24.353960056077604,0,120.60543875238554,0,120.60543875238554,0,113.25546785718296,0,1458.76588937261,0,37.20056276079567,0,12.385408283025763,0,105.85413803599182,0,119.15953384279342,0,62.0,32.0
1441,L,6051.09131883178,0.0,3,44.437142268276105,0,135.6696861723407,0,135.6696861723407,0,131.04167610792913,0,1479.3926588456595,0,62.76771154026811,0,94.48390337538207,0,335.5540687806225,0,92.91509541315176,0,21.0,11.0
1442,L,13488.356914970456,194.0127486387528,0,432.99961387950196,0,0.0,1,114.06256864813466,0,56.495096120927336,0,1839.8722492623065,0,566.7868131709885,0,190.80862711645216,0,762.5416267711993,0,108.44339611892009,0,0.0,0.0
1443,L,4702.697255794096,13.151992034065895,0,726.2669554840652,0,267.2586600160099,0,267.2586600160099,0,192.47185945500578,0,1592.2919823750847,0,597.9020049948383,0,61.12735983377767,0,948.560615377207,0,409.46648317792443,0,0.0,0.0
1444,L,13515.569220705998,175.1631704596595,0,884.5832491939414,0,458.2691526731749,0,560.4386455040491,0,36.593718332517305,0,1357.0943700541143,0,395.103352955264,0,75.94956461860085,0,1016.5910378019471,0,682.8985084785078,0,0.0,0.0
1445,L,10502.20605266672,170.12045435024683,0,914.1069520042687,0,398.55211455625783,0,398.55211455625783,0,85.63686086929255,0,1546.8716390554164,0,570.4693827170811,0,73.57014877538924,0,995.0351156148511,0,604.088960096749,0,0.0,0.0
1446,L,1961.876191251647,28.506080127790618,0,437.0259977557989,0,224.0158269960046,0,224.0158269960046,0,68.11362588400576,0,1501.303800339412,0,525.5644402047149,0,87.05252972765938,0,279.78586810253853,0,468.2948466043765,0,0.0,0.0
1447,L,3105.98011305274,0.0,3,582.4189634969898,0,33.09529475305882,0,33.09529475305882,0,80.2122911178167,0,2262.5776602990027,0,168.37957884325513,0,57.054016691754725,0,406.42570773198355,0,571.5169999592259,0,9.0,6.0
1448,L,11881.347335509063,48.275427397583435,0,206.15724906001327,0,197.0591874145585,0,197.0591874145585,0,149.98787489921537,0,393.80130501246737,0,1320.5198236276085,0,205.48189788266913,0,1690.2513244151787,0,63.190265117144136,0,0.0,0.0
1449,L,2665.125035941448,240.51314750609237,0,372.94394370086013,0,251.21781347339018,0,262.92935049440115,0,370.58363496372436,0,2218.6569058273,0,945.7664904688191,0,89.58143787941735,0,3776.641643571804,0,1187.6411959456061,0,0.0,0.0
1450,L,8433.48406440068,143.32243495578464,0,303.89086118642484,0,462.61313584323904,0,462.61313584323904,0,138.57040834885095,0,1717.214773265714,0,735.8658052461308,0,18.88887478041919,0,3558.8405660427375,0,266.4674740843851,0,0.0,0.0
1451,L,3813.240675880159,311.40971245139116,0,718.8644530182744,0,325.892262984724,0,325.892262984724,0,249.76553282645716,0,973.3873948543901,0,1571.4865724234787,0,47.86818513761715,0,3479.636391358796,0,199.52020307570046,0,0.0,0.0
1452,L,2576.555543048561,375.946260783504,0,704.0455929491499,0,390.0596602913363,0,390.0596602913363,0,251.61646092911602,0,1036.0656671136437,0,1380.1929740189405,0,74.2006077687206,0,3518.570672038035,0,265.25482447315574,0,0.0,0.0
1453,L,11446.219430124986,76.29564825997332,0,754.7731114774714,0,86.66666255310768,0,86.66666255310768,0,310.8858044017297,0,1011.5368857374384,0,1702.0050082956298,0,29.241522836968382,0,3154.2279230170743,0,302.31116716017374,0,0.0,0.0
1454,L,5918.314378685693,120.30848100587541,0,379.99689099339395,0,38.39529332450262,0,99.82530632793215,0,47.906681446898716,0,917.3036340938519,0,357.5724324759541,0,175.26622021352435,0,1218.3977540526378,0,590.6458215710383,0,0.0,0.0
1455,L,10006.607170661704,12.479331215280828,0,1010.0919853865975,0,0.0,1,0.0,1,154.37380023310075,0,1788.1232514268197,0,1169.8831274516922,0,38.74381860836501,0,205.2007799573895,0,576.1808516243005,0,0.0,0.0
1456,L,3492.4985777466495,0.0,3,1028.6264717962224,0,96.16384822468977,0,96.16384822468977,0,72.92578571921966,0,1734.9091870986442,0,1214.33947337901,0,3.519503420032292,0,155.94812635999276,0,542.5855117341539,0,25.0,16.0
1457,L,1216.4746455268657,40.360542316609596,0,957.5184570485972,0,13.901611894432024,0,13.901611894432024,0,203.62162326780356,0,1867.8668508442736,0,1116.1197969874124,0,82.32139477939153,0,308.0000374671038,0,568.5146789581121,0,0.0,0.0
1458,L,7542.449823719697,218.23695570385547,0,602.6666778699231,0,90.81104483981036,0,140.9664035977395,0,78.60370125060155,0,1974.905961533463,0,756.4520130968716,0,119.73395317856003,0,521.2343861186253,0,299.15178699630405,0,0.0,0.0
1459,L,31193.03258202823,25.254899299866157,0,0.0,1,0.0,1,7.268265092068203,0,4.7564114312028485,0,1762.2387108538178,0,235.65888446955532,0,191.3325083148247,0,326.3588954960529,0,36.00362698265458,0,0.0,0.0
1460,L,1317.108629908387,492.61681613922383,0,510.18023738626357,0,90.37385747692393,0,478.0260781916352,0,106.02766902860661,0,2224.580893390497,0,599.0202026830573,0,160.98523003123537,0,2666.351247704294,0,953.7860011185267,0,0.0,0.0
1461,L,1279.983087549014,463.19477054252854,0,580.9301926244872,0,160.98055982529598,0,472.03394070906,0,168.39021655630094,0,2192.7397224610586,0,651.6813269219117,0,107.93442042780744,0,2656.911869647933,0,939.0043308609885,0,0.0,0.0
1462,L,1980.4814175736908,17.103163924653828,0,497.76976613839355,0,231.63981804693066,0,320.8682934150822,0,183.96902607304355,0,1647.5487069730611,0,490.85822423684994,0,2.5783811900894364,0,172.591406217264,0,467.1230091099891,0,0.0,0.0
1463,L,1303.1178717532207,70.84581717689932,0,414.74753115723996,0,233.46024887429772,0,233.46024887429772,0,95.44741727577832,0,1577.9302674803598,0,530.1885856107124,0,36.784786740626515,0,283.4268968793546,0,416.5846225312549,0,0.0,0.0
1464,L,2315.0734882751894,13.920402689800495,0,391.65790542732935,0,173.3820803719741,0,173.3820803719741,0,27.301239165685644,0,1460.240363801196,0,470.4118256464383,0,44.85289235817409,0,356.4909192287484,0,441.9715645098697,0,0.0,0.0
1465,L,760.0478353279433,160.31753508832597,0,1215.882161203203,0,658.8903764338132,0,658.8903764338132,0,377.45743340172027,0,1714.7035269265693,0,834.070536189916,0,133.9146230019049,0,1050.1047122619138,0,946.483575671422,0,0.0,0.0
1466,L,856.994048501068,166.63586555233678,0,401.0796690154794,0,48.05269343880812,0,100.9863730425144,0,229.24917665010722,0,1128.3270287638975,0,141.73628966735436,0,43.31844322178202,0,1160.1063067563175,0,579.8419303698147,0,0.0,0.0
1467,L,1872.957069170224,221.76451500918517,0,321.403057506271,0,31.04644287411041,0,104.67655194271435,0,191.00035315159758,0,1059.8686485628841,0,110.08228856080926,0,71.10397375496674,0,1242.2251223837936,0,498.5082739003234,0,0.0,0.0
1468,L,3712.846783275004,278.8130316960211,0,200.9110918360899,0,49.71477449238046,0,248.71756065550713,0,63.106805359523555,0,736.7407818004235,0,392.03660528439406,0,148.0956228644407,0,1461.0397492012173,0,400.59582240037696,0,0.0,0.0
1469,L,1846.082945514479,0.0,2,228.8832415747312,0,95.57181647275755,0,95.57181647275755,0,194.68964631470485,0,533.378893300057,0,637.7234291839587,0,43.53709540414772,0,1724.5581373496686,0,237.23975806236672,0,12.0,7.0
1470,L,6013.105092740009,0.0,4,301.85463086834596,0,42.417741493836175,0,54.43491227536041,0,135.16481733538885,0,563.2960144381618,0,692.8733292923034,0,31.844797310810414,0,1853.2756959870135,0,172.6295546141824,0,28.0,16.0
1471,L,7826.112535927943,0.0,2,376.5020225273565,0,67.09936205606364,0,176.32658380052064,0,237.2387696316396,0,662.6152455285089,0,724.263258994542,0,111.92368892651338,0,1959.8291860963395,0,180.20835419027762,0,20.0,10.0
1472,L,1784.100970780244,38.71423795169068,0,442.77352930510204,0,18.074299548590027,0,47.90866017531282,0,194.3127796281822,0,668.6759198204853,0,946.7260842094838,0,148.25718475369055,0,2015.0069067790303,0,400.9637471460382,0,0.0,0.0
1473,L,1732.746015430669,38.27057925609706,0,565.0411435730812,0,261.7967442283791,0,261.7967442283791,0,245.00149234383738,0,982.2287851545882,0,251.9800360898626,0,0.5104997032687735,0,1098.8698432039862,0,750.1740929599471,0,0.0,0.0
1474,L,976.7841308082761,0.0,1,226.49277993908555,0,104.1120094680699,0,301.96502362013814,0,14.497496229654177,0,1774.9676806147545,0,625.7759393481399,0,172.3661068773754,0,583.0813967252693,0,971.448726743692,0,5.0,3.0
1475,L,1135.789276464121,13.448504273610565,0,318.0520107179601,0,164.80193376718427,0,362.98175157801927,0,98.56975421105825,0,1802.0166181749996,0,629.9110256421787,0,98.94787635294715,0,629.261627245651,0,993.8452672586412,0,0.0,0.0
1476,L,1916.4171957623937,41.94493899304485,0,466.9792952848882,0,269.9656645519575,0,281.19992057235015,0,117.07941022858498,0,1249.075436295233,0,757.5873030958229,0,219.23235946528843,0,168.151095970283,0,790.8705743158001,0,0.0,0.0
1477,L,549.3211766914596,4.773967788126625,0,448.5605747040531,0,303.7055582714557,0,308.11210214887586,0,313.6341573532588,0,1756.395872878682,0,546.8072016935414,0,262.69678199899835,0,367.18051195328303,0,734.347723045777,0,0.0,0.0
1478,L,1210.090313652022,191.79664813491908,0,401.69443131696073,0,52.82765527423272,0,52.82765527423272,0,98.51531134103418,0,1016.1319539209346,0,307.74937241631875,0,148.37746051825434,0,1207.8207379731011,0,607.4609286881787,0,0.0,0.0
1479,L,1397.9907279452223,191.891995840719,0,322.4761059678872,0,17.570190822148465,0,189.9993889821483,0,49.560135643010675,0,842.5813938488924,0,407.0297571468051,0,187.6280831641413,0,1366.512747195805,0,531.9600284877478,0,0.0,0.0
1480,L,770.2217909365704,72.22223061278524,0,142.05082010822122,0,106.14594019910008,0,106.14594019910008,0,135.4064371861595,0,638.089694192046,0,551.1001306566864,0,111.01715336106825,0,1734.4350619703316,0,179.69837444337512,0,0.0,0.0
1481,L,827.9774428477158,85.10582261351855,0,310.32184088129384,0,167.1210528435022,0,187.70653663671746,0,323.1022894527028,0,824.6368989815287,0,1564.1638415904386,0,110.73077426191037,0,2056.0845382769503,0,259.3122752362903,0,0.0,0.0
1482,L,483.2609022933322,104.10472988442827,0,471.10061002796743,0,103.39858783295487,0,103.39858783295487,0,236.68935598801696,0,1005.4849538853115,0,490.7580263433364,0,0.27365166630583,0,811.9075669807573,0,777.1798257429351,0,0.0,0.0
1483,L,10595.34669786226,195.38841373646338,0,759.8006184319125,0,195.75107855436482,0,574.0489863515114,0,292.16606747793577,0,1347.1416392853916,0,1196.599874380698,0,166.68574348217183,0,3201.4083562583833,0,249.867524196328,0,0.0,0.0
1484,K/W,3195.6853097115645,110.96526334260076,0,774.8624797108392,0,414.23927672617486,0,541.6118800501386,0,352.1850285833379,0,1984.2183247028272,0,939.7351087427453,0,85.0350192187636,0,1274.822949671186,0,939.1291370131306,0,0.0,0.0
1485,K/W,15902.75630360995,0.0,3,540.5255661752673,0,351.8718916526455,0,974.7740442264801,0,185.2716246471582,0,3339.6144343532897,0,1780.885570537576,0,267.45781113556023,0,3462.0852572684616,0,664.8428040185104,0,31.0,16.0
1486,K/W,691.6702746083018,134.23606047967488,0,227.85750594512305,0,141.56919382869123,0,244.6026453975697,0,297.01369498193236,0,470.38030721583516,0,935.5282711826427,0,32.02604305071561,0,948.1690032071485,0,592.7965493859642,0,0.0,0.0
1487,K/W,27443.89427870024,0.0,4,724.6059988294727,0,173.54009468068818,0,274.5122323705525,0,129.4660726454333,0,1933.0873617846446,0,642.5120700512789,0,242.97250245281435,0,482.83556503358716,0,817.9946233569493,0,46.0,34.0
1488,K/W,13812.620034349638,0.0,1,714.8430795572942,0,222.0958553109728,0,388.5467105211764,0,157.34903733841503,0,1732.6604376273012,0,443.6651476443722,0,187.6919129268772,0,583.2953463691682,0,989.4971577178912,0,12.0,6.0
1489,K/W,2468.9622267953855,16.02248482650247,0,829.3425312730673,0,132.7968039045326,0,570.3266504590609,0,64.78738230082794,0,1643.3479991949414,0,371.732794419461,0,268.3693414626142,0,735.431365722027,0,1222.0732004446527,0,0.0,0.0
1490,K/W,4508.47912487901,7.556111897966222,0,941.6149842102308,0,191.46703038136806,0,633.5030516749346,0,278.3589237317338,0,1333.215154499861,0,231.59765902818,0,269.71034122029033,0,1010.7597476543314,0,907.7890907299562,0,0.0,0.0
1491,K/W,840.1785613385678,53.80503147878185,0,976.2761357541158,0,237.7636297949873,0,715.399686845256,0,341.0903565398105,0,1371.2285437446485,0,305.6665226647693,0,238.18356774840882,0,1057.4316573964595,0,940.3574119067387,0,0.0,0.0
1492,K/W,4285.571812547229,56.45282462650246,0,510.68879324522993,0,248.52308621171474,0,265.1522421340843,0,215.75311620192122,0,1726.4879129827063,0,459.8361055925619,0,5.665829796800228,0,383.19897362267045,0,1113.8041176375928,0,0.0,0.0
1493,K/W,3883.0596005501043,0.0,1,486.3381977885071,0,45.01249482098015,0,45.01249482098015,0,39.22678705585238,0,1956.5221551601953,0,652.0873255243623,0,128.84727160594664,0,191.74998672947046,0,928.2157162225785,0,5.0,5.0
1494,K/W,972.3032774324374,14.365305741375801,0,796.9606529503367,0,321.910632831453,0,321.910632831453,0,224.93897594325563,0,2010.7493963962656,0,720.3420633926783,0,318.07306004888875,0,536.2756828506114,0,863.7767472639646,0,0.0,0.0
1495,K/W,734.9188134313337,19.458026570406545,0,705.6890204956043,0,177.6952001964133,0,177.6952001964133,0,128.577615620158,0,2115.3328661883224,0,830.0394566558266,0,219.88197187433303,0,389.87960295743346,0,782.8469756908684,0,0.0,0.0
1496,K/W,353.0004405660038,31.582892394714147,0,680.5035184672715,0,149.0476315527286,0,149.0476315527286,0,84.31603497976151,0,2070.3848729180504,0,790.4176178407232,0,233.80717103531444,0,364.900089872796,0,824.5954811387368,0,0.0,0.0
1497,K/W,6529.89436091933,155.0623026476128,0,977.1458068728805,0,126.33617130150924,0,538.3157843992439,0,483.6796497380097,0,2158.4677748741374,0,751.7883195753092,0,14.46773427209971,0,1654.8659092283738,0,433.0023586461167,0,0.0,0.0
1498,K/W,2188.2652934053176,8.308881776942984,0,983.7070491896665,0,118.24059937667636,0,326.4173401844021,0,173.3615153443827,0,2056.663138054853,0,787.6913933920861,0,299.9633650168851,0,757.1316167931202,0,852.5766380272963,0,0.0,0.0
1499,K/W,1310.883855167412,0.0,1,690.04484172665,0,436.3154801314398,0,728.9028002507325,0,238.8117188927902,0,1874.3316038164273,0,876.2523544824076,0,121.68035914451109,0,1330.3913358366951,0,1140.3909316174106,0,8.0,4.0
1500,K/W,7524.703823009882,106.10876990853373,0,806.7585585489783,0,351.7504625280892,0,490.7864432878392,0,263.55616073699235,0,1877.9278972654831,0,816.1352783294984,0,37.75351383118905,0,1209.6109899687556,0,911.6632421786516,0,0.0,0.0
1501,K/W,1362.4471324638366,10.52088306688333,0,637.4883289788163,0,59.83035585314097,0,562.5761736514776,0,564.1177939847379,0,1026.940956841512,0,548.5169896298012,0,117.88904471487237,0,1436.765545619525,0,598.8403944249948,0,0.0,0.0
1502,K/W,7891.863903502207,8.481304307503486,0,706.2476602984057,0,8.236101994722446,0,622.9781541814249,0,416.81181400132044,0,1090.984700304039,0,523.4747795779822,0,7.023427666352111,0,1393.9093283463897,0,667.3153149671404,0,0.0,0.0
1503,K/W,1812.4594885907554,22.89103721524818,0,733.7181802845523,0,29.96289924989419,0,721.893066002659,0,400.5633239975008,0,1191.2377850599796,0,652.0761583058096,0,11.883741763199088,0,1486.3848144642618,0,773.4418838288843,0,0.0,0.0
1504,K/W,3038.7739564978197,17.430675877733055,0,565.1295385120278,0,227.099425546458,0,888.1708079191995,0,49.25611152757863,0,1661.703105630977,0,814.2461674079325,0,183.4196939441489,0,1411.8362343523688,0,1239.085946413572,0,0.0,0.0
1505,K/W,340.6410949389825,46.51634479186976,0,628.5285083269317,0,451.94395309014607,0,1085.3095766128613,0,187.7527304102759,0,3527.78006495546,0,1879.832226934195,0,197.87525616939507,0,3611.958545545643,0,724.2996758847933,0,0.0,0.0
1506,K/W,4244.234222051423,75.10310919750204,0,364.93866695448935,0,228.98262267509108,0,971.9355884871779,0,503.86429010294484,0,1405.800190298256,0,441.17918875525055,0,65.57974703725647,0,1909.7217078398512,0,1017.5743455390595,0,0.0,0.0
1507,K/W,5593.505808777446,4.833768646291507,0,312.11406183156697,0,200.89136890354587,0,216.1042833134,0,451.9841045562186,0,735.0976861471823,0,526.2983111178683,0,88.93459199253564,0,675.5251913571254,0,573.1698187908368,0,0.0,0.0
1508,K/W,1736.4547041771602,57.95311313172621,0,422.33396862900264,0,174.751881790441,0,197.1767667523047,0,334.62152229150814,0,681.7487123227532,0,683.9314212174118,0,127.70035266168053,0,869.9685211767032,0,697.1049065411939,0,0.0,0.0
1509,K/W,2902.975234496442,0.23512527210323234,0,334.4100104798426,0,79.95994768133738,0,111.01498509412667,0,185.72100667684117,0,1347.5257920993056,0,1097.6251649701344,0,42.69990140495931,0,2029.3505877033351,0,495.290247871262,0,0.0,0.0
1510,K/W,2665.5824557001924,0.0,1,183.96557480735927,0,190.9337348381331,0,195.77091980429105,0,481.5003802792972,0,357.1169832269437,0,794.9994927122261,0,94.44070485465194,0,1145.7739500773778,0,298.7510415997115,0,12.0,6.0
1511,K/W,8302.148280274054,48.49630937055679,0,48.852843882036304,0,67.80763384560102,0,67.80763384560102,0,317.17066777203956,0,140.4234774898134,0,1062.9768060010592,0,136.12565564851627,0,894.4024958934842,0,179.8877678879015,0,0.0,0.0
1512,K/W,14828.406553076413,51.14572541710844,0,397.80550087050744,0,149.22265541172322,0,149.22265541172322,0,391.92939148825974,0,215.9346792296788,0,1142.4530885391773,0,33.08631320465289,0,860.5862838241229,0,46.90568569539645,0,0.0,0.0
1513,K/W,3743.231183355244,0.0,1,594.65495853994,0,180.59064559456837,0,327.30615240715383,0,286.89978804302035,0,1309.655908915593,0,690.263230331369,0,39.47971987189957,0,1884.0844957753127,0,435.1856772423078,0,12.0,4.0
1514,K/W,3821.567567191626,97.58174320958427,0,1210.3048524522596,0,262.4445270141017,0,262.4445270141017,0,20.496650826031768,0,1678.7392343339673,0,244.6155752154648,0,32.9592084309852,0,2040.9242690640071,0,93.66555815490139,0,0.0,0.0
1515,K/W,538.8456419955669,496.3168825440437,0,378.2602854956171,0,259.20528633713207,0,773.9226592586963,0,62.43490696305777,0,2552.613909876643,0,937.1895142320527,0,31.870735417157345,0,2807.069474030478,0,734.1839127389093,0,0.0,0.0
1516,K/W,606.9743674187774,596.6501394503167,0,441.6767542815543,0,136.07442298916044,0,648.0566914465669,0,111.30522035607079,0,2455.4547584285565,0,816.152897298646,0,99.40738795686298,0,2690.5729612431774,0,611.5045141531872,0,0.0,0.0
1517,K/W,1688.7926585284786,36.63004677742052,0,1007.9080681057806,0,107.38200111484831,0,107.38200111484831,0,26.25881048845637,0,1908.3506520940703,0,205.9176712998208,0,225.5116929540712,0,2083.7598278776313,0,212.8286938990289,0,0.0,0.0
1518,K/W,2182.1493682079495,0.0,1,459.0122589380903,0,467.9447941157094,0,1127.9898712002791,0,187.39922576265306,0,3318.331770339615,0,1694.3059470927171,0,354.75142587953684,0,3371.048527074789,0,864.8452106286654,0,6.0,3.0
1519,K/W,1184.9547605797688,320.69473145409285,0,235.38927958950313,0,538.8782702220474,0,1178.7656096190358,0,511.0686206123334,0,1975.9985165517605,0,1064.8529500782001,0,81.18141412410391,0,1854.4015245191858,0,1074.9188411225323,0,0.0,0.0
1520,K/W,4452.961482102112,342.3766048600221,0,582.6993155868903,0,211.35849752519758,0,846.1221608287938,0,674.3500998511568,0,2266.069694263863,0,1104.5607761076742,0,74.06872272364544,0,1849.5382553302231,0,705.4022873036434,0,0.0,0.0
1521,K/W,6459.203584128795,148.07797743063023,0,476.1087367601855,0,56.10750938511296,0,978.1915836646144,0,270.6994630869088,0,1382.8738341085093,0,318.32539440325746,0,39.43528069394934,0,2071.111955230345,0,976.1654075864641,0,0.0,0.0
1522,K/W,11345.121247690015,11.50754741939021,0,234.27377881336508,0,109.37054015986492,0,194.57204444225468,0,759.6599489969151,0,629.3526951032123,0,458.1689042859564,0,205.9503291675494,0,1140.8912011705224,0,198.79382009931192,0,0.0,0.0
1523,K/W,6907.029358533533,0.0,1,432.43207862393604,0,259.3750605158134,0,406.6942419880224,0,756.9348758737115,0,821.076806024771,0,384.51235979554775,0,112.0317764462656,0,1181.615043143242,0,400.89490990035887,0,18.0,8.0
1524,K/W,5280.31684766697,96.37483202651656,0,136.54407285106424,0,45.78046170798743,0,116.42009050304378,0,668.6724542221051,0,531.7049947484143,0,695.6963523812367,0,279.70889194550466,0,1076.5217093320816,0,101.2390397175773,0,0.0,0.0
1525,K/W,23272.514804785365,0.0,4,730.4060856411913,0,15.71635039554022,0,103.14579935325649,0,336.2258357339502,0,514.7665407683146,0,848.0286271692077,0,15.75427745673163,0,717.6834769250554,0,388.88544798196165,0,51.0,38.0
1526,K/W,15722.816026978786,269.0295853115911,0,429.40068565440794,0,572.1774903978347,0,1081.9947338135626,0,137.52598276627103,0,2868.929565781708,0,1529.1457092425867,0,276.7468885418234,0,3072.243026027594,0,1051.9198560436073,0,0.0,0.0
1527,K/W,844.4253691028279,99.87457551778144,0,707.8095125279984,0,201.4530339671577,0,221.62014904450737,0,552.4656633355823,0,461.47546719103224,0,917.7051932344563,0,14.121963277820319,0,672.7868906432647,0,457.30076014426777,0,0.0,0.0
1528,K/W,4911.0177947570455,50.46922841971948,0,743.412130405506,0,36.584934542547245,0,875.5447170861853,0,200.79596500225853,0,1352.5751509780441,0,520.3363492051373,0,94.49059973765237,0,1270.1704161840457,0,924.7126427492456,0,0.0,0.0
1529,K/W,7266.340581783812,0.0,1,758.3735730778207,0,9.83159012837256,0,688.6751719984619,0,335.8432385722435,0,1150.4090248979157,0,461.47782646258963,0,42.636930484580425,0,1318.9859907860414,0,720.1283500375649,0,10.0,5.0
1530,K/W,17261.78848238322,0.0,5,746.9505327869455,0,51.41489620346269,0,659.169453415797,0,279.7739800126836,0,1140.9671255779047,0,340.3026556462482,0,65.22193588682025,0,1162.274602297593,0,709.2543647846195,0,52.0,28.0
1531,K/W,4159.5316149788205,0.0,1,709.2236128522223,0,163.55430330824927,0,460.55881826678655,0,522.4152345184323,0,1099.4833262471093,0,237.17953953117637,0,85.33660566543394,0,1139.6126549354356,0,676.221096279272,0,6.0,3.0
1532,K/W,7326.080438399706,48.49598662677644,0,476.651046619207,0,282.75251130483827,0,282.75251130483827,0,774.4117299470533,0,862.4119839359846,0,326.56197297993924,0,109.25504655784133,0,1099.3597543695173,0,442.8211980483642,0,0.0,0.0
1533,K/W,1442.9333550610318,26.58713062795055,0,380.8927913713684,0,279.35862225838525,0,378.31624808474845,0,854.2560890985691,0,766.5782089493434,0,454.87540820897505,0,208.75576304126443,0,1119.5244399026717,0,347.73022620009,0,0.0,0.0
1534,K/W,7206.462165591035,264.05107838114793,0,472.34879235713447,0,86.69968918241591,0,1003.7826669343359,0,252.69192763780904,0,1376.4746527291388,0,249.17339071991506,0,31.54242484523933,0,2187.618896525524,0,959.4423651813485,0,0.0,0.0
1535,K/W,7214.703466937788,164.89395346993638,0,473.4049699024759,0,166.05774424633302,0,926.6903258958176,0,349.8913046417632,0,1309.4138731885462,0,207.22553235289791,0,0.0,1,2093.4801291062017,0,895.5087769948645,0,0.0,0.0
1536,K/W,666.9809201001009,128.2734331233155,0,493.51814080595756,0,154.31164071226067,0,568.5245950384016,0,27.45231187495279,0,976.2856852977194,0,640.6656139430606,0,59.11927871088151,0,1060.0956900835004,0,435.73783430837705,0,0.0,0.0
1537,K/W,1009.7394063247963,40.53437010158919,0,19.682951934779354,0,112.98617279962235,0,112.98617279962235,0,66.74232196195265,0,459.2958099006138,0,147.45339580545013,0,169.91514544278533,0,859.4666975791159,0,744.9067611864658,0,0.0,0.0
1538,K/W,1133.5454770430053,238.67359228724666,0,255.57940730105443,0,245.13791499898198,0,376.4348730663071,0,294.5569310048692,0,379.1835029766102,0,1164.2632604835492,0,164.34718915937728,0,983.9222633067651,0,611.4046875624545,0,0.0,0.0
1539,K/W,1108.7419886457385,181.80945232995813,0,247.62056261936615,0,229.06020120210076,0,286.2732282050406,0,135.091532933658,0,254.33770797178906,0,1125.0349582859278,0,192.81249445019614,0,814.0796738156255,0,535.1011890854877,0,0.0,0.0
1540,K/W,1003.4436192632381,0.0,1,431.95891420878166,0,206.08638091599738,0,477.06414582822595,0,87.28400840474607,0,428.90929068869724,0,1039.5151768849396,0,349.02464251529074,0,746.8160220439088,0,731.5672191162042,0,2.0,1.0
1541,K/W,1637.1745040383998,13.092103214549313,0,1237.9170918626137,0,160.7036487190846,0,382.6087065401974,0,335.89698855755,0,1175.5536757319846,0,835.8944472230512,0,64.0895327348214,0,1038.8525597849618,0,450.52122432893543,0,0.0,0.0
1542,K/W,297.30059323193956,13.360520068076157,0,1272.0620140902229,0,130.87810986053339,0,300.3089641843891,0,444.5648806336378,0,1101.2048359256482,0,839.580550219696,0,152.23274686114752,0,1032.5592995648747,0,584.3531047569483,0,0.0,0.0
1543,K/W,1610.3768229394907,26.19374920619452,0,930.9532473361505,0,25.93435665456226,0,258.9956647691948,0,529.4305311963957,0,794.2371768092829,0,733.5669617165021,0,349.0942745817505,0,617.5250012234684,0,800.7491909742517,0,0.0,0.0
1544,K/W,54454.7809051962,0.0,3,790.0115020602705,0,0.0,1,145.6856467880006,0,95.59163212039518,0,758.7653986912887,0,590.4978762505713,0,47.29410644711443,0,516.7610015935686,0,376.14483110932923,0,34.0,17.0
1545,K/W,19872.762093656256,95.32386896262895,0,867.8725934536951,0,245.3288873228752,0,245.3288873228752,0,138.20380691358542,0,1480.116171168864,0,829.6889892900264,0,34.59960255623909,0,1029.3903773511156,0,106.11599989889356,0,0.0,0.0
1546,K/W,3501.4769662687936,0.0,2,1465.1304048383438,0,145.6507074983586,0,145.6507074983586,0,181.86312379848516,0,1469.243424543267,0,219.69874098552074,0,200.9044847958653,0,1560.259297674813,0,589.1103665675173,0,13.0,6.0
1547,K/W,9296.459076890646,163.95186952237998,0,826.3556086487225,0,230.10153926002917,0,230.10153926002917,0,137.9365808646476,0,1549.6940960292968,0,860.0461238391033,0,61.42885948469669,0,1080.8683550992116,0,231.3512969431403,0,0.0,0.0
1548,K/W,2448.490945705946,359.51761959079624,0,1076.2044925359178,0,350.3603998875437,0,431.29729015589925,0,168.76816946044443,0,1677.087706566653,0,1013.0428966762685,0,107.38528714067989,0,1322.122715885887,0,35.40635092830358,0,0.0,0.0
1549,K/W,2316.92019932926,141.22962157918764,0,530.8517367693452,0,231.59382395707976,0,544.8040104670173,0,264.06599526534126,0,1065.5262109465868,0,294.38067112521264,0,113.14772488656315,0,738.7796635830239,0,164.7678381954104,0,0.0,0.0
1550,K/W,2630.765271233259,83.08612895702697,0,494.2925167229912,0,139.78821609009267,0,565.575721031633,0,29.648425100621076,0,993.5799052871374,0,550.9840157781401,0,27.965025133927984,0,1019.5658213157797,0,337.696781158695,0,0.0,0.0
1551,K/W,530.6305111430372,45.85357379394748,0,438.737508361603,0,184.12005874381222,0,450.26141483169016,0,61.758523729631676,0,401.03504589433084,0,1043.733970372545,0,320.69133608886887,0,741.1613479107531,0,704.6896157077924,0,0.0,0.0
1552,K/W,3107.096818733003,235.86820239834145,0,1150.4748520283285,0,179.21809005574468,0,498.2480732866632,0,183.95353117242516,0,1464.678936953379,0,936.7514264260748,0,63.937487974384226,0,1155.6018390103602,0,124.61716284487889,0,0.0,0.0
1553,K/W,57282.49311806641,0.0,3,979.0677827060211,0,46.14167753393211,0,46.14167753393211,0,452.59656470318805,0,1435.0718600774971,0,720.9106721200411,0,8.980483784856265,0,1465.5079468026363,0,564.7325713246681,0,58.0,23.0
1554,K/W,1879.1275392142304,0.0,2,431.3229349813651,0,81.83954076110233,0,480.77203789109535,0,147.76218729860813,0,958.3479737710621,0,455.478574577822,0,111.94380653880216,0,891.0691281435137,0,271.3838746143918,0,24.0,12.0
1555,K/W,20853.163020518456,6.422412940822519,0,435.20139699551225,0,247.25862909676275,0,460.5488060681047,0,186.9596830343873,0,293.20772232001127,0,538.029508364573,0,173.32766295585108,0,390.3012641381595,0,319.0607642406743,0,0.0,0.0
1556,K/W,1552.7732307180781,67.6533257060433,0,567.975075123076,0,355.72226832359905,0,583.832296014274,0,156.8720126326323,0,290.1015703806571,0,594.0528708434001,0,327.8417201812643,0,479.4233249735165,0,401.82433109039647,0,0.0,0.0
1557,K/W,77878.60068413809,16.774051132850744,0,121.36287048777805,0,65.88849694833173,0,65.88849694833173,0,111.87705131514765,0,1027.4010374755564,0,22.342087767438237,0,17.333066360482857,0,533.4084357613788,0,403.97159288576745,0,0.0,0.0
1558,K/W,5636.917872358263,106.04582876330402,0,246.90163522834058,0,198.91430465238776,0,198.91430465238776,0,305.8450055221623,0,1041.5836218652819,0,899.3937476908408,0,192.0506402154841,0,311.50097486298006,0,303.736943448648,0,0.0,0.0
1559,K/W,4725.50940034264,67.96567476744653,0,313.0252648176385,0,145.03168623674878,0,362.7402466058156,0,303.4399034852018,0,3825.28485072762,0,2704.41905305633,0,84.62256826291606,0,4298.140269643694,0,109.33506365791088,0,0.0,0.0
1560,K/W,1360.6693139089139,296.2783577412501,0,334.10066412816377,0,148.4159552156634,0,290.9797878758161,0,225.38092426234357,0,497.30373944849873,0,1122.917767623424,0,221.1341271965626,0,871.3990562563039,0,709.0405051767549,0,0.0,0.0
1561,K/W,1858.2432611479728,12.974929270950165,0,426.5326972496947,0,252.29970803749885,0,530.6165712005597,0,140.606808969886,0,484.10757276321283,0,1045.8791680403724,0,401.0776301344939,0,753.9646627612049,0,785.0610857885999,0,0.0,0.0
1562,K/W,1977.5747317390865,177.95491242255147,0,439.9830877288019,0,164.64846006065065,0,712.2121041627628,0,571.7045648460745,0,1103.0598664616984,0,123.83546781555324,0,58.23954741074311,0,1907.7801407576942,0,695.5660948835229,0,0.0,0.0
1563,K/W,14738.801486831226,47.47706273055587,0,553.3094575944608,0,8.285999035932512,0,8.285999035932512,0,797.7518766705299,0,890.67756640628,0,329.61926674798235,0,57.05560451874702,0,876.104094318017,0,454.25483127284997,0,0.0,0.0
1564,K/W,718.3463264184179,144.04306163725235,0,703.6301310103048,0,45.10278076331901,0,45.10278076331901,0,779.113100108372,0,1042.5388960777875,0,423.1549569590067,0,264.03279183169326,0,861.5524674797789,0,616.5032328507582,0,0.0,0.0
1565,K/W,11135.60143404661,421.4063849141145,0,628.9735160837487,0,196.41966838862274,0,321.82603551892015,0,89.09313101495736,0,1884.019487604296,0,1050.1661365824532,0,42.20155106289753,0,829.9086146878599,0,290.54768785852013,0,0.0,0.0
1566,K/W,8249.515784159456,364.8799804330418,0,798.7595458810412,0,119.47938440213423,0,119.47938440213423,0,48.1762150008299,0,1946.6750510931724,0,1208.8802422241868,0,27.3315184673099,0,918.6420488232117,0,378.72286196285967,0,0.0,0.0
1567,K/W,6492.597380905572,250.3993198739045,0,839.7679847009301,0,57.8736484496458,0,57.8736484496458,0,87.44747581626194,0,2095.8278018002393,0,1076.9990226529942,0,52.67341621474874,0,886.4863906640943,0,487.88877155320137,0,0.0,0.0
1568,K/W,6383.297178363473,417.2332189036611,0,930.7219053741236,0,71.77397669989857,0,71.77397669989857,0,156.7157527652002,0,1977.4182842286525,0,1204.5971177682347,0,139.01696841777107,0,1059.9708252168627,0,340.4804161499535,0,0.0,0.0
1569,K/W,2126.349763917012,353.45897725453796,0,946.4173616584184,0,6.722173295135859,0,6.722173295135859,0,186.41549479960744,0,2095.394964089248,0,1168.9607610682308,0,156.72494835102017,0,1005.5465760104925,0,464.6039941861136,0,0.0,0.0
1570,K/W,214.69800815023757,69.90779312132842,0,566.611000440224,0,129.60206314139066,0,129.60206314139066,0,235.34949505526222,0,2202.020978292958,0,720.4615665951922,0,37.70343266732642,0,182.20703698518366,0,799.2909285352741,0,0.0,0.0
1571,K/W,710.1516004606904,253.92882831151425,0,1089.0944692852536,0,63.891626097797555,0,160.8835413159552,0,208.8410257061436,0,2228.0463961563364,0,995.9302203690577,0,237.01940118478325,0,982.4932298689631,0,666.4456302679476,0,0.0,0.0
1572,K/W,780.371937464562,44.30768783266769,0,716.270758791553,0,85.79849179722702,0,85.79849179722702,0,181.32971891580715,0,1488.8142496000617,0,581.4033424101405,0,195.51325494275545,0,883.3386269555408,0,296.6689483698197,0,0.0,0.0
1573,K/W,1651.5935382840462,119.41749897117278,0,534.861611155657,0,129.14711684462813,0,129.14711684462813,0,234.1120241013122,0,1643.0150644239714,0,628.8396445006487,0,61.54597274940237,0,980.2801345798638,0,160.05327988638993,0,0.0,0.0
1574,K/W,264.25810595599904,156.02791940970528,0,624.5051664989886,0,64.81958277650102,0,64.81958277650102,0,157.34383048790158,0,1615.4430208128335,0,681.0695057461301,0,152.219168917082,0,997.5362088902614,0,181.77394141728934,0,0.0,0.0
1575,K/W,1104.5058794921754,395.6675946312136,0,750.6058596246819,0,273.55879188893164,0,273.55879188893164,0,112.54826788967092,0,1777.2458684272513,0,993.7804135707594,0,21.89457656679299,0,1087.456973083803,0,336.5457056733703,0,0.0,0.0
1576,K/W,1492.6102639254675,380.9604211109745,0,734.6995992912106,0,245.13498903993542,0,245.13498903993542,0,130.04985710960892,0,2030.2210359991077,0,1226.8714531818425,0,30.114145142979492,0,873.5995748526308,0,461.4757457398939,0,0.0,0.0
1577,K/W,862.9260702265963,460.41527368930855,0,563.6820967993161,0,211.2307262480311,0,413.20750193205737,0,253.5421684468536,0,2055.9937150339174,0,1154.577190954549,0,195.00242696950008,0,786.6928846585562,0,336.217082810421,0,0.0,0.0
1578,K/W,1416.20771634286,454.07436699961124,0,511.84542337176,0,175.2301441504045,0,404.4778549465019,0,293.6918139462699,0,2051.4959268074554,0,1126.128365365876,0,217.60425222614708,0,766.0965241558424,0,300.8622611920177,0,0.0,0.0
1579,K/W,313.78652185140305,476.65287696734737,0,512.8585207040194,0,157.8079228674293,0,392.3412265245131,0,293.28079191205626,0,2021.74364815919,0,1104.0572476407363,0,236.49097916801236,0,810.0136469173937,0,283.11365374790853,0,0.0,0.0
1580,K/W,2807.6701889223164,377.5833165162418,0,459.301659436996,0,59.13066063753884,0,293.61650030134984,0,303.41059160944354,0,1937.0344816391785,0,1010.0494030832249,0,181.92839187169523,0,818.7751456873867,0,184.8930881180955,0,0.0,0.0
1581,K/W,609.0222613601678,15.939484543538477,0,538.4931498663329,0,70.45269887676508,0,70.45269887676508,0,423.56892271077777,0,1272.5201786577127,0,345.1003933792912,0,94.14298013417603,0,616.6648333629757,0,537.3514306462982,0,0.0,0.0
1582,K/W,3212.2833340980246,292.7196226119529,0,290.9422344871072,0,89.78064766525976,0,215.03415672482447,0,321.7252970634765,0,1986.3075062042717,0,967.3551008502297,0,75.20576006781728,0,782.69496466065,0,166.96081034398222,0,0.0,0.0
1583,K/W,811.3437236194811,215.02086337384247,0,386.7032361049133,0,68.7962296276337,0,130.3041795251378,0,281.6586390513439,0,1873.9820657359037,0,873.8755606774928,0,68.91155469436245,0,920.6921566384478,0,53.983372745370104,0,0.0,0.0
1584,K/W,827.8214762937187,289.97216358145,0,997.9381453373633,0,31.938659208817693,0,31.938659208817693,0,160.08629927140086,0,2194.6137237610824,0,1085.7075320419594,0,214.20296863392812,0,981.4522222449879,0,559.1587841356646,0,0.0,0.0
1585,K/W,6110.391502887829,34.89019747502767,0,314.6458998377589,0,252.94306861615465,0,977.5406228116777,0,457.11374829888837,0,1424.7079603007057,0,519.0399784605999,0,69.44082336452686,0,1813.0234264245735,0,1050.3660032533091,0,0.0,0.0
1586,K/W,670.8918529380153,1.0498531998164835,0,817.7020803336159,0,264.49970968476435,0,440.86527220837013,0,499.9360490543046,0,1198.8536466319963,0,106.07882243304933,0,140.71409642023912,0,1008.4648522353606,0,777.5559458310016,0,0.0,0.0
1587,K/W,590.4033309594467,274.3214613056679,0,791.014777267835,0,200.41211471009413,0,200.41211471009413,0,102.05659673428609,0,2149.36191934651,0,1121.5205588679041,0,24.958338660001008,0,831.8989668670811,0,572.1695692776643,0,0.0,0.0
1588,K/W,988.8453658505089,9.513101554772225,0,493.7357751131455,0,114.1864936874808,0,114.1864936874808,0,206.0559138540192,0,2125.5550825836403,0,658.3753151233067,0,119.8075840934306,0,96.8346151878359,0,882.0755504570943,0,0.0,0.0
1589,K/W,10445.053623065596,0.0,2,316.24549355915207,0,290.2253924130172,0,562.5618921610816,0,429.84736024212907,0,795.3153590567141,0,215.25744000253403,0,155.99237737345112,0,1766.1363399397144,0,388.94927674466555,0,38.0,18.0
1590,K/W,3094.392243486528,183.60536586165838,0,673.248070324719,0,189.78360223633308,0,189.78360223633308,0,692.5031214137365,0,1025.9826577876345,0,217.24108028324542,0,66.01067713921407,0,1020.1860312482753,0,591.35942692087,0,0.0,0.0
1591,K/W,456.257788442152,30.80460440647198,0,582.682736348469,0,143.68066849301036,0,143.68066849301036,0,363.909684943879,0,1335.867542986718,0,401.009806095827,0,81.26432964287667,0,691.1793934890892,0,468.39826911291914,0,0.0,0.0
1592,K/W,5590.207958081195,0.0,2,183.23990675088308,0,254.29311669828894,0,260.02428140925156,0,303.7426387027028,0,1816.3683163287844,0,406.4888472983096,0,219.98234015667157,0,182.43926009964116,0,800.8833776717062,0,12.0,8.0
1593,K/W,968.197478970874,5.159246862534559,0,421.7506372658298,0,130.0697717854307,0,130.0697717854307,0,219.0250276656062,0,2065.875460194042,0,634.2105761840038,0,184.29868271597314,0,43.9949494448344,0,920.8801652746519,0,0.0,0.0
1594,K/W,18249.563881247497,194.41414827797524,0,610.6436927733378,0,214.84151310777574,0,214.84151310777574,0,76.36475005997612,0,2089.090907028812,0,1003.3249122875516,0,0.0,2,673.4243486608865,0,411.7955895181524,0,0.0,0.0
1595,K/W,728.6985058254575,71.40921923943635,0,552.709618155112,0,229.64322001831982,0,451.07479795644736,0,721.3924792267348,0,945.8222306012591,0,379.605059167612,0,76.73307259767707,0,1270.4589485141535,0,518.515391453993,0,0.0,0.0
1596,K/W,3511.2994876364455,21.92274060106292,0,499.8502197692941,0,200.49990791179286,0,200.49990791179286,0,833.194645694637,0,842.834744868366,0,364.5306785462999,0,24.446643621610058,0,981.3783934048198,0,407.6439174542055,0,0.0,0.0
1597,K/E,4226.214716872618,10.061796984411698,0,308.0790153110043,0,162.49952368544857,0,162.49952368544857,0,212.74865617541892,0,1011.1636114311192,0,243.6567273580206,0,87.50052729167574,0,245.95615426683844,0,987.9515380298025,0,0.0,0.0
1598,K/E,3679.011512266623,146.81834418601815,0,144.52769059032033,0,217.79189646866052,0,217.79189646866052,0,268.2477799073589,0,1302.2604873574398,0,89.2522315658686,0,129.7187931599433,0,499.5289569351014,0,718.6329770344403,0,0.0,0.0
1599,K/E,9185.237794298306,0.0,1,402.37896579617205,0,142.95990688489837,0,239.70510607335652,0,425.194318349277,0,1620.939579372706,0,644.9847413519951,0,140.1489240408717,0,852.7131487204158,0,592.4668191178307,0,18.0,10.0
1600,K/E,8138.347243232293,59.14747625432154,0,366.4627475071689,0,111.01619376295368,0,111.01619376295368,0,358.16175579670926,0,1608.6190717282761,0,553.937379800774,0,155.56596305947292,0,806.4975400672218,0,789.7860238269568,0,0.0,0.0
1601,K/E,9300.6364835259,12.447751772640657,0,402.97820416404846,0,20.83318092698953,0,20.83318092698953,0,426.6379396565526,0,1683.3724998761863,0,574.5839614527632,0,51.7055891053157,0,870.8222904765107,0,769.9633305249555,0,0.0,0.0
1602,K/E,14164.595045936954,0.0,3,481.23679568662675,0,109.0342759651466,0,109.0342759651466,0,528.4190084388365,0,1841.7342340823661,0,702.1756433610992,0,69.17642191279744,0,1025.8184644011897,0,796.1776856937629,0,62.0,42.0
1603,K/E,1341.9230763523628,103.8946662508546,0,502.83498586534023,0,44.087840592973514,0,44.087840592973514,0,576.7100917464179,0,1804.0988584082838,0,614.2352627936135,0,228.62116837030382,0,984.1561481520309,0,880.8915818367574,0,0.0,0.0
1604,K/E,767.9989741040578,68.87797102318657,0,428.05495902379096,0,35.135583935448835,0,35.135583935448835,0,513.4232193231218,0,1723.2244093106506,0,525.1356084647429,0,137.59567158905477,0,904.6787105846623,0,817.1053591066936,0,0.0,0.0
1605,K/E,9601.936964571336,0.0,1,398.31781359880057,0,55.490566521746345,0,191.90906838627222,0,197.17011136794318,0,1753.7871065213649,0,556.6840463902337,0,70.26308143340378,0,971.6953634064727,0,496.5545281968312,0,20.0,8.0
1606,K/E,982.7116222938032,21.684376635173496,0,533.0023356627181,0,199.8427159599303,0,199.8427159599303,0,205.0038825468273,0,1676.0864228809685,0,500.4103920850513,0,147.4847185752565,0,911.114132230391,0,441.7718153534044,0,0.0,0.0
1607,K/E,17192.988800186864,0.0,3,290.68790368647205,0,0.0,1,0.0,1,1.0657091971546935,0,1665.493579968203,0,505.9458529828381,0,186.28553264563817,0,914.6412807221008,0,280.845365296672,0,20.0,10.0
1608,K/E,35603.70401957241,0.0,3,96.65166606268177,0,10.415312879733786,0,35.61931050913135,0,101.35223753811191,0,1946.7491681227043,0,773.3603567474039,0,52.35004254184733,0,804.8096081090687,0,363.78326704237776,0,17.0,9.0
1609,K/E,708.1385002413174,147.56148798245061,0,254.17465051171772,0,142.26546364610988,0,271.0865266666518,0,234.3492545472685,0,1486.5504096957873,0,435.82010577812986,0,123.75652127172417,0,682.692088511482,0,858.4991015955876,0,0.0,0.0
1610,K/E,35044.04988113101,0.0,3,258.0007048948965,0,0.0,1,16.608375600518297,0,202.00734198620881,0,2006.9102180013317,0,793.7897457820479,0,9.94241539305081,0,913.838970218154,0,560.8003282777762,0,39.0,21.0
1611,K/E,4485.988542153005,114.91464758479918,0,303.32649907330745,0,102.27700954901874,0,102.27700954901874,0,201.33514026031318,0,2342.789220542238,0,756.9453764180004,0,170.21922791305488,0,793.8727419088224,0,743.2687897904852,0,0.0,0.0
1612,K/E,2402.9828608605326,207.68609268995283,0,281.406211715313,0,142.2181371205084,0,142.2181371205084,0,215.61863806143324,0,2444.990169395739,0,689.1109038629477,0,242.92128402637474,0,659.8144763669942,0,740.6418178093672,0,0.0,0.0
1613,K/E,1337.7212424849472,244.14590240116203,0,311.2735363699208,0,195.16987480427744,0,203.1881192058282,0,268.2016116197829,0,2421.204719883737,0,738.4006131885867,0,287.04939224490283,0,704.6721233437644,0,766.8410850295218,0,0.0,0.0
1614,K/E,3146.1722413632356,195.48656063575177,0,341.6102329695203,0,164.98636620413396,0,164.98636620413396,0,238.73847021686126,0,2436.677873182534,0,716.4918177783429,0,211.2991222657388,0,737.6926243510271,0,792.7432745333876,0,0.0,0.0
1615,K/E,1288.2088055055683,117.51078028090159,0,490.12548001758887,0,201.78780968393005,0,201.78780968393005,0,84.58219995433895,0,2371.7364604743384,0,666.4332220483348,0,53.62266958332104,0,963.4567034815975,0,886.2724465458284,0,0.0,0.0
1616,K/E,1046.6955658994239,28.933989743872605,0,386.7210916190794,0,208.36609451048014,0,208.36609451048014,0,503.59043646971,0,1951.8115754079456,0,868.6323253596835,0,42.4384103986387,0,1150.5912205812756,0,733.3705214896239,0,0.0,0.0
1617,K/E,5035.327948238603,7.794364432414524,0,300.08727483031157,0,177.20536635079074,0,177.20536635079074,0,453.24109772594517,0,2070.6046831100466,0,981.252002380754,0,153.75219618786045,0,1269.5491259371865,0,732.1328611743756,0,0.0,0.0
1618,K/E,9389.165362447984,0.0,2,478.1115840799035,0,206.46944388468904,0,206.46944388468904,0,206.65019414597344,0,2222.3067951803005,0,677.6553689693194,0,14.46028587647612,0,1287.8417918270409,0,933.5551038299747,0,15.0,8.0
1619,K/E,1267.6424729121495,186.80931902485798,0,346.170053775267,0,43.019000157316384,0,678.7971993417658,0,69.69750511227141,0,1761.8093879455876,0,600.6219473897709,0,40.998165083080366,0,1570.2595211441437,0,187.57338351729766,0,0.0,0.0
1620,K/E,1290.414727527679,0.0,1,379.1474875731466,0,155.1095034413829,0,204.35206308014915,0,86.28846368119393,0,1677.4828137068707,0,674.9176118036678,0,102.03821685943151,0,1951.6068546192098,0,747.0470805030097,0,5.0,3.0
1621,K/E,6487.259786976541,6.267924945408652,0,304.5121736129112,0,151.850552996631,0,151.850552996631,0,105.77318891510987,0,1764.61066721755,0,588.2098925969213,0,71.89805432791275,0,1845.5470191158583,0,633.5344091928064,0,0.0,0.0
1622,K/E,29699.969325068025,0.0,4,144.41143718591266,0,0.0,1,0.0,1,234.70004206928735,0,2115.1233528351404,0,825.9122117058075,0,300.8666870943098,0,1470.6251613364973,0,589.8582265456105,0,30.0,16.0
1623,K/E,3908.108860063462,1.884128397328454,0,413.02333554341317,0,350.6792687188172,0,432.4672654850789,0,377.0875043068897,0,1774.1702471513265,0,473.62495527895766,0,20.95662471977673,0,1865.7497378543374,0,470.3535000064355,0,0.0,0.0
1624,K/E,5433.934119126812,10.891316308996734,0,53.43799762180633,0,381.0145639409159,0,454.0657986705984,0,89.59121472814192,0,1885.8260499543228,0,622.9539272679116,0,240.6314038926312,0,1178.892012491724,0,248.79764394098095,0,0.0,0.0
1625,K/E,2592.995372315344,237.82758905384367,0,557.9578127558668,0,155.18804048453438,0,381.4035816563334,0,52.5074766903792,0,2068.6885583757257,0,787.8398309275851,0,18.58123904752237,0,1949.8883181554406,0,266.5110551658826,0,0.0,0.0
1626,K/E,2423.6727895276254,312.000367816712,0,677.0003099891306,0,104.15042492777461,0,451.26933973755115,0,0.0,1,2125.603848791251,0,770.3778781407951,0,12.89788438058172,0,2011.8561631875664,0,246.0695454501904,0,0.0,0.0
1627,K/E,1905.5162349019313,193.1364943607201,0,546.764556335427,0,295.7006668466513,0,300.14613184676983,0,19.70261881414102,0,2242.7992769758985,0,714.111298279276,0,58.697897680215156,0,1856.2931300890625,0,433.95345195644774,0,0.0,0.0
1628,K/E,10126.776135727598,0.0,1,566.4111464761487,0,15.948246255052004,0,664.0657145698717,0,160.0455461251917,0,1461.8466676475132,0,449.70440060456093,0,117.71123460483253,0,1788.7677067363084,0,382.78396624217015,0,12.0,6.0
1629,K/E,1403.8444206788004,81.40437650634749,0,524.1301794882045,0,154.34325545665217,0,279.4192545807878,0,301.1576518823385,0,1819.769872293723,0,609.0361051664088,0,33.571309075025006,0,1021.2968302441163,0,593.6791331017789,0,0.0,0.0
1630,K/E,2596.9978240867595,0.0,6,520.0829064415404,0,83.15999571111762,0,399.43767677660395,0,193.48778051001733,0,3028.316599675374,0,319.8597520229064,0,4.253080254673976,0,1484.9725323388716,0,289.3750253483685,0,37.0,24.0
1631,K/E,6906.581337747786,149.04838648724493,0,783.8274865400202,0,188.7314988692541,0,672.1491741452604,0,480.7870725011372,0,1853.6622548922078,0,760.1823680729119,0,152.6399439965888,0,1569.0817871660586,0,780.3077045835153,0,0.0,0.0
1632,K/E,287.00517523733964,97.17873882780835,0,872.5089584164184,0,205.57122326556393,0,830.9126661924581,0,433.6878705610486,0,1766.8164448511034,0,673.6737410650577,0,188.15736496459516,0,1499.67050161346,0,888.4058408997042,0,0.0,0.0
1633,K/E,19055.616251202577,172.75368827167412,0,604.9369673682221,0,46.12470200140095,0,513.7298621293359,0,389.59485918418534,0,1816.3016906717164,0,739.7483768909005,0,0.0,2,1476.6309196519746,0,642.3300727656559,0,0.0,0.0
1634,K/E,3615.4006170391417,153.80461396457383,0,789.4727354020927,0,28.834705811263397,0,703.6245691115366,0,321.46212070032203,0,1729.8260491136423,0,710.0926557434367,0,11.47191252219461,0,1403.2451949543345,0,700.1364511237309,0,0.0,0.0
1635,K/E,41721.24492247159,0.0,7,445.30268652153705,0,146.6754188280727,0,478.66883203711757,0,156.59448834975225,0,1209.570739427748,0,27.301452187567307,0,52.66356826603036,0,1064.960381086495,0,797.5864312687083,0,54.0,30.0
1636,K/E,8145.5502742966555,0.0,2,746.3078407726492,0,257.37990222312095,0,827.4727240260063,0,358.82069693337587,0,1601.0508887105989,0,479.33049354530607,0,259.0851019217843,0,1378.4801808808152,0,918.109473007961,0,12.0,4.0
1637,K/E,3086.7510055227754,82.52113210067151,0,174.16343884031346,0,209.5178628896903,0,209.5178628896903,0,36.94490573984042,0,1941.0989602583386,0,381.16585569690454,0,21.59978205663706,0,1621.677899113177,0,431.51532996848624,0,0.0,0.0
1638,K/E,875.440277939437,104.55719614341626,0,318.58870879780363,0,225.7938431748381,0,225.7938431748381,0,97.07088340090756,0,1895.0780985870604,0,562.3938175558912,0,10.682960433281497,0,1762.8983323538152,0,531.7404377533871,0,0.0,0.0
1639,K/E,27834.33017978746,87.56137003263233,0,394.72776480875183,0,232.89497166786163,0,295.3668435188589,0,173.60107252441,0,1857.8708857177708,0,635.5131410118114,0,8.781336876759456,0,1664.454966447391,0,552.6746435400771,0,0.0,0.0
1640,K/E,2072.9277105987885,65.10223173712801,0,413.3969465364705,0,292.9319435919849,0,292.9319435919849,0,303.5302507641342,0,1564.4729237828783,0,296.2831742357431,0,93.14899184658017,0,1235.2465259411842,0,70.75928666194923,0,0.0,0.0
1641,K/E,1885.0014234979622,46.07489177760923,0,376.3629087265919,0,367.79868160368756,0,367.79868160368756,0,311.35790181083286,0,1621.038020901087,0,220.008239566642,0,155.2073533990963,0,1233.576435828544,0,172.9635809468631,0,0.0,0.0
1642,K/E,5840.8821245792415,0.0,2,126.73714917532256,0,283.0853508229592,0,283.0853508229592,0,126.73714917532256,0,1759.2863632257217,0,119.20194326316003,0,125.27374192496194,0,1334.9847929757798,0,321.7935758554957,0,25.0,15.0
1643,K/E,9961.23307927833,0.0,2,233.2033411777291,0,175.53364776187513,0,175.53364776187513,0,420.97405103051466,0,2007.6516480533596,0,938.0762978372361,0,91.67514257938039,0,1211.5160388533025,0,670.6670717237288,0,24.0,14.0
1644,K/E,3135.7891458692225,0.0,3,441.5292440458146,0,91.5056536430932,0,415.77986906483943,0,41.72441319286896,0,2741.0446707971023,0,298.71852568221334,0,112.28392230425858,0,1658.628740125201,0,4.415353918530683,0,19.0,12.0
1645,K/E,920.8482728454986,32.738401767430695,0,441.65699798682016,0,179.93093161427265,0,284.86400843136323,0,141.49153217988575,0,1772.8592608571903,0,716.1288798990553,0,142.26367125285864,0,1899.850118725746,0,712.1062744837018,0,0.0,0.0
1646,K/E,41485.87380637951,15.732701287617859,0,0.0,1,0.0,1,136.04385622312984,0,15.531257504565685,0,2273.0104665457225,0,776.3217433198034,0,0.0,1,2166.204552455429,0,448.33425632698487,0,0.0,0.0
1647,K/E,6228.343160115933,72.68355634395516,0,226.59426059147785,0,0.0,1,528.1762047241757,0,102.4746347167718,0,2209.1224429032445,0,759.027392275755,0,35.9848390980268,0,2147.7856432950184,0,327.3017825296121,0,0.0,0.0
1648,K/E,9632.431965413814,0.0,2,143.97259913615068,0,29.841234192968376,0,198.7572759526063,0,30.244590609406565,0,2745.441662060588,0,103.81852913799611,0,25.6115950755261,0,1481.8930144694011,0,179.38383545152055,0,12.0,7.0
1649,K/E,15720.722033794134,116.09523864236742,0,193.9801941876145,0,175.14666136865466,0,175.14666136865466,0,0.0,1,2421.201001443284,0,388.0218416676446,0,8.518182312936382,0,1359.8515905711404,0,615.6012445031323,0,0.0,0.0
1650,K/E,743.1960571194056,140.14229936312,0,465.4583327699607,0,343.5822161040052,0,343.5822161040052,0,149.26283342813687,0,2454.9738167982173,0,621.1346237945711,0,14.450079111020756,0,1705.7168913010134,0,625.7249969673167,0,0.0,0.0
1651,K/E,8247.687173161801,0.0,2,359.5061057842691,0,74.33535207513059,0,74.33535207513059,0,187.74454819221086,0,2316.6381093264945,0,764.8596216127087,0,159.49959169056845,0,1552.7138963305347,0,655.8511843389584,0,14.0,8.0
1652,K/E,10241.78578492764,30.526551929218467,0,441.2977343307906,0,220.28766717343612,0,220.28766717343612,0,102.5257228559778,0,2320.355955280214,0,624.414633022998,0,44.5238098112421,0,1508.5529997973458,0,727.2587790732595,0,0.0,0.0
1653,K/E,2689.9465932130133,15.135625689664465,0,174.92140145981975,0,48.96909583441692,0,48.96909583441692,0,61.206935715615465,0,2581.0879627100867,0,345.28313569122923,0,218.69871854411767,0,1202.4828153475926,0,663.733755972099,0,0.0,0.0
1654,K/E,578.1143326230567,12.33278608655161,0,610.6707239153885,0,199.2205030834229,0,457.6372576988987,0,219.74495531138376,0,1818.3450839742736,0,880.5719814933744,0,87.98755236231337,0,1870.832165438852,0,773.3006579533746,0,0.0,0.0
1655,K/E,7051.667572524261,360.1553240083864,0,734.5792560171885,0,489.63202504823283,0,605.6435368735933,0,100.46344109072061,0,282.6423847801517,0,586.2262084417141,0,40.44470314949222,0,924.2282883912926,0,928.461623058574,0,0.0,0.0
1656,K/E,1046.887626028453,160.14189569927527,0,609.7549737312806,0,181.68103097641298,0,396.8308295614177,0,237.19710608199887,0,622.4691276832415,0,538.2323281940838,0,139.66448088351655,0,848.1398821004044,0,928.4469714464321,0,0.0,0.0
1657,K/E,3090.257286358951,7.4165593944172485,0,346.48713802112525,0,118.79915356420884,0,276.7371417875354,0,113.69970106417276,0,2323.8196185904985,0,213.16623008357803,0,77.16041666097533,0,800.3854678881122,0,170.08988457890953,0,0.0,0.0
1658,K/E,2136.5448979252956,10.12448193091497,0,328.7700322214406,0,99.57053177086135,0,257.6580851135957,0,163.7741087025619,0,2382.949828849758,0,264.8397308797073,0,69.8856193959086,0,854.9672992893492,0,211.06903941285486,0,0.0,0.0
1659,K/E,4180.27323836769,0.0,1,641.7709649741685,0,4.547211129103205,0,534.1459936510869,0,55.00686689489833,0,3065.7354684693278,0,453.91614077521166,0,33.68563884303044,0,1565.7173578450163,0,353.6771123812104,0,16.0,8.0
1660,K/E,669.0165282486264,178.5339433264868,0,640.0411301217335,0,210.5833600188295,0,427.3787249836236,0,222.44843965206383,0,610.9731472255206,0,554.6834866081227,0,145.36551511543118,0,868.1921987896118,0,943.675511908978,0,0.0,0.0
1661,K/E,578.1809343031,294.7826428816879,0,551.600050899007,0,524.6807355124871,0,524.6807355124871,0,76.57530612649073,0,46.47575235340094,0,419.80784367242865,0,117.20196824391748,0,794.8976222216039,0,765.7174263359674,0,0.0,0.0
1662,K/E,7154.960710484806,52.53301000806401,0,604.1096346022349,0,138.6245865385566,0,649.8796358020813,0,29.767085903696277,0,3003.4391509237253,0,604.7183202063272,0,107.6376760885788,0,1708.9102543571482,0,438.280176662105,0,0.0,0.0
1663,K/E,2607.7385664053204,21.387783899640404,0,612.4772342431227,0,239.838266643954,0,480.69055236219407,0,260.3196497297261,0,1862.528451957886,0,859.4860627115186,0,108.24439474092486,0,1740.1002764914824,0,744.1119463681471,0,0.0,0.0
1664,K/E,2186.6889620845527,12.763229467126678,0,633.1959559944826,0,218.86894929178362,0,483.08129008901557,0,364.8189617556322,0,862.8426071835082,0,293.1118513133454,0,53.52055225522372,0,1053.7792067604273,0,1151.3801074159453,0,0.0,0.0
1665,K/E,10630.17615998306,303.7100421044391,0,615.1289174591926,0,477.57467310465944,0,477.57467310465944,0,192.1791579526715,0,210.97101477568313,0,460.2784094246718,0,14.493258024763536,0,917.3755863912037,0,905.9447754452003,0,0.0,0.0
1666,K/E,13178.18480593835,0.0,2,703.3898805388857,0,254.16695400140074,0,523.9334524636527,0,264.0017151565431,0,664.1414482952118,0,423.2577665080039,0,0.0,1,1044.8012241426047,0,1119.1243572513533,0,16.0,8.0
1667,K/E,933.3521414119614,280.2402812068421,0,501.9632967528129,0,473.0254224869235,0,473.0254224869235,0,31.946338804537696,0,68.52604620257635,0,368.3098721205642,0,133.3119742457756,0,845.1154749203116,0,807.3459703211458,0,0.0,0.0
1668,K/E,797.0398064775422,483.6008203356245,0,737.4043797290252,0,563.8089385106127,0,656.4184906619271,0,127.95152375211164,0,242.04287616607715,0,597.0941058659132,0,64.10018264302303,0,833.6470411477642,0,840.054264818263,0,0.0,0.0
1669,K/E,437.7550800727467,160.62991075293175,0,493.1720184564532,0,496.45536366892986,0,496.45536366892986,0,111.22421717944042,0,51.299092645070054,0,395.5690861386288,0,245.3700482959828,0,731.5695974295934,0,675.4217330075097,0,0.0,0.0
1670,K/E,854.8641110059765,394.5082300426742,0,678.8174803467074,0,376.4941321156772,0,459.555122933394,0,120.99696455809602,0,368.2230116282511,0,771.1725164684716,0,268.2057453271819,0,708.5774524489234,0,749.6135328624202,0,0.0,0.0
1671,G/N,1495.4664303199452,47.675219972079674,0,114.14568231966396,0,106.05165313533392,0,118.25572955165032,0,58.17250118023447,0,40.91775799164709,0,1112.204247392265,0,159.4604849616802,0,393.6742524211287,0,664.1318353358008,0,0.0,0.0
1672,G/N,1697.8503018727013,33.453226816916825,0,200.06372492280224,0,27.399867718336264,0,27.399867718336264,0,115.43592328668753,0,134.20261203453995,0,1068.869675142066,0,179.7591430308998,0,478.47929820454203,0,632.5629333465104,0,0.0,0.0
1673,G/N,1231.047248607933,11.251365834780882,0,448.3870050085544,0,101.1496016074136,0,151.36905669154885,0,252.76773968918988,0,669.2987838815365,0,679.4744127745838,0,135.43539782532565,0,311.4181365403636,0,61.272365662288,0,0.0,0.0
1674,G/N,863.3879051666206,101.67026004335577,0,535.7057305080123,0,295.1219826779591,0,295.1219826779591,0,163.17457771889647,0,652.2335118099711,0,399.3879543339603,0,39.63354229242986,0,813.9938388238915,0,231.34015446899755,0,0.0,0.0
1675,F/N,1881.9921853231479,73.25232760973273,0,486.0646795994486,0,132.81293100053426,0,132.81293100053426,0,236.89121512354,0,530.7647908692137,0,342.0910929406644,0,101.34536415854308,0,826.2214705304193,0,748.927233939495,0,0.0,0.0
1676,F/N,875.9232852311889,151.14854056658893,0,308.51870525489585,0,132.0534691952418,0,132.0534691952418,0,320.38317841398674,0,492.6601986515419,0,395.9398173391675,0,118.43369352981054,0,869.2716578971274,0,600.4795646544034,0,0.0,0.0
1677,F/N,9131.604656001246,152.56097953345,0,432.45654358725943,0,454.3383924038029,0,454.3383924038029,0,496.44499724540015,0,537.5693519534733,0,295.96929127614726,0,28.69207508017063,0,820.8447890175985,0,934.2341966222677,0,0.0,0.0
1678,F/N,3709.8072216597243,9.848419585201706,0,367.0634408996465,0,68.9208097065893,0,68.9208097065893,0,421.00419834957654,0,553.5491781163262,0,404.75863060427764,0,144.31095532329573,0,419.13566758293064,0,544.8138642452145,0,0.0,0.0
1679,F/N,3778.142061814449,0.0,1,559.3733569163627,0,245.14600186630253,0,245.14600186630253,0,617.6256355337595,0,597.7103720013171,0,691.0829193325667,0,35.62933352931618,0,976.4615500906768,0,129.96065930007737,0,16.0,8.0
1680,F/N,5170.53213222748,0.0,3,407.99237015295745,0,23.203728419319365,0,23.203728419319365,0,562.9303969103448,0,703.6935918312611,0,614.6830930557394,0,15.574125307330798,0,767.7066578210101,0,34.698598662878574,0,68.0,31.0
1681,F/N,35174.813528140345,0.0,1,399.16654823273274,0,46.15043259290711,0,46.15043259290711,0,117.51617471897065,0,231.67180486697507,0,28.129405937814386,0,27.167550392095723,0,453.5074948386948,0,728.1498186985415,0,10.0,5.0
1682,F/N,582.48865964978,0.0,1,427.68925458334695,0,95.67956833523628,0,298.5990011046723,0,215.78671262284584,0,491.67626413312064,0,245.36876764009978,0,70.8995226196028,0,607.0640766259304,0,779.0787424679679,0,10.0,5.0
1683,F/N,31216.374859256877,0.0,6,509.4942187503585,0,70.73968898817132,0,243.76296029474565,0,915.2705505268599,0,73.37594758377507,0,878.3468446720201,0,10.352834323492383,0,1500.6034254928115,0,39.14988091689626,0,140.0,84.0
1684,F/N,3872.912735188989,60.81210036636686,0,442.8332767875072,0,529.7904601256332,0,529.7904601256332,0,572.4592431699963,0,592.9943123425428,0,275.08568554089163,0,61.43046431261418,0,884.0830350889106,0,841.9439993592584,0,0.0,0.0
1685,F/N,96818.71178141533,0.0,13,297.99115185662123,0,126.06943948167525,0,126.06943948167525,0,183.1089901824817,0,220.37502717255336,0,50.58525512069463,0,1.3510076833342555,0,510.82835953221803,0,751.9229373349656,0,269.0,147.0
1686,F/N,16336.064419783217,29.290233355398964,0,425.4204708185772,0,218.68572616170573,0,218.68572616170573,0,592.3655933524558,0,836.9985159306043,0,220.2777758603073,0,0.0,3,571.1224375128679,0,167.54841550646535,0,0.0,0.0
1687,F/N,26312.01517751668,0.0,1,414.69495620831424,0,35.125923545943536,0,524.2089429210065,0,584.4171212609892,0,354.55306615543196,0,496.12872914323907,0,232.0506555447914,0,1448.1608391099696,0,238.9250905970071,0,10.0,5.0
1688,F/N,5963.8158112824485,10.452719204128613,0,946.3450120970796,0,26.489737279717467,0,544.5905815020146,0,1121.0611452248536,0,710.6841783457091,0,607.1701044746684,0,3.1056621947172887,0,1058.463137125416,0,583.1195651830799,0,0.0,0.0
1689,F/N,2119.4976509143753,16.33842498252249,0,381.21274137925747,0,19.015078047876532,0,164.83864852865764,0,246.3724574093174,0,1079.8128360923893,0,194.39559476943597,0,83.01508887642636,0,345.8444917027918,0,871.8981463097176,0,0.0,0.0
1690,F/N,970.9150064379085,7.373951709054742,0,660.5309848959038,0,122.78766288098268,0,266.35632330290935,0,244.1154774987282,0,800.6940425706205,0,48.48350527736973,0,53.428013277833415,0,596.4265160243915,0,966.7082580755556,0,0.0,0.0
1691,F/N,6651.581191879859,21.056461979387933,0,1149.0765772094442,0,414.7923082435459,0,837.430727914797,0,1000.3907406582907,0,692.6579562958144,0,1284.66472119534,0,0.0,1,1736.1291183982898,0,660.4237499249281,0,0.0,0.0
1692,F/N,673.4216658288169,87.7577674673152,0,1164.4763008364996,0,430.2503736065657,0,853.074824544976,0,1008.1000174230747,0,706.4780026147523,0,1355.5246233717455,0,28.848557117333755,0,1809.8627514427408,0,675.506212019444,0,0.0,0.0
1693,F/N,3141.4440249317868,55.73084905616861,0,843.3852977441423,0,334.6069581461372,0,334.6069581461372,0,202.03436638328392,0,1338.819444378416,0,1548.7050170449131,0,60.87042647655611,0,393.0710831330567,0,1084.6334610484357,0,0.0,0.0
1694,F/N,8204.229587458758,50.780045704705614,0,249.1438043032563,0,39.1493150874469,0,39.1493150874469,0,0.0,1,189.17125711146682,0,394.1232547993865,0,4.758474111305767,0,338.81028752229,0,1174.9854802557466,0,0.0,0.0
1695,F/N,1187.8582750863923,40.020411229515815,0,434.53936011519033,0,210.18382778647043,0,210.18382778647043,0,198.29960756809328,0,445.9791128015619,0,331.8628902754959,0,159.76116999294226,0,796.5683582182838,0,727.3110595369809,0,0.0,0.0
1696,F/N,853.2191298559006,91.92059702040919,0,452.5447735082169,0,117.94075362523701,0,117.94075362523701,0,255.18790581203936,0,558.8966498133921,0,253.25959569173787,0,52.03686848934767,0,746.6597943643774,0,716.9434600442846,0,0.0,0.0
1697,F/N,3530.4491661623206,7.678779892995516,0,415.27925253495715,0,97.42721824763149,0,220.12793768035016,0,189.09977706289095,0,1001.6519260498599,0,126.30693116827918,0,40.85707501719148,0,442.8905094150843,0,926.224826203269,0,0.0,0.0
1698,F/N,5094.299004144968,0.0,1,525.554068936331,0,71.12190184335715,0,218.53966358855806,0,206.1147261265105,0,847.1531738103781,0,16.033413231906874,0,84.96768757814877,0,492.4152509751249,0,1004.9991000905623,0,5.0,0.0
1699,F/N,1131.8781246038766,46.7220716088315,0,205.1458643715032,0,283.0119559840752,0,407.9954731024112,0,236.86208082635017,0,723.4055730613982,0,806.253624259567,0,204.6872662876581,0,825.8355894989915,0,1566.9333777276238,0,0.0,0.0
1700,F/N,1828.0733029565033,304.97471033883915,0,73.52079864734903,0,213.67002258264083,0,213.67002258264083,0,499.7748202154375,0,1010.8035456795537,0,125.82950899453337,0,94.33354624961983,0,263.64945484067806,0,554.9322645108659,0,0.0,0.0
1701,F/N,758.1438087679957,258.5260373993609,0,70.00101075699496,0,109.25920264331802,0,272.13610419759294,0,90.81266253357535,0,1353.8916256693221,0,271.9791134639389,0,21.236382887024153,0,331.75984078337586,0,518.0436597421302,0,0.0,0.0
1702,F/N,2863.1089090408914,84.14122535967262,0,267.7627205976641,0,65.1839075105097,0,65.1839075105097,0,488.6977712782873,0,896.7687379174884,0,501.8817906284478,0,107.05717486688233,0,595.4955009869723,0,53.40993227475806,0,0.0,0.0
1703,F/N,18288.862045886588,0.0,1,269.2268287403976,0,27.08499350985987,0,116.42514636402326,0,495.1117711228093,0,797.0186074848307,0,66.30103888891828,0,49.034645954724965,0,11.226882939175638,0,125.25514707230298,0,10.0,10.0
1704,F/N,3620.9338611760054,13.776615461129964,0,447.2868035748346,0,109.16713761165036,0,159.43139146340332,0,340.17099058173255,0,439.1593025285849,0,365.50388726070724,0,220.14204874056756,0,443.49030230187157,0,635.8082973046726,0,0.0,0.0
1705,F/N,4122.86549729819,0.0,1,569.6298008546497,0,66.4357095633847,0,204.5045070512519,0,220.14111736923658,0,309.42501274625613,0,335.2755606072397,0,171.88555185356566,0,247.92711922154626,0,656.4090141615237,0,6.0,3.0
1706,F/N,3581.44641512946,318.4159107785581,0,705.53906977361,0,12.49991071292014,0,12.49991071292014,0,137.93263211469431,0,1088.9666077323272,0,1289.9699297954119,0,67.1640827249288,0,254.51406343995336,0,1069.3595504431769,0,0.0,0.0
1707,F/N,1014.1338870888881,357.49788514984033,0,734.3319444566073,0,39.98596077873314,0,39.98596077873314,0,147.0145001385906,0,1129.1068523387783,0,1333.0628395341855,0,83.21463238466094,0,303.3053461559305,0,1167.2689606400957,0,0.0,0.0
1708,F/N,1728.8437920687654,6.8408249067887965,0,488.26087678499925,0,184.47747987932664,0,184.47747987932664,0,198.56029146533552,0,262.53021019183683,0,434.1813738760447,0,22.65283899313497,0,103.24439344681169,0,943.7671450306457,0,0.0,0.0
1709,F/N,528.7673912654534,62.58715380067618,0,398.6760238568537,0,113.47407270511907,0,113.47407270511907,0,146.01586124805988,0,336.0547627126392,0,533.8247934690282,0,41.80252542482403,0,192.04809472003768,0,1013.8114474583745,0,0.0,0.0
1710,F/N,786.9708893205382,21.691001339302396,0,434.92713647365593,0,135.46909535896472,0,135.46909535896472,0,158.2813855452111,0,295.6799257409772,0,484.6997944435376,0,0.0,1,143.95558574265206,0,987.6928499047167,0,0.0,0.0
1711,F/N,8293.328837297493,4.102004800487129,0,468.42379712436957,0,118.96228567589924,0,261.54636813016623,0,418.2958045245985,0,901.4427880355213,0,242.5634628212768,0,142.36468953748945,0,108.40182337046461,0,96.31482165469491,0,0.0,0.0
1712,L,4580.373052458998,0.0,3,123.11526632745571,0,22.263288814298477,0,167.55809979457527,0,102.16807688500204,0,1790.7715433334088,0,518.1297482336655,0,60.94172924314983,0,418.27494108425446,0,829.9534076433987,0,11.0,6.0
1713,L,3624.1223845804057,233.33779879533517,0,236.7152126983844,0,69.39342131587452,0,159.9450816957689,0,14.213299463796345,0,809.5561748019378,0,367.47123055672415,0,126.79662138447992,0,1349.14235355257,0,446.8645099435222,0,0.0,0.0
1714,L,23363.36288905797,64.23604142887582,0,446.88650913180595,0,32.6952643980449,0,32.6952643980449,0,82.29833605447969,0,704.0093949896278,0,1618.7206631534427,0,85.31285317586058,0,1847.8269902108716,0,279.87533694616104,0,0.0,0.0
1715,L,763.8352756251267,155.457636445999,0,285.60636383591014,0,147.25011325652534,0,454.4747144644225,0,279.037856901504,0,2131.7547456131642,0,1140.9944834416585,0,81.45222668711484,0,3988.670230140295,0,1092.5204891768353,0,0.0,0.0
1716,L,9015.360207832367,99.15104381120743,0,74.32976424887153,0,90.7413082633683,0,90.7413082633683,0,219.217428089815,0,1786.6766777501632,0,912.4743304070697,0,10.394717231880618,0,3976.031141042494,0,934.2867083064169,0,0.0,0.0
1717,L,4843.10940195972,17.481945537549304,0,9.799632059196021,0,9.797234173087235,0,373.30804204360254,0,26.455834996983445,0,1755.2745327682383,0,1178.55078246576,0,111.17934359797495,0,4153.826754661741,0,992.580698573625,0,0.0,0.0
1718,L,2468.9839456279174,89.12128370976912,0,186.9673449370608,0,19.635689288334962,0,563.7469319785299,0,169.73084844776233,0,2004.6909359600138,0,1235.117954957321,0,156.38083586786954,0,4129.80781044312,0,956.2748174130513,0,0.0,0.0
1719,L,4082.000524189019,114.51451397517471,0,656.5568924056186,0,118.11021463680298,0,364.78223002815065,0,422.4099191665834,0,1238.7735193888216,0,1508.40202363228,0,58.639770126916,0,2235.533868805478,0,755.9442744429494,0,0.0,0.0
1720,L,6596.910596360914,6.128352936250743,0,867.5099992447101,0,418.7512260750345,0,418.7512260750345,0,386.0960077239951,0,1264.671863953447,0,1138.8455527970073,0,252.0029642887054,0,2634.8663146134677,0,952.9328454019063,0,0.0,0.0
1721,L,993.2990242382534,9.55137527537383,0,243.80580962594178,0,449.9913179610762,0,449.9913179610762,0,589.0606733580877,0,1694.9484214447666,0,408.0035025159657,0,80.42396250107763,0,422.9803966267218,0,1143.7210650111683,0,0.0,0.0
1722,L,10352.787023443823,0.0,1,288.28673249303614,0,202.13967338883378,0,235.88274926069872,0,244.79859492354922,0,1774.2797217501113,0,248.14054004714606,0,171.72216456595064,0,233.03899312584358,0,75.89280661442743,0,6.0,6.0
1723,L,1022.2088875848415,1.1958822568002387,0,234.04916609474807,0,114.88580336035042,0,114.88580336035042,0,169.61457765296467,0,1483.0910796878,0,233.23174882358975,0,171.18478869912934,0,721.1739162110915,0,1101.9412753991119,0,0.0,0.0
1724,L,895.9840866023013,47.108999566112836,0,44.58176653242623,0,121.66281528343428,0,160.29288931129193,0,269.6382777064818,0,1721.1321984620415,0,1001.4117682448597,0,96.45352100332398,0,4097.39792694953,0,963.4691177320107,0,0.0,0.0
1725,L,609.0195553239638,78.71593166730032,0,101.36505180578988,0,168.86538130191556,0,176.7489706439266,0,259.80569736914197,0,1765.3436579062948,0,1008.6768123221029,0,112.44513258087882,0,4086.575601551263,0,1014.4272674398554,0,0.0,0.0
1726,L,1785.729635808259,75.46634955281726,0,206.54271951913512,0,84.31806953177131,0,501.8744313827919,0,201.59905882907478,0,2053.5060544385665,0,1130.572651436269,0,149.9022270107142,0,4031.430725697851,0,1041.871887726305,0,0.0,0.0
1727,L,49470.89260905255,0.0,24,131.64440882367,0,0.8727267075593651,0,34.55329887877334,0,69.41570290604415,0,1303.3544606745186,0,81.11728445656158,0,7.140536788639683,0,457.9724092057229,0,892.0944489773389,0,257.0,137.0
1728,L,16307.727764232592,0.0,15,825.5938047426638,0,73.8854127386462,0,73.8854127386462,0,43.58343776518928,0,1690.6954643969816,0,1048.054809894425,0,8.769657904178498,0,215.60334830038659,0,364.50223813747897,0,164.0,80.0
1729,K/E,1513.4232731708807,0.0,1,200.5163136594709,0,272.7203781409644,0,272.7203781409644,0,51.79954136411904,0,1853.4550499456377,0,342.5391071092604,0,120.46087904912467,0,1525.3635927393634,0,319.35213757874294,0,3.0,3.0
1730,K/E,11066.82596920412,252.26405328028812,0,473.68225921700486,0,202.58342157347144,0,414.4988093545738,0,274.15218655462286,0,1892.815848910267,0,645.909546042595,0,59.43432495051257,0,1531.8701760515494,0,429.0435921963327,0,0.0,0.0
1731,K/E,3759.842456659187,55.146773118544886,0,392.1390736799272,0,33.4718269714582,0,177.5037725570036,0,327.17749139696036,0,1342.0095152268102,0,746.2334572681402,0,20.925755006946343,0,1169.503474716933,0,298.5815796406677,0,0.0,0.0
1732,K/E,21678.964672865015,0.0,1,170.11346732514917,0,319.24709337192877,0,319.24709337192877,0,131.51904578223028,0,1696.918480521995,0,138.3866086805114,0,65.13452951377144,0,1317.8103567360376,0,178.72054572070206,0,6.0,3.0
1733,K/E,538.8889694943833,0.0,1,579.300120723865,0,91.10470102537457,0,202.94591182385454,0,383.08700339757917,0,1492.6051463966871,0,861.6123932525998,0,28.198579156821047,0,1141.33580957855,0,426.19751408242,0,6.0,4.0
1734,K/E,1546.4723959103794,12.640439906382959,0,331.45244797308425,0,142.3381224288921,0,142.3381224288921,0,208.38958488164707,0,1336.6792709064262,0,616.38441648628,0,58.48301915049009,0,1156.3868638696852,0,179.0050273948645,0,0.0,0.0
1735,K/E,7818.754557766359,0.0,3,227.0089816348774,0,326.0683900456527,0,391.7854818673219,0,227.0089816348774,0,1635.3794372983848,0,66.83690210755648,0,43.06230556997092,0,1205.5172694452483,0,270.62431275540223,0,22.0,18.0
1736,K/E,3495.404425029743,46.24785352619501,0,454.4599438908068,0,32.23813762317268,0,212.28074628876303,0,191.2981919663354,0,1536.1175985826515,0,403.6510574272462,0,45.748143245304945,0,937.021207765532,0,422.00508077089944,0,0.0,0.0
1737,K/E,1889.077838120258,19.520629818690036,0,446.42241593326423,0,105.94313636438032,0,105.94313636438032,0,392.6681379811432,0,1538.1792882898988,0,638.3106514416066,0,8.952618354301073,0,822.9209391951481,0,535.5108068010693,0,0.0,0.0
1738,K/E,3505.4951843606113,97.64650280105558,0,656.7387189561301,0,204.1091956047577,0,204.1091956047577,0,373.34473175468054,0,2073.1096353644034,0,854.1940262827958,0,23.489872001608447,0,1253.8244271199535,0,951.3344958910316,0,0.0,0.0
1739,K/E,7993.2676691083425,10.612978284684921,0,374.943345539554,0,46.949228215991546,0,311.8245591953913,0,108.39374074234915,0,2835.652049448618,0,198.06545636357856,0,4.4417103693190665,0,1517.90214972158,0,101.63677967429295,0,0.0,0.0
1740,K/E,8577.429091268406,13.052945443689751,0,446.44293846096616,0,114.05964213514896,0,396.11438270475435,0,101.68165804523714,0,2785.7004352396452,0,280.9070165682415,0,89.76577595267851,0,1601.111801906226,0,63.12742914261087,0,0.0,0.0
1741,K/E,1052.8128769785037,79.8896251278965,0,497.87659926185887,0,95.4030672200682,0,381.8585215648186,0,262.2132768268114,0,2995.3720172979906,0,298.0370168458264,0,0.0,1,1498.624186869915,0,255.13721753225528,0,0.0,0.0
1742,K/E,18279.589712432095,219.27323937273263,0,196.85820942979768,0,628.8162434954459,0,628.8162434954459,0,890.0347612131513,0,2421.7184732035603,0,1913.617059615339,0,105.80408711394459,0,3208.7391805650523,0,374.84682009077227,0,0.0,0.0
1743,K/E,29470.700389632544,0.0,3,302.95954760470426,0,169.70442054776507,0,169.70442054776507,0,471.2471850079667,0,2258.024414760072,0,1449.5479831673722,0,5.870117253465614,0,2750.635356271573,0,391.65061254689664,0,36.0,16.0
1744,K/E,15286.241873626963,6.732895091798778,0,548.5664730722877,0,423.64494320460955,0,423.64494320460955,0,575.5814562329284,0,2621.0054912308874,0,1630.8408885789881,0,184.23423276600232,0,2899.5699922280673,0,704.5719465184719,0,0.0,0.0
1745,K/E,4101.876980124293,156.7573001617928,0,479.73208994552164,0,157.21981661743655,0,157.21981661743655,0,574.9894331306231,0,2135.5308911948046,0,1430.5546904807125,0,72.42405286259844,0,2793.299586635952,0,557.2151439009322,0,0.0,0.0
1746,K/E,3715.947334942586,0.6612520612058139,0,331.9543656606791,0,170.08841894757416,0,170.08841894757416,0,83.2513825886677,0,2533.9421570649133,0,445.63698643586974,0,75.67915901773753,0,958.7696285041709,0,792.8424388043167,0,0.0,0.0
1747,K/E,14968.601406767173,0.0,2,261.42561740609244,0,116.24052632301718,0,116.24052632301718,0,0.0,1,2321.8017232743014,0,425.8401981908849,0,7.549790771252873,0,981.8549134307849,0,749.8375402506236,0,26.0,14.0
1748,K/E,615.1906021270304,25.844449582366718,0,417.76323151080754,0,44.43402552010001,0,44.43402552010001,0,254.67453172287648,0,2707.13526318651,0,476.09655467687253,0,255.37431671832678,0,907.7333474585445,0,827.3173127144206,0,0.0,0.0
1749,K/E,13327.505819407696,74.34991714729543,0,285.05003409500165,0,0.0,2,0.0,2,380.3640541015609,0,2304.3121206403534,0,1200.0334557830856,0,0.0,1,2545.1154544474084,0,755.7769565917592,0,0.0,0.0
1750,K/E,33897.18644846348,0.0,10,27.151517892514043,0,4.794286621316829,0,79.69728870468603,0,113.27882103066784,0,2144.2535305731085,0,980.2741097056379,0,3.060807653782697,0,2354.9527280363704,0,581.4060481546156,0,66.0,32.0
1751,K/E,1911.9002398938433,22.85475046142917,0,192.71303920172838,0,46.476119475818585,0,46.476119475818585,0,9.9805773699137,0,1766.675736851399,0,484.6185697121438,0,69.60713029999765,0,1758.7859680969693,0,576.6308689598841,0,0.0,0.0
1752,K/E,1313.0871512071626,84.66394750095107,0,433.588807307641,0,110.85944047214407,0,741.9789558735721,0,92.47574454603112,0,1690.3341356838646,0,614.3878424316763,0,103.81613627867225,0,1659.4925138226401,0,257.8882409000553,0,0.0,0.0
1753,K/E,239.51551199460607,45.63803558902225,0,767.0980168803015,0,181.754018940209,0,794.3932730993112,0,347.5330508584403,0,1656.3126940814204,0,583.798997199006,0,181.45425237838901,0,1396.659405774277,0,866.4667815831301,0,0.0,0.0
1754,K/E,173.44310341444483,18.375093584487356,0,742.5630420204109,0,254.38963917793942,0,813.9473748503731,0,344.1108532327275,0,1613.1683701486272,0,529.8656840631569,0,260.2182516090142,0,1374.1635194176517,0,930.3255159849064,0,0.0,0.0
1755,K/E,64238.81043658448,0.0,4,212.3631224970457,0,0.8380775734612024,0,422.6625973661636,0,195.13860583435076,0,1810.5226761757565,0,815.8769693172845,0,160.54667637900081,0,2351.9133381111374,0,228.48484416949364,0,50.0,28.0
1756,K/E,677.1796893788011,101.33473214517602,0,248.33432707366197,0,228.6809524168076,0,658.6836785871834,0,167.62795544375456,0,1963.443919705702,0,503.5285176746685,0,124.88382244497939,0,1394.9838057213412,0,51.12237378286992,0,0.0,0.0
1757,K/E,6666.526955630402,154.39467665759543,0,375.94087772520476,0,100.13825384666704,0,655.631311020231,0,85.34810189255558,0,1758.0831721056902,0,427.9614474001505,0,10.879678818614995,0,1474.5159949425565,0,79.06872172094874,0,0.0,0.0
1758,K/E,1096.3234380813353,3.8939168743314325,0,208.40565469016045,0,228.51950728952264,0,245.33933445426646,0,65.53212660197764,0,1675.2610903676905,0,342.55978816638196,0,47.59890649954883,0,1662.3411521367052,0,468.1612638075121,0,0.0,0.0
1759,K/E,8893.706098452807,34.298444806989785,0,667.3271250983552,0,91.80437301249927,0,871.1379043699636,0,522.669083005772,0,1632.562599096365,0,552.0675166068888,0,124.1744491710447,0,2402.7609735642136,0,223.3108006934591,0,0.0,0.0
1760,K/E,18875.47100576227,0.0,3,596.4090884955816,0,16.653662831835742,0,781.7869046128723,0,367.9501849795849,0,1695.4822869137208,0,558.2615339086937,0,169.55388919167623,0,2317.1793676705065,0,74.09361381092891,0,18.0,13.0
1761,K/E,1259.346981580524,29.587310016786727,0,756.4787232916259,0,89.94182507331332,0,644.3745738223537,0,321.0402515557136,0,1826.0347772113737,0,609.166488270946,0,235.5965165211316,0,2195.1420541123725,0,134.83248686263158,0,0.0,0.0
1762,K/E,20374.18905858726,0.0,7,9.87143076014452,0,6.7562865132555565,0,6.7562865132555565,0,0.0,1,1690.4854310427245,0,302.40666057647087,0,83.05374761476332,0,1630.3143526663234,0,522.3866529719128,0,56.0,32.0
1763,K/E,1127.225461121892,12.056285744644445,0,378.93293642559087,0,20.97212476105542,0,20.97212476105542,0,445.87589479559284,0,1682.016878677685,0,510.80873779990105,0,190.8670653702077,0,861.8463716783037,0,901.6986655240862,0,0.0,0.0
1764,K/E,982.6734033935722,74.27586839411758,0,376.25650013741057,0,110.43088334538072,0,110.43088334538072,0,115.94030488747501,0,1809.8336660175758,0,634.6858559166725,0,204.50381450977122,0,1046.4356677577507,0,414.49133724915714,0,0.0,0.0
1765,K/E,642.0732531952389,2.6671188496243996,0,383.50586755709674,0,30.266492273915578,0,41.83731187383533,0,456.2269393561567,0,1686.0903547151215,0,504.5576605894062,0,157.23530111605845,0,865.8768092998263,0,865.9021172722289,0,0.0,0.0
1766,K/E,22860.62198884488,0.0,6,525.4129735211279,0,0.0,2,0.0,2,93.19292602658236,0,2414.1894330239525,0,125.13311605034612,0,3.402278680999798,0,667.199118013927,0,407.69310749214173,0,71.0,27.0
1767,K/E,1480.092495924919,8.554553841930584,0,570.5996881351214,0,134.59140914316083,0,134.59140914316083,0,29.49572690724433,0,2353.0041822596295,0,85.35385283549721,0,83.65780658299849,0,569.8877419747752,0,429.8331130424823,0,0.0,0.0
1768,K/E,3020.1273486295795,4.416076827881312,0,520.8954021631205,0,172.84554397732384,0,172.84554397732384,0,58.10649149913992,0,2316.9253601836717,0,89.65215509311088,0,25.334182310927353,0,496.2479029111883,0,447.80622208248224,0,0.0,0.0
1769,K/E,4293.838045687396,0.0,2,412.09078369458024,0,335.63920679424524,0,335.63920679424524,0,220.31052751607922,0,2219.185280572387,0,221.51437260780733,0,5.982494449191547,0,260.1863123708739,0,560.7151535851486,0,8.0,5.0
1770,K/E,2376.0564482679656,23.274212788077453,0,278.4591053920847,0,324.2408047102372,0,432.448874349712,0,305.6642693357007,0,2083.6811005027353,0,280.65931849040265,0,98.76874116217351,0,256.3336687296536,0,571.1836991177373,0,0.0,0.0
1771,K/E,1603.9633947934797,47.20393934870001,0,548.9090345829352,0,180.79813734334843,0,180.79813734334843,0,123.21592794463257,0,2314.8342239032013,0,26.013953909858003,0,53.48084994720574,0,568.5381920589357,0,360.4921361744806,0,0.0,0.0
1772,K/E,749.3455609987307,53.275672740469474,0,496.6624001653096,0,223.0096836498789,0,223.0096836498789,0,125.52252685090151,0,2281.6127933513458,0,65.56080417320557,0,53.435888999359975,0,516.526609829974,0,426.5086526447329,0,0.0,0.0
1773,K/E,817.472525276045,79.67398529357862,0,492.93470305685184,0,231.03686088580432,0,231.03686088580432,0,157.33449255217994,0,2263.0385192148315,0,22.91839591057775,0,81.38337749354689,0,539.3753696531212,0,378.5923477161462,0,0.0,0.0
1774,K/E,3133.6556963191874,0.0,1,382.04671719480797,0,153.16425867820988,0,153.16425867820988,0,219.20899949827302,0,2421.46386274088,0,236.95571408053874,0,32.94421618543108,0,811.6312299902495,0,273.63902488016606,0,6.0,6.0
1775,K/E,788.564371051098,55.28150688134115,0,300.608783962047,0,133.97802326318532,0,280.58884174191155,0,315.9353136219223,0,2538.4530516033155,0,378.1206958172286,0,5.153017173550089,0,962.4031720412311,0,353.2634491424647,0,0.0,0.0
1776,K/E,5278.513217608654,22.057026069191952,0,434.21046403933457,0,227.2171941610656,0,293.1891791364179,0,372.9803657407554,0,2766.129227482306,0,453.0948840813408,0,104.44890701068262,0,1064.2982384768227,0,590.8642407115143,0,0.0,0.0
1777,K/E,1771.1973132008754,60.19345552461683,0,417.9934074170736,0,273.8708425261658,0,429.33366658632815,0,329.35198033846086,0,2847.8117086450316,0,470.87216619100013,0,121.87521259635069,0,1195.5837243482456,0,624.0357033918405,0,0.0,0.0
1778,K/E,4615.828423164711,3.4020897769447593,0,503.00541024412314,0,98.9422662701849,0,98.9422662701849,0,146.79745269690903,0,2354.6723357544997,0,83.10093594479717,0,8.850678905002455,0,664.1480748294371,0,288.3725831258408,0,0.0,0.0
1779,K/E,933.0782519802133,9.001857018012682,0,437.6867860142966,0,201.19161110106154,0,201.19161110106154,0,211.06518174357956,0,2365.781902987688,0,153.55910598507916,0,12.080542716352058,0,743.3578120474054,0,271.5909647430628,0,0.0,0.0
1780,K/E,20399.496181188722,0.0,4,155.4140178790366,0,218.54767144634025,0,412.20567726564104,0,144.62693641098087,0,2695.8542066984205,0,572.3703842691438,0,38.58739540233342,0,1150.9012031358488,0,507.46366073196833,0,25.0,17.0
1781,K/E,5980.34644899881,0.0,3,51.942850340023455,0,155.64752359737577,0,515.174680524139,0,143.3080123956884,0,2581.9511272405434,0,586.7088794623684,0,7.208324189710875,0,1176.8942261273473,0,420.5870949591548,0,38.0,20.0
1782,K/E,2650.5405818962213,127.88543740699727,0,421.8161853848529,0,379.9413825130036,0,1008.0346707809459,0,222.56754610199545,0,3009.0438009307486,0,966.6243164852226,0,21.219473975179238,0,1718.804760854891,0,880.732579731332,0,0.0,0.0
1783,K/E,1663.8455082428654,0.0,3,293.70120874104225,0,214.8785358997479,0,330.7560242291417,0,387.10542305798475,0,2645.337284700775,0,475.4726097784936,0,10.13427868392289,0,1053.3689881626265,0,455.07449039078597,0,20.0,10.0
1784,K/E,518.1529413352281,0.0,1,483.94535556887394,0,137.3639556792091,0,137.3639556792091,0,220.31917758762486,0,2415.8641752322073,0,166.35858395470584,0,37.126542809465164,0,744.9269581081886,0,335.17768561792366,0,1.0,1.0
1785,K/E,1151.8984894740788,68.54303423366652,0,401.85648150566755,0,175.67670206791863,0,289.9172890604872,0,95.83651176066913,0,2286.428391076089,0,183.99315272188613,0,76.11038853740679,0,765.3777180936986,0,158.22550365951065,0,0.0,0.0
1786,K/E,11042.068785159772,0.0,3,199.18699608287912,0,0.0,2,269.39765267267524,0,73.0610611729137,0,2294.2766760411814,0,251.8391353536816,0,78.57291527130002,0,827.028287231813,0,124.99136426594603,0,13.0,8.0
1787,K/E,328.3208319887034,418.77864453488917,0,770.0260981495137,0,520.522748404555,0,560.2660819431705,0,171.5973328962974,0,257.1994424887695,0,662.8944318665348,0,200.145169689793,0,693.3357357859675,0,710.415493726829,0,0.0,0.0
1788,K/E,4790.483950140148,71.82152957273344,0,536.4859614314155,0,99.37245733045305,0,336.0977176851268,0,274.1042204278962,0,672.7372761299816,0,456.86201029464553,0,88.02500901701669,0,851.9062078784958,0,947.7343097494467,0,0.0,0.0
1789,K/E,1329.758300470082,41.269193741543354,0,490.1547205878284,0,52.00432328584567,0,292.6228322676935,0,267.4003898433788,0,723.9988556858326,0,443.7220732635587,0,130.01811339603864,0,823.076721590851,0,923.4916917287314,0,0.0,0.0
1790,K/E,1680.7779342970052,0.0,1,498.4163352201924,0,64.83391446926446,0,331.24547828092904,0,243.9496740698116,0,812.6031438515028,0,346.4592467901298,0,113.42405957369442,0,904.0317807899828,0,1013.6384930584754,0,4.0,0.0
1791,K/E,218.82075405418476,42.09407267629224,0,510.95413352383974,0,224.48870284783877,0,224.48870284783877,0,208.6450435676683,0,2316.809535744301,0,106.56643400986,0,49.731778572649944,0,694.2334737274264,0,273.3583543254754,0,0.0,0.0
1792,K/E,491.38810935972515,36.706428476766845,0,538.2039939731956,0,255.31592194447325,0,361.62959410184385,0,145.54111865124028,0,1544.5623562814355,0,792.1260327608414,0,98.03413047677945,0,1100.1189100727668,0,617.3207199409694,0,0.0,0.0
1793,K/E,13300.11341485263,241.0684142694104,0,552.3603132439247,0,539.3968146870375,0,539.3968146870375,0,105.5560910362925,0,24.71667613932426,0,435.40409176661086,0,29.682277906067164,0,719.1365452680661,0,684.7844686862086,0,0.0,0.0
1794,K/E,3412.325740676255,11.509613827030549,0,366.4212981505373,0,278.7443283786959,0,500.3124809764799,0,224.4887273101765,0,2858.757928647371,0,538.3600203324169,0,147.62970856636971,0,1259.2072488620197,0,631.5693391859311,0,0.0,0.0
1795,K/E,9268.856210683063,0.0,2,553.7157074039119,0,66.02378218178383,0,600.2502141494047,0,0.0,2,3085.450358858753,0,532.9384457157229,0,102.64315196155377,0,1498.6968009506832,0,432.2409412365162,0,15.0,9.0
1796,K/E,15424.514886348374,0.0,5,113.74363130320513,0,161.02204188015995,0,332.02181305039795,0,285.9927028791987,0,2589.605723627087,0,465.97713164822096,0,46.82070755065943,0,1047.1114955837118,0,405.12876228471987,0,27.0,13.0
1797,K/E,825.908106502923,0.0,2,555.3354948325086,0,237.70373498445932,0,313.8778245454027,0,196.10484311519508,0,1566.2233061307104,0,842.5507310725374,0,69.63563628254673,0,1094.4397515693174,0,575.0864143862581,0,7.0,4.0
1798,K/E,10649.596048290485,0.0,2,484.075934334251,0,821.0736373870936,0,1276.7503878390205,0,1275.4954359540513,0,2972.880199994761,0,2218.2498151284167,0,473.7539112185884,0,3925.3728552536595,0,1018.9682116500647,0,28.0,12.0
1799,K/E,10236.607789384909,0.0,1,57.03451729813505,0,106.90494132340791,0,106.90494132340791,0,100.48422815444745,0,1019.7433975467155,0,712.2777718703178,0,7.488737749724051,0,804.2490642607402,0,373.2546244708568,0,2.0,1.0
1800,K/E,9485.073564316084,0.0,8,155.19761234634112,0,67.46169719453987,0,67.46169719453987,0,40.335910823474094,0,1139.0620532964624,0,592.405532430633,0,6.922382599274571,0,835.6210162242434,0,327.2892701886444,0,24.0,11.0
1801,K/E,10628.859756320016,0.0,2,134.90341199850766,0,133.8979541328437,0,133.8979541328437,0,117.77958461071303,0,1026.6057928787527,0,665.2909286715233,0,22.483210430391733,0,731.5371605757485,0,402.036608024661,0,18.0,9.0
1802,K/E,3404.613238261241,5.462949313709881,0,145.38391295283253,0,263.1060553636506,0,263.1060553636506,0,239.65932969732074,0,981.3796779614728,0,750.8462685360329,0,47.53200485986724,0,689.628091500782,0,527.9456241773443,0,0.0,0.0
1803,K/E,2471.4283084245494,19.172675653887588,0,405.30176147764286,0,323.18440215516375,0,328.9682583415248,0,326.456791751518,0,1133.2302913064268,0,668.6737396018038,0,67.22581945243911,0,632.594149655428,0,567.0119702346058,0,0.0,0.0
1804,K/E,6160.900379705754,0.0,1,253.57559993961468,0,249.76987800217654,0,249.76987800217654,0,209.44576815212886,0,1067.8477630119232,0,674.7288323836132,0,149.5937324390174,0,637.5148694409221,0,487.30043014949536,0,4.0,2.0
1805,K/E,12604.598399822124,0.07521444893140498,0,218.09985162733332,0,78.247244197785,0,292.39214597738817,0,199.11143521819727,0,845.3281852503901,0,664.6138016815969,0,9.445271104654722,0,476.5536010766347,0,542.5428621004879,0,0.0,0.0
1806,K/E,770.1375497650236,283.34247611730484,0,54.99747155406855,0,385.33064426370566,0,385.33064426370566,0,123.92108029916908,0,861.3223254327331,0,997.6585787555109,0,72.3961511925959,0,841.2540350445184,0,645.5926361518821,0,0.0,0.0
1807,K/E,6704.660417140104,0.0,1,491.1040182509178,0,904.4959685703196,0,1301.9547510997506,0,1308.235007889189,0,2980.5793426041623,0,2247.615449555045,0,435.5134797984252,0,3892.00642701741,0,1020.7966236320551,0,6.0,3.0
1808,K/E,2527.1814273349,295.60655375782414,0,143.65982715820877,0,467.18646894921784,0,473.92536106827527,0,178.63309788159705,0,769.1447417285127,0,1087.8446522509141,0,90.71949779848457,0,840.7937192533454,0,722.6682121024447,0,0.0,0.0
1809,K/E,660.7057335972876,235.1412799220278,0,41.43813686745242,0,377.96298500870626,0,377.96298500870626,0,162.6954971665612,0,857.5797184827381,0,980.1804786358528,0,53.39705926333953,0,787.686433964449,0,646.568195007272,0,0.0,0.0
1810,K/E,9933.107873624618,206.41105584268294,0,81.0894149978981,0,223.15549733932366,0,414.2364588567282,0,180.75944873445815,0,699.3883165912273,0,818.7333575489041,0,92.68998897617973,0,582.9581385173323,0,685.4154507219998,0,0.0,0.0
1811,K/E,28727.09293874168,0.0,12,281.81379635476486,0,30.472467482733613,0,297.56443590502613,0,153.71553468483611,0,1989.461908584767,0,65.89342857203013,0,11.058962922246236,0,481.05255465685457,0,177.5623459576918,0,57.0,43.0
1812,K/E,3785.9206040748486,47.04821770636229,0,334.9083844934173,0,134.0572307923274,0,428.28879097589817,0,14.487088418716027,0,2150.615603528526,0,278.7024810476483,0,74.20564939706023,0,779.2195987021713,0,35.7624925851313,0,0.0,0.0
1813,K/E,1589.494321483488,36.59688242462684,0,213.58545743103159,0,175.9840949938121,0,647.5976313644325,0,136.4540426303582,0,3162.3433125907245,0,1263.5537898281225,0,23.31754477958963,0,2311.937011742561,0,1004.201918953486,0,0.0,0.0
1814,K/E,21689.393531692393,0.0,6,126.64855211366091,0,215.4936893048593,0,642.0486929407979,0,214.90539777063023,0,3135.1921312464756,0,1342.888823380156,0,9.634068001422621,0,2330.8052157700968,0,1101.2638170588623,0,41.0,19.0
1815,K/E,12658.102556283151,4.836311043818794,0,763.4114894760718,0,730.6046163651467,0,730.6046163651467,0,611.4891680744224,0,2999.788590691339,0,1760.5129997761674,0,246.4936462365712,0,2921.0943231813603,0,997.5504647845946,0,0.0,0.0
1816,K/E,5455.917770928219,0.0,4,96.04300439726497,0,36.4520179492573,0,445.0146597600032,0,241.33066952227554,0,2410.6737662212145,0,445.89916196394194,0,24.620909960437142,0,1030.7103356046152,0,236.1528080760143,0,20.0,10.0
1817,K/E,19251.56459867132,0.0,9,179.79075187629635,0,13.00037746423276,0,389.4034555097617,0,87.63723071640571,0,2239.9426161326282,0,315.22728580387553,0,22.903477639005636,0,886.8245992871914,0,76.38897982397934,0,55.0,30.0
1818,K/E,7726.5827984596,0.0,4,232.93122705922218,0,170.8381401945603,0,563.283353242576,0,151.2312986973616,0,2181.0950094646932,0,450.6221148011053,0,30.084425623066256,0,969.0018818497657,0,92.11553126246206,0,44.0,24.0
1819,K/E,6753.3827290819845,0.0,1,486.9453109422593,0,106.72364263577929,0,486.7860450217189,0,13.594227617688588,0,649.0903252111074,0,486.64359880071834,0,7.116031907371283,0,217.24969391253495,0,929.5438248555324,0,3.0,1.0
1820,K/E,1583.5118784592416,0.0,1,423.71680788958525,0,178.18777554530433,0,259.86640864261983,0,239.3209958123859,0,916.1339042033267,0,352.8101288076043,0,92.80825447251574,0,255.63010640353951,0,955.6042546823834,0,3.0,2.0
1821,K/E,7926.352602066616,201.57129191908317,0,226.14854650695705,0,333.4522011417966,0,525.2528283268365,0,211.13939100276784,0,678.2560708376636,0,1083.471577714703,0,142.32907312232655,0,820.80705198572,0,812.0276439187285,0,0.0,0.0
1822,K/E,542.9512108195047,79.3518092648858,0,458.707399039406,0,330.4408096757491,0,330.4408096757491,0,335.7095368930602,0,1503.6105743265555,0,362.1815551913605,0,153.14208043802614,0,757.8470512147861,0,456.1170891338152,0,0.0,0.0
1823,K/E,16164.86354848639,0.0,4,323.2048890832062,0,0.0,1,9.237274052640412,0,3.911326077616803,0,1610.2107506236546,0,501.9453765748935,0,101.40731420547235,0,890.7901214117202,0,223.2803105406645,0,55.0,24.0
1824,K/E,1721.7360723014954,106.11506104802584,0,234.68862075308155,0,74.17195042730413,0,93.98353206639172,0,133.9227777929517,0,1894.8852452934086,0,810.8519084198932,0,74.25829605765465,0,875.1904905981554,0,181.26402771849405,0,0.0,0.0
1825,K/E,1176.6346706941674,76.38472920235714,0,511.0337266533261,0,234.34014596216034,0,234.34014596216034,0,185.4475465209509,0,2253.552873103219,0,3.0691612354651747,0,51.83846481811145,0,591.3536657724859,0,300.79295262918646,0,0.0,0.0
1826,K/E,439.6866737453763,43.92773243096712,0,528.7321558257796,0,212.55273732637912,0,212.55273732637912,0,221.17441843919326,0,2313.0534524115656,0,84.02185728822128,0,26.328458189069796,0,674.2081629130006,0,285.69150151960713,0,0.0,0.0
1827,K/E,225.00254011969974,69.14703607987524,0,524.3028225520524,0,250.44892170880829,0,250.44892170880829,0,199.56839040763737,0,2293.5639401110125,0,95.47930476547707,0,53.96525645210752,0,680.0979795595237,0,263.77943256579414,0,0.0,0.0
1828,K/E,3457.6824135931224,52.71053384786121,0,335.3835529740733,0,153.86323571124652,0,469.31525028737053,0,42.7093495039017,0,2196.7691502428465,0,341.85939318036554,0,4.536983671187154,0,872.7064278538563,0,12.191763327024253,0,0.0,0.0
1829,K/E,5603.568527124053,105.75578474524518,0,323.5343909988127,0,297.84537677789484,0,625.7827179783524,0,223.4389398019422,0,578.2119067454662,0,1060.0931201414317,0,244.44521071607633,0,778.2232882831654,0,880.644871122719,0,0.0,0.0
1830,K/E,1643.4826466728339,110.79830166912537,0,328.7950638160494,0,258.95079351132375,0,619.852086945901,0,202.40556055737366,0,566.0145558085346,0,952.5179798971322,0,340.0455777817323,0,672.6745482635719,0,873.7510760175389,0,0.0,0.0
1831,K/E,2562.5001866175526,204.27731099399492,0,479.38511043163135,0,189.2919325332479,0,462.28494460419216,0,319.9415339383052,0,593.904685235203,0,950.0764313614756,0,6.129172472682608,0,133.26958111554634,0,195.19849238315012,0,0.0,0.0
1832,K/E,1024.1896359620418,134.9215567084857,0,620.7628950734126,0,365.6371896494757,0,628.4042622071831,0,76.43390360741445,0,265.6908507237283,0,612.8141484333838,0,334.94818853205385,0,446.9228026147521,0,406.9792975774038,0,0.0,0.0
1833,K/E,2560.2714530976323,459.64993223929133,0,396.00565795786787,0,222.1633614121957,0,375.71386796378704,0,66.90632667821382,0,909.3468744133473,0,1228.5785959945201,0,63.62752427905106,0,803.0407143484257,0,804.3912053392331,0,0.0,0.0
1834,K/E,493.4715768367927,411.87173288832236,0,239.5572347025279,0,380.78645102365414,0,387.8983489135043,0,83.98240177901582,0,912.3631026114215,0,1106.5947354984992,0,17.5051390959043,0,974.333744284219,0,705.3812582108327,0,0.0,0.0
1835,K/E,6202.283739279232,166.38606423432557,0,237.2553789922824,0,295.69277745851895,0,552.2106640676624,0,244.74817479260088,0,607.3256414064793,0,894.3490017790946,0,214.55584292804113,0,637.2060831880759,0,825.6004524020833,0,0.0,0.0
1836,K/E,15069.200625692638,0.0,7,377.6331766967402,0,95.08383052369099,0,542.4091109960647,0,109.9352726630027,0,2024.3409200273768,0,358.8299511299276,0,14.127892471987783,0,805.4292641724173,0,52.10411151281951,0,43.0,29.0
1837,K/E,902.2295881149495,3.3969995512608264,0,463.38806994456013,0,194.08387404926793,0,318.24962052328976,0,220.2304493101423,0,872.9552912213461,0,372.0535768255705,0,53.63641122745342,0,213.49806127653002,0,1009.8113728252345,0,0.0,0.0
1838,K/E,937.294236703354,131.0396240043442,0,1125.8113800645,0,432.21787925173396,0,968.3976640599276,0,376.33704151373763,0,1083.4501164922121,0,234.66229168036062,0,116.33152507494516,0,2513.292471839556,0,704.5279202646689,0,0.0,0.0
1839,K/E,6633.37520741612,29.602114936043822,0,1123.4451939708388,0,405.6466509650508,0,818.1121980790732,0,248.12517259035786,0,932.6127675021171,0,246.7021027125149,0,169.9170700589555,0,2511.905966624837,0,557.0156829680833,0,0.0,0.0
1840,K/E,1783.8518701900075,16.80462612737558,0,424.7205134134806,0,416.7938299970461,0,416.7938299970461,0,174.7563163415965,0,400.28947034177486,0,1046.7762085364839,0,246.02293261890296,0,3533.0736031312085,0,774.7538496233116,0,0.0,0.0
1841,K/E,7137.859745493172,0.0,1,1086.0103814030863,0,164.51111392918057,0,903.5846886288333,0,354.64745067306484,0,1595.0330347264758,0,539.2832118360312,0,4.5864209497588275,0,2096.2385148700027,0,238.22223181567895,0,5.0,3.0
1842,K/E,20044.64807548168,0.0,3,1120.2841055853412,0,49.287288657876864,0,938.0339959221451,0,253.57264538018606,0,1576.5113172757663,0,434.55481150236307,0,92.31768408788174,0,2155.5014044048535,0,110.90353860213854,0,10.0,10.0
1843,K/E,1391.6177259185733,97.85412792706529,0,661.8095356800579,0,231.21998690072851,0,474.6550559045211,0,79.14892244140053,0,1355.0571280974489,0,709.7941115762793,0,151.13661405768732,0,2283.7983998251207,0,744.9069952131531,0,0.0,0.0
1844,K/E,491.3999687234309,18.81289793840949,0,614.376859243633,0,272.9940943206831,0,430.40729528271396,0,7.460129248991079,0,1344.4348231311274,0,656.9111920176747,0,145.20396850621609,0,2241.25324451532,0,833.6216762022619,0,0.0,0.0
1845,K/E,784.5626361921263,85.32935256274551,0,548.112645810823,0,0.0,1,423.53229112664957,0,95.92656477379735,0,1227.150129204896,0,365.9384516867282,0,146.10744479963233,0,2128.6779032603686,0,859.3088405049815,0,0.0,0.0
1846,K/E,439.7823347858103,13.597944309450122,0,951.68818469949,0,463.053528276991,0,772.2505918401885,0,327.1696493058248,0,1044.1366918462545,0,594.5907934673511,0,23.491581306109108,0,2578.5930162906793,0,755.850770124001,0,0.0,0.0
1847,K/E,6454.104100187858,1.3346993734566894,0,929.5195401679854,0,347.8283432764707,0,764.4465280761893,0,143.88128455683724,0,919.415436034473,0,382.5253450419557,0,67.0169988882643,0,2531.8763837844103,0,803.8746624849452,0,0.0,0.0
1848,K/E,1754.8971387994497,7.416759573974305,0,649.2322870520438,0,36.880953540531436,0,528.0110648574995,0,163.9936332034232,0,1152.156943867401,0,292.38832636083345,0,131.27033517399803,0,2213.45397950972,0,907.289557670349,0,0.0,0.0
1849,K/E,662.7437385400673,26.96409721792781,0,1015.6906641181164,0,145.24154061335457,0,692.2045982189438,0,230.99179036630915,0,760.7933792691048,0,99.69232572726041,0,79.54048462470331,0,2515.246766629441,0,592.7067881343021,0,0.0,0.0
1850,K/E,679.2715015745499,39.23369939301387,0,990.3690432602767,0,128.08288477792325,0,668.9486122991771,0,78.28653830331675,0,733.4455392257248,0,251.22885622065291,0,168.20872273069116,0,2629.9496471708885,0,631.5487003392983,0,0.0,0.0
1851,K/E,4263.41238268075,0.0,1,877.0034882294624,0,5.201955064126185,0,553.3948949392633,0,133.99954842358926,0,621.1348666448808,0,284.37865911875264,0,37.455972282229006,0,2677.478745172194,0,487.34727733941116,0,8.0,4.0
1852,K/E,1193.3527390487523,146.76913474824454,0,176.32105096321163,0,120.1215233852485,0,120.1215233852485,0,272.77592660724645,0,98.39931491264947,0,1000.3270175237127,0,17.762181824804067,0,3410.364524221613,0,350.94829090320604,0,0.0,0.0
1853,K/E,309.6926624352091,103.37745029477873,0,228.0230816138155,0,119.43144954967688,0,119.43144954967688,0,244.75149351739503,0,168.49341958483654,0,988.6456815377775,0,77.57108694438715,0,3392.0735106030697,0,313.68913773839336,0,0.0,0.0
1854,K/E,313.82142462188557,67.98165638953174,0,254.0626007116761,0,132.02767488419178,0,132.02767488419178,0,215.78780722225596,0,196.83049194782623,0,981.6448427215907,0,68.60313792847437,0,3380.2300357482623,0,289.9938645239012,0,0.0,0.0
1855,K/E,460.4075412707205,26.168617486397896,0,286.9860491650984,0,180.69602082087923,0,180.69602082087923,0,198.25604112408624,0,259.20245031434393,0,996.5987319196638,0,37.49315027576691,0,3384.346041489813,0,281.33691592233936,0,0.0,0.0
1856,K/E,7261.176420870337,190.95286401931347,0,143.29517884173018,0,0.0,1,343.2535534475742,0,172.2990305971501,0,398.6356279972272,0,1332.5403413123531,0,170.92721200775833,0,3677.4675750805222,0,274.6276871996535,0,0.0,0.0
1857,K/E,1461.7325370900828,19.9853229575323,0,284.7436725707223,0,197.27476899352186,0,197.27476899352186,0,185.55484218653422,0,277.8912129992169,0,996.5820500432816,0,26.909940196557077,0,3376.580658258281,0,271.32370778443624,0,0.0,0.0
1858,K/E,123.87610563353957,41.109079405930935,0,384.1173098574391,0,209.75347058605453,0,209.75347058605453,0,130.0160112496006,0,311.97444660159834,0,950.6471954644788,0,134.02776067021168,0,3323.2913361306732,0,217.91850036427317,0,0.0,0.0
1859,K/E,1147.910083118418,72.4395281017708,0,403.69729559067804,0,169.0134898656542,0,177.77514355377156,0,37.89618316321646,0,293.0443962377607,0,852.2535019457054,0,172.17167410894328,0,3224.9804768268464,0,119.50647716370892,0,0.0,0.0
1860,K/E,7998.132660746857,63.92859281604277,0,406.2292451924561,0,210.66940265010842,0,210.66940265010842,0,80.89652186759503,0,321.1628346674088,0,908.8183597409333,0,149.6377819971319,0,3263.0891847339703,0,169.9515859488035,0,0.0,0.0
1861,K/E,1546.3596960646537,112.21050141062001,0,513.4233068806504,0,187.1445695291061,0,438.8078534911624,0,267.391230506424,0,531.9341379002849,0,1093.182807280372,0,27.023201386223384,0,3401.3248959259386,0,267.7536114861779,0,0.0,0.0
1862,K/E,24702.364692909414,42.66538437793683,0,496.4018808833747,0,232.41764405494365,0,293.6374845767857,0,49.01571777505366,0,407.96024499192856,0,857.1516231004945,0,165.34550197293683,0,3179.551603836127,0,128.62556789264707,0,0.0,0.0
1863,K/E,2384.5299816043907,184.54421291683997,0,724.7804662789503,0,366.4904815740765,0,531.209878900986,0,65.88176160888754,0,648.1688909937861,0,892.2501416127704,0,284.2515516209843,0,3156.946718592701,0,319.22785543236483,0,0.0,0.0
1864,K/E,4145.5968530176115,212.47857539321564,0,624.2266202832876,0,333.43284087111147,0,486.39430628099063,0,156.68760862220964,0,593.0290463623182,0,999.5361423324937,0,157.10824413375656,0,3267.929266499472,0,344.33300179927267,0,0.0,0.0
1865,K/E,943.4855924269301,252.414033659836,0,615.865607758435,0,295.76418379299605,0,493.0547584971189,0,210.5318443733802,0,594.2222754574802,0,1077.0491502318166,0,125.93525616080478,0,3345.483141433373,0,366.1317677274436,0,0.0,0.0
1866,K/E,1823.0021125833607,112.74590901615957,0,659.0780441910846,0,161.72875411783664,0,616.7951362740348,0,389.85747822807133,0,700.2777205480695,0,1242.6157060216717,0,1.932892609357739,0,3512.1118620787006,0,214.0229022840244,0,0.0,0.0
1867,K/E,3854.422304993523,297.3857216243603,0,694.7467505680146,0,25.697266582297374,0,618.7214505998705,0,183.83472795969652,0,1008.3860328810936,0,1559.1550413902012,0,2.6211902113056165,0,3838.342139537063,0,251.15133216273844,0,0.0,0.0
1868,K/E,11024.320059434647,443.54436781977245,0,958.5685791316923,0,87.00884207730851,0,409.8698625749852,0,194.93837217318676,0,1065.4177536490417,0,1096.7969546369038,0,0.0,1,3363.1271605647353,0,495.133307186358,0,0.0,0.0
1869,K/E,2954.3366594278264,412.28884227970946,0,776.5116248292591,0,58.38128441638784,0,425.0004469004375,0,152.66215689533638,0,1100.7338768340073,0,1402.0541117505725,0,184.98057543564198,0,3676.3308211460385,0,431.0777813901943,0,0.0,0.0
1870,K/E,844.4655921153667,9.714875715213887,0,997.5576119755906,0,447.563161425284,0,744.1804316735561,0,372.9767148880536,0,778.5253313603613,0,590.9731955614538,0,213.58625700333656,0,2907.958513337971,0,827.9786726887666,0,0.0,0.0
1871,K/E,670.9857288055397,121.01254416758623,0,184.26822535741238,0,95.40977501690804,0,95.40977501690804,0,305.32898261715405,0,72.17837953013442,0,980.8704476439633,0,32.12092290862224,0,3395.3772737838867,0,358.2039387161084,0,0.0,0.0
1872,K/E,11106.711267106048,646.4937674898754,0,651.0314479349971,0,30.739712012990655,0,30.739712012990655,0,62.78168615223832,0,1348.9154595895927,0,1442.5378487941118,0,123.31087598170076,0,3679.0542643790423,0,543.1801543970406,0,0.0,0.0
1873,K/E,6697.240276314352,646.0957862604109,0,656.6315634411287,0,188.56156863477452,0,188.56156863477452,0,326.4239735169628,0,1170.7279376641652,0,1035.7909385042656,0,6.407679455042997,0,3283.0442535979537,0,481.8717477106401,0,0.0,0.0
1874,K/E,39438.55933798093,98.6506979322069,0,921.058654259807,0,57.39752032376832,0,665.5162853562659,0,79.27654037441593,0,787.1311124973572,0,547.3458088677694,0,171.07789019634245,0,2826.187233711759,0,399.612376824622,0,0.0,0.0
1875,K/E,1922.104647478156,53.79245081286196,0,859.6540152575275,0,276.4996048807603,0,562.6747021797654,0,28.575623933953697,0,679.9322572759189,0,609.302103016424,0,472.2847135480866,0,2838.1812087237204,0,295.1597985688444,0,0.0,0.0
1876,K/E,778.3253909960777,35.69752091908704,0,712.7986592416112,0,221.11378093301585,0,425.00633186963415,0,140.382400144298,0,545.0918611834671,0,685.5483834503272,0,458.2377455984644,0,2989.133371129383,0,155.1734633183545,0,0.0,0.0
1877,K/E,3722.4769459143395,98.61249393373551,0,715.9151786763313,0,13.896599705274854,0,385.0377570753961,0,263.0986503783322,0,481.0880698911135,0,464.2271648814101,0,176.20258407863278,0,2848.716612230886,0,212.4180111976985,0,0.0,0.0
1878,K/E,1977.949658498708,57.108578765422685,0,351.95682965793986,0,350.24745269588357,0,440.9697690482422,0,75.88597146143691,0,494.2310967906755,0,1307.3268342647227,0,76.02133957345322,0,3434.6490542640904,0,612.8054972025529,0,0.0,0.0
1879,K/E,2155.4773052134865,0.0,3,557.2864931316695,0,50.93876371935618,0,50.93876371935618,0,336.9135174990211,0,782.4139383937747,0,1683.9891903246935,0,88.46728082944145,0,3319.881205192167,0,409.4372956022011,0,30.0,18.0
1880,K/E,1899.4545520489744,117.82406078746268,0,303.5012504198775,0,0.0,2,0.0,2,192.6647984556077,0,100.91323506159301,0,865.8610333545565,0,142.4574320413788,0,3279.211915401701,0,236.8042795650085,0,0.0,0.0
1881,K/E,3910.4009314553405,8.645534238762645,0,510.4502658924583,0,60.96155298966564,0,60.96155298966564,0,285.1023919214892,0,741.8529365460876,0,1665.7658978616014,0,45.012349479223595,0,3349.9815552786204,0,361.35556260200167,0,0.0,0.0
1882,K/E,1061.2353890960248,35.77615628765247,0,1110.652309354416,0,519.3752725245183,0,846.2149084786622,0,332.3760549701524,0,884.916785943253,0,629.8962288306269,0,227.83848239801645,0,2769.0252125963443,0,784.7790034708339,0,0.0,0.0
1883,K/E,45696.6807466737,0.0,3,715.4641462153038,0,7.488362371403993,0,411.47782351285593,0,57.55145936968332,0,527.8124327765653,0,388.69893893796404,0,165.80800507604738,0,2775.726864747702,0,148.94190987225434,0,29.0,14.0
1884,K/E,512.01300803432,39.26112751826542,0,447.14183725173456,0,102.10974128670831,0,123.6235581767171,0,303.1127858539105,0,193.10524206413152,0,718.8708725663736,0,49.78609860517823,0,3138.0725052151383,0,278.6029626711819,0,0.0,0.0
1885,K/E,18664.123142380908,0.0,5,277.6418968327802,0,0.8806989933591877,0,19.393331288524987,0,190.45612947803363,0,27.182664753622387,0,761.3086052004122,0,32.22596508763799,0,3180.8681778900354,0,197.1258351407449,0,38.0,34.0
1886,K/E,2407.3954278129486,13.003811028139726,0,522.0193809527648,0,411.73626391847654,0,411.73626391847654,0,234.00382938040465,0,412.19348982923793,0,918.1367651335394,0,130.0552615516081,0,3359.583218403198,0,746.4861053031052,0,0.0,0.0
1887,K/E,1317.2480282230847,0.0,1,605.9742720104886,0,410.61999380870975,0,410.61999380870975,0,318.90738209585464,0,428.9511341035202,0,864.6774511519043,0,7.605817632730168,0,3236.7117954977016,0,693.9052089139359,0,7.0,3.0
1888,K/E,8717.069835836892,0.0,2,1011.2464582630116,0,427.0734355971068,0,756.6620414121833,0,337.96034140640023,0,791.403900944084,0,568.0831559443947,0,190.40167005018273,0,2830.6240875851777,0,787.779168902182,0,26.0,17.0
1889,K/E,5428.040404036862,0.0,3,731.9037847119229,0,544.9161730928466,0,553.29683674728,0,139.4654203757216,0,570.6868097186258,0,710.7202541687703,0,77.00207678482515,0,3234.6143336256355,0,827.6202883807509,0,23.0,15.0
1890,K/E,11161.55587987416,0.0,1,890.7497751690184,0,267.9457006576074,0,599.4796203701619,0,172.24613257248353,0,647.6033098776667,0,487.9154895871845,0,286.18651939055496,0,2764.069041493244,0,697.1393007548675,0,2.0,1.0
1891,K/E,5244.1818530646215,0.0,2,932.612832854938,0,135.58064743841695,0,624.4856384170632,0,57.14318869121012,0,680.6037246167001,0,312.67157435828153,0,169.3496174672664,0,2660.7186981714667,0,632.7249719871409,0,12.0,0.0
1892,K/E,11508.420156838203,0.0,1,987.7877635415024,0,188.49572768636742,0,675.4612623857734,0,15.708705788952177,0,734.8235123201613,0,322.806374348404,0,174.51458436937153,0,2637.91979560587,0,685.2561252489307,0,6.0,6.0
1893,K/E,19558.56373206793,0.0,2,959.4876712545283,0,260.6935309599535,0,657.900413927976,0,106.00970536072973,0,710.8889580687162,0,433.976485822547,0,167.04220655575233,0,2629.588660270468,0,720.6326888047493,0,28.0,14.0
1894,K/E,11217.330699241003,0.0,2,990.3641507191228,0,417.4695615100748,0,815.8436032856063,0,181.7207612960123,0,880.0310142174407,0,478.09549515973316,0,101.8482818542657,0,2613.78194004971,0,771.3483228944411,0,38.0,26.0
1895,K/E,993.1654890901175,66.93659371767447,0,1419.4499507488304,0,191.61209813340926,0,1234.8878757357909,0,145.50951748609728,0,1567.45833528168,0,255.79883158321766,0,270.490417436819,0,2476.3779110287296,0,92.20715859828789,0,0.0,0.0
1896,K/E,7754.813941702041,2.27794980281029,0,276.9078008031403,0,268.29476673873194,0,268.29476673873194,0,198.31364228063146,0,245.43797494369556,0,1034.2352838375484,0,112.62865987608144,0,3438.6824634767872,0,625.0154122960038,0,0.0,0.0
1897,K/E,9088.156283783097,5.094007214886493,0,1014.8158053184785,0,490.17066520860874,0,927.6722441808175,0,253.90199253470874,0,1038.1173835987781,0,120.77319443410126,0,17.986636677769617,0,2383.5148214866367,0,677.7440873602064,0,0.0,0.0
1898,K/E,1007.6089104194733,8.366646982860711,0,1371.5663105750275,0,165.68104097271697,0,1200.5508484831344,0,503.35587630800006,0,1907.3513658545726,0,451.6304188533983,0,71.43628618146224,0,2116.0220964663536,0,275.4701481922736,0,0.0,0.0
1899,K/E,2950.178493751862,301.31009717355965,0,837.6043778531326,0,242.22110615910685,0,845.9768786034805,0,606.7917689288677,0,1445.4911688686977,0,249.34572232234552,0,206.7713938936227,0,2278.653094649158,0,478.3028406319978,0,0.0,0.0
1900,K/E,691.6545436184547,8.300490403710029,0,680.7932019578407,0,502.32243252258337,0,502.32243252258337,0,301.02332544752335,0,518.3204953160828,0,806.2728285026221,0,52.350552327637445,0,3232.242891158385,0,780.3017397477832,0,0.0,0.0
1901,K/E,916.6643185725628,81.45875712195244,0,659.4333468754646,0,176.82152540290457,0,775.6274390830563,0,183.70519808065407,0,813.7037302197954,0,1547.7168927117398,0,210.07734580621207,0,3853.0832471198805,0,102.8810169094066,0,0.0,0.0
1902,K/E,2285.579013436269,0.0,1,679.0836073706083,0,573.3150072580809,0,573.3150072580809,0,98.56070078830369,0,575.7211745750697,0,778.5700803788867,0,153.82723974117354,0,3395.756588610776,0,897.3512365908348,0,11.0,6.0
1903,K/E,1426.5939234919056,383.5096033855974,0,452.3893326546279,0,285.9246291811171,0,607.6054528856165,0,78.20292332493601,0,1257.1453611998922,0,1438.188295446902,0,4.1786864029038195,0,4093.4423256296213,0,495.5414457447733,0,0.0,0.0
1904,K/E,13788.427231103085,166.80733374475062,0,112.83586326489706,0,163.17289117242993,0,389.2786585044375,0,118.16050039247644,0,1364.61612749181,0,1212.864098730009,0,33.619154554487515,0,4144.154712754259,0,601.9219194951492,0,0.0,0.0
1905,K/E,2816.2159052030293,0.0,1,564.4281476534074,0,615.0847777824453,0,640.4990847029891,0,121.55988040716109,0,623.2178803072271,0,1086.855425030241,0,298.98883802100045,0,3302.7579478933294,0,875.5794275117572,0,16.0,9.0
1906,K/E,1538.1945850807715,26.39117159652598,0,567.465493689214,0,475.2802166417582,0,475.2802166417582,0,179.9873395750317,0,683.2319620650237,0,1286.6827420662923,0,286.07026717593214,0,3237.3661342741425,0,767.185019571967,0,0.0,0.0
1907,K/E,4692.980459895124,0.0,2,526.0540340018878,0,566.1395007693282,0,566.1395007693282,0,83.78805876982194,0,548.8726180438928,0,1043.903984151651,0,264.603227070074,0,3379.5120552718195,0,851.2966720548594,0,6.0,4.0
1908,K/E,6516.148264668905,4.847323070062498,0,867.0059886208229,0,422.1334419357358,0,663.5954984239495,0,353.3109761768144,0,686.5692587753724,0,584.7570438972939,0,83.2251239293908,0,3062.2854502419864,0,864.3688060830639,0,0.0,0.0
1909,S,836.055255294228,399.0250653817034,0,278.407478443516,0,629.0230545405258,0,629.0230545405258,0,616.7109101880072,0,2180.015784065865,0,1841.008452226894,0,231.67135970751502,0,3833.9625422664644,0,447.8447396220598,0,0.0,0.0
1910,K/E,21883.800271775704,141.08400808942625,0,369.41405859149046,0,160.38687237220992,0,196.97240467284144,0,346.0858676997249,0,819.8949199367122,0,957.2600511324292,0,297.81091142083983,0,2159.086636256301,0,426.02240348663736,0,0.0,0.0
1911,G/S,40675.02091957475,0.0,12,649.2134898512163,0,39.981599374848216,0,39.981599374848216,0,88.45727588032643,0,369.2998759889014,0,829.3471363764489,0,0.3889910877395759,0,1665.3920425720332,0,37.550948157345296,0,115.0,54.0
1912,G/S,16070.495677163803,0.0,2,806.5989064052033,0,268.3117876159135,0,315.19578361778406,0,675.658072587341,0,690.361992366266,0,792.6149684969403,0,84.02877768829921,0,2137.9344593859655,0,480.77080922033724,0,32.0,16.0
1913,G/S,832.548193173665,73.74248611335567,0,897.104018758105,0,353.5121482554791,0,363.05163363062434,0,706.9261835572979,0,753.269244813956,0,906.4963572361917,0,167.55208167399977,0,2189.45861446052,0,518.3272138216754,0,0.0,0.0
1914,G/S,797.4311913109252,34.9885708895534,0,842.4734347512075,0,312.1050965533549,0,394.41429116029474,0,777.8338012110299,0,763.7306831076618,0,830.823908317575,0,138.80245165231244,0,2216.10386427136,0,572.9485900960938,0,0.0,0.0
1915,G/S,1735.326346555879,3.641338137427303,0,929.7612823409509,0,322.8294202049657,0,322.8294202049657,0,598.3379002832564,0,723.5874845399345,0,961.9367923191631,0,187.40752391415583,0,2126.8775669933357,0,430.3701335936963,0,0.0,0.0
1916,G/S,14560.199530747785,0.0,2,1038.5875261267236,0,507.96528677796323,0,547.4617730870715,0,868.6247073826373,0,936.5108788941268,0,995.1659777903285,0,332.02110774051675,0,2373.5592152962886,0,319.53061801613944,0,16.0,7.0
1917,G/S,4191.693011435853,25.476020831058275,0,725.5777308201394,0,187.25132295241178,0,259.4549349342062,0,667.147437846968,0,631.6023364099957,0,734.1457146028308,0,19.8595762585658,0,2080.5545414827557,0,450.2990924022443,0,0.0,0.0
1918,G/S,5212.247563943174,0.0,1,523.6523932150365,0,76.24255574248494,0,76.24255574248494,0,232.6472600732929,0,427.4144459486772,0,1151.1249625984312,0,79.58664321541677,0,1125.2339853718026,0,493.2489456375722,0,4.0,2.0
1919,G/S,4890.095883058783,0.0,1,204.64554179524498,0,360.74409392565855,0,360.74409392565855,0,672.6001824942366,0,360.85018985688237,0,849.8833993047178,0,193.67130578315636,0,899.9127401983231,0,715.8433976368427,0,32.0,16.0
1920,G/S,7900.316797588826,396.4946940023448,0,86.18104922364597,0,211.5353388954379,0,211.5353388954379,0,19.348700410195683,0,491.2175638468713,0,100.06018163248186,0,92.50856315422163,0,1799.496383181966,0,728.1716386351842,0,0.0,0.0
1921,G/S,3717.183802875233,911.5051008719803,0,470.0743699453223,0,327.8332495845326,0,327.8332495845326,0,653.2270945374602,0,2421.1207779765195,0,154.37182292690233,0,113.04227676729704,0,1037.7203385254763,0,633.4760335872547,0,0.0,0.0
1922,G/S,1607.4504786822745,126.87244405317907,0,409.050425402322,0,352.3520177878847,0,455.5175336632022,0,435.6994542618736,0,1865.3421613797561,0,1473.2432316240015,0,185.50496065102854,0,129.69687655416962,0,885.2236525670564,0,0.0,0.0
1923,G/S,2336.714777932332,11.973117509675511,0,287.8001405393358,0,62.49519274893657,0,62.49519274893657,0,134.6244089681911,0,1188.1252431698508,0,759.8253480764785,0,253.6966439075184,0,1092.9070634981501,0,1008.0354910707075,0,0.0,0.0
1924,G/S,2754.093499594298,0.0,1,191.30002927994516,0,30.616294191353298,0,72.121814339908,0,219.32667390123348,0,1299.9805342926068,0,815.9951695800813,0,179.70344810898553,0,1008.2012199119309,0,819.1957898272346,0,4.0,2.0
1925,G/S,9862.020977684835,1114.2797834942019,0,751.7326410867552,0,204.6354347894553,0,204.6354347894553,0,745.5439911502732,0,2577.1006717483033,0,538.026752862969,0,171.18159309880474,0,1546.2164065549186,0,629.3682279731009,0,0.0,0.0
1926,G/S,37007.30264769899,0.0,3,359.2637844016823,0,78.82390570189027,0,78.82390570189027,0,127.67359160156849,0,1223.443117217256,0,183.06550421051273,0,30.788139597945978,0,181.99373742442486,0,329.7865996990773,0,41.0,24.0
1927,G/S,330.6048274830408,19.08207069724312,0,549.0599099011257,0,198.1660076559456,0,198.1660076559456,0,256.9424792266876,0,1391.5138903856387,0,268.2809707376069,0,123.28273253841454,0,201.4258993415,0,620.4068558562167,0,0.0,0.0
1928,G/S,597.1571088694757,108.22058360507597,0,452.46668764765474,0,138.1322408291735,0,138.1322408291735,0,164.45985953116067,0,1296.9145422181075,0,190.04041650678914,0,121.03752118736064,0,228.06113520313323,0,655.2392303134338,0,0.0,0.0
1929,G/S,570.2951920960409,136.63114402277313,0,415.3006823769067,0,159.2329780333698,0,159.2329780333698,0,147.72863598013095,0,1268.9752059710208,0,191.66315452897604,0,87.32192759660761,0,278.9292330366666,0,612.8640817858476,0,0.0,0.0
1930,G/S,80.58508600326735,93.93178248134743,0,482.9818169496639,0,134.09555700416973,0,134.09555700416973,0,179.29747084784466,0,1314.5105068524465,0,194.41489141386964,0,119.34291124954564,0,211.94680258333062,0,693.8741028276539,0,0.0,0.0
1931,G/S,750.0300197155939,384.7590064507606,0,170.49273308245546,0,56.92073445317434,0,56.92073445317434,0,606.8216085324805,0,1651.8227736978868,0,917.4571694162902,0,339.5424457561571,0,579.8564805934287,0,474.5111038593158,0,0.0,0.0
1932,G/S,1291.2317372260013,0.0,1,608.854544261226,0,251.89825561616075,0,471.5750405966564,0,866.8308119268631,0,1370.9894449419583,0,927.5138364781765,0,24.28032791433628,0,124.97761309242905,0,1176.9575392455733,0,6.0,4.0
1933,G/S,826.3918242797413,121.16194299158924,0,543.6022910195073,0,146.8557955236104,0,354.7338555702699,0,885.2344459904882,0,1289.330363553415,0,1059.5763592731403,0,81.92248101390214,0,277.2695643169907,0,1257.026297885321,0,0.0,0.0
1934,G/S,2233.4517655249024,2.7945290928431326,0,123.26201804641362,0,100.64261080235256,0,150.29947668560828,0,387.0179596887354,0,1482.7958969946894,0,930.5372126237875,0,43.34483784731249,0,950.2109441716866,0,651.5386688610517,0,0.0,0.0
1935,G/S,952.4738062682926,10.092906758054909,0,97.75094193904472,0,182.70710610100787,0,182.70710610100787,0,450.6196326442003,0,1607.1507888526874,0,1039.70549641762,0,50.122447330073996,0,917.5724781641864,0,651.2373210906777,0,0.0,0.0
1936,G/S,7115.8170861495855,905.0316871869718,0,821.2597500240605,0,404.37590427105687,0,404.37590427105687,0,240.37270671636708,0,2107.21567400405,0,1080.7310849143566,0,65.73177724649888,0,1789.6643594358857,0,698.32570424452,0,0.0,0.0
1937,G/S,14138.85533090552,977.6035038834796,0,744.4390804583876,0,279.1761475139482,0,279.1761475139482,0,338.54747945174256,0,2202.9673337925424,0,751.190128441404,0,88.95349452093663,0,1627.557228270045,0,543.8028901306332,0,0.0,0.0
1938,G/S,1987.6787230905793,993.2965834749336,0,707.1966491301946,0,217.96298950777032,0,217.96298950777032,0,707.6010227734291,0,2498.4910250790635,0,687.6757410910095,0,207.93598555783873,0,1574.0942636901168,0,532.6520772494383,0,0.0,0.0
1939,G/S,28299.342405047442,0.0,3,65.28074555060637,0,105.02798856551264,0,105.02798856551264,0,681.5702361257947,0,380.00064956141097,0,795.5449666935715,0,56.998482025570645,0,608.8905951279435,0,759.001336551888,0,15.0,8.0
1940,G/S,4107.116214667614,0.0,1,118.2358347323645,0,221.72537824882323,0,221.72537824882323,0,801.1615051132817,0,873.5513456324553,0,1293.0328386923077,0,62.21765832739886,0,473.6285083233026,0,1010.6724445332544,0,4.0,2.0
1941,G/S,931.7481779818899,2.879396122399906,0,280.78049836785976,0,207.69978998680452,0,222.88994179680986,0,902.4353001125301,0,1042.0718129397467,0,1243.0359287283675,0,52.50757495343093,0,415.9900348507874,0,1064.7167054976153,0,0.0,0.0
1942,G/S,623.9237349509558,19.480507301400976,0,321.3743144852362,0,147.88426870471002,0,172.03997166270452,0,975.8693717831537,0,1060.4840342338784,0,1260.5654458190909,0,47.06389494650798,0,435.7090058707228,0,1168.7898633491625,0,0.0,0.0
1943,G/S,3208.503212987183,118.23585479642266,0,473.0873634026428,0,2.0906875030151433,0,215.09518128136588,0,884.1846484641928,0,1186.9978044174939,0,1199.1769227448954,0,23.58093181365764,0,417.0246975866392,0,1300.6337640194124,0,0.0,0.0
1944,G/S,51846.749797688535,565.0602956355104,0,211.97359790553924,0,3.201428997475041,0,3.201428997475041,0,630.3363257684911,0,2229.1082689270506,0,554.4808640083335,0,26.835057905420904,0,1076.8202433549764,0,64.5318777813433,0,0.0,0.0
1945,G/S,5855.568894253008,557.822253628294,0,300.44598237048706,0,7.787009674627482,0,7.787009674627482,0,852.6944551748151,0,2265.984618982633,0,784.7354541342771,0,68.9162615059011,0,1147.8808898655122,0,13.013871862852069,0,0.0,0.0
1946,G/S,2431.8872846793524,519.2302589154918,0,311.10591660557316,0,106.15363353046182,0,106.15363353046182,0,873.3031323793059,0,2236.327130947488,0,906.1288701661155,0,17.86210479878416,0,1093.724025299693,0,61.767199933706046,0,0.0,0.0
1947,G/S,28181.24444114925,655.3004013810279,0,327.00290194178245,0,96.06749286148576,0,96.06749286148576,0,381.7792343928678,0,2168.831208819118,0,205.75546562020708,0,163.68873671406732,0,809.6987793726539,0,413.0687041935726,0,0.0,0.0
1948,G/S,1762.395905300352,842.7801332469285,0,660.2192539423716,0,357.09253544685276,0,357.09253544685276,0,20.47893969938067,0,1829.195710190832,0,798.112906720262,0,236.0166008803234,0,1776.1948561040895,0,859.954092867593,0,0.0,0.0
1949,G/S,41983.4124477709,517.4885554194674,0,361.2086989523649,0,101.86672919443798,0,101.86672919443798,0,84.50807305833202,0,1618.8403592152024,0,600.399984437554,0,36.57603561866058,0,1452.279747438315,0,644.5193519105541,0,0.0,0.0
1950,G/S,1328.512321908362,580.8752946905895,0,422.6711203661922,0,129.576475315908,0,129.576475315908,0,187.70264108066866,0,1770.3284778675848,0,835.9148289459216,0,149.70360867805041,0,1514.503428326738,0,679.5802153629753,0,0.0,0.0
1951,G/S,2099.1418160489075,437.97022204054736,0,267.40875474878936,0,261.9333088073723,0,261.9333088073723,0,394.2422201169952,0,1471.0757038452805,0,588.6969473324007,0,102.90555677178817,0,1456.9379523829634,0,861.7024153909624,0,0.0,0.0
1952,G/S,1404.9850875519933,887.905848452925,0,817.0932526575866,0,394.065734765682,0,394.065734765682,0,324.7420812426592,0,2175.9978964418665,0,1050.7547111257732,0,146.55981114111663,0,1765.5985699109663,0,665.580960207094,0,0.0,0.0
1953,G/S,4212.653231055305,1.8284682634990637,0,464.63282193897896,0,187.282772821974,0,187.282772821974,0,32.51288301397178,0,1047.2778662694502,0,753.7518091765144,0,232.935641547517,0,1115.725644322295,0,1194.8961093101761,0,0.0,0.0
1954,G/S,1382.2247703743365,102.17151989276017,0,365.9571940194071,0,240.1831206692667,0,240.1831206692667,0,230.10695383622019,0,1755.6277714955372,0,1437.4759062627795,0,8.222880497913778,0,426.1777413193443,0,759.8118644617232,0,0.0,0.0
1955,G/S,8081.12987257181,0.0,1,349.7680973232653,0,67.83679196881384,0,67.83679196881384,0,191.66357259250026,0,1315.6638306722677,0,584.7072850910797,0,94.39574952918358,0,221.2670538423046,0,231.58243601056472,0,14.0,7.0
1956,G/S,264.4818116747258,36.72777271563399,0,575.497003647969,0,67.20951170606367,0,67.20951170606367,0,422.3783220621774,0,1485.8590486217659,0,479.75997583481245,0,183.49854174231584,0,466.2099876784217,0,424.96703104141903,0,0.0,0.0
1957,G/S,785.0392518523939,56.83662169212678,0,647.5170124327103,0,103.24062778169838,0,217.45003697456755,0,603.3060621676136,0,548.7370173418348,0,681.5180369930009,0,16.208951092105156,0,2006.7961033589647,0,440.5387155886205,0,0.0,0.0
1958,G/S,855.278136865933,24.115402712494728,0,725.4625425539352,0,143.11733896649045,0,143.11733896649045,0,553.3345784791055,0,529.0035204723195,0,760.2301684063104,0,6.84517055471088,0,1967.8523821335975,0,332.37366813459306,0,0.0,0.0
1959,G/S,983.3584984854851,123.99453245187075,0,660.7075969757134,0,244.15198659422586,0,280.2957860599143,0,123.76613585955629,0,353.98864791251776,0,1027.7490694046865,0,170.69738676421363,0,1540.2599351705521,0,137.57839326641073,0,0.0,0.0
1960,G/S,3512.0570125916747,45.85161813934106,0,481.253219709941,0,177.75589357151398,0,177.75589357151398,0,131.7049403028701,0,521.8034288520496,0,1253.7824660749213,0,22.257068341722505,0,1144.7361501462942,0,527.9373929952428,0,0.0,0.0
1961,H/W,813.731147974288,266.30349798202195,0,437.62771018489536,0,116.81433998163534,0,532.3908521308932,0,96.6351805444949,0,1248.1341935173086,0,612.9676259868903,0,87.41379231367918,0,894.0508116000713,0,417.61283727580155,0,0.0,0.0
1962,H/W,2513.481786860966,34.00628447780114,0,267.4331799222375,0,282.4135176512147,0,650.67461271259,0,242.63371800480277,0,1586.6516411841826,0,604.9857093133226,0,46.450198125643375,0,1390.7791236981427,0,950.4626168273684,0,0.0,0.0
1963,H/W,557.6326838739558,230.18456764670557,0,461.4318002541165,0,93.17475591210432,0,549.1747848279541,0,80.2421048209281,0,1285.8832833574304,0,650.9067778504949,0,122.05505007966678,0,920.4571114779081,0,417.56389736256136,0,0.0,0.0
1964,H/W,2337.9306719270458,61.27326604989111,0,226.0355061903614,0,270.06517974379824,0,747.2886115287455,0,149.72034325753538,0,1488.6714259903224,0,768.8116711483958,0,46.17688859842765,0,1252.2377462695424,0,810.1679709873831,0,0.0,0.0
1965,H/W,470.89672036970256,434.52851907285515,0,525.2718814593418,0,104.95858000329063,0,318.86499705098856,0,39.46081203101141,0,1753.0774543230082,0,300.2856518682954,0,145.2061611211856,0,1707.7044617857289,0,693.4378320792463,0,0.0,0.0
1966,H/W,623.7302310284531,381.3443834711477,0,546.8510282238851,0,87.35561834303412,0,359.77080892425374,0,4.7959385746725705,0,1792.1517753548055,0,265.39106679543306,0,175.14121382632536,0,1734.1825868351716,0,738.1809263343926,0,0.0,0.0
1967,H/W,1767.871459999024,198.6586604710773,0,686.3010587329087,0,60.15245367995198,0,813.2646060719139,0,363.06190225350576,0,2251.745505872814,0,426.5188720986368,0,97.16787584895593,0,1683.8099684032313,0,668.444699563976,0,0.0,0.0
1968,H/W,790.9977566460877,135.83084730941493,0,632.1824079109356,0,111.08498107977113,0,838.8513254123043,0,327.60051992348684,0,2195.3524496471155,0,461.64876548233485,0,177.7789048846722,0,1610.5286889111826,0,713.0111445028409,0,0.0,0.0
1969,H/W,1517.9682378208183,37.53305300693916,0,479.0879039711786,0,39.812672452623865,0,691.9600815852004,0,285.98816247075223,0,2058.11214354095,0,550.1953916384412,0,290.1049076961695,0,1421.8627570302767,0,827.6555046515214,0,0.0,0.0
1970,H/W,1664.555248027426,127.26166152947381,0,330.2592539798404,0,247.233887280591,0,424.942369146019,0,32.07395960188632,0,2550.5046313831454,0,1011.3408410803137,0,71.39005280994641,0,1376.4733091871751,0,499.39109565782974,0,0.0,0.0
1971,H/W,5336.494189792411,6.516052130107183,0,130.77355967851315,0,299.4569229407638,0,389.76561264142094,0,94.25113930619813,0,2393.430812388739,0,970.4190680231545,0,58.87365921050287,0,1190.4381975677206,0,657.058516349247,0,0.0,0.0
1972,H/W,1080.127848742701,106.58144039373664,0,274.9147813022346,0,192.0524885651794,0,419.7665788654876,0,125.09765994602868,0,2573.0270390413416,0,994.2479589717041,0,49.79945333883247,0,1251.2053145381888,0,610.1985718553892,0,0.0,0.0
1973,H/W,2515.3817461237845,138.25330117026417,0,532.8840388272392,0,86.2435095403682,0,250.3228896493821,0,81.53118378643997,0,2758.191670672438,0,1172.4229383081495,0,51.666580284509344,0,1465.868508407867,0,451.72724135109274,0,0.0,0.0
1974,H/W,3702.9554107222366,378.9129335198411,0,804.6168530313917,0,235.0227400039784,0,235.0227400039784,0,168.64202049882832,0,2836.650214223129,0,969.4683620060572,0,41.35724808099644,0,1859.666475680886,0,16.701695416501458,0,0.0,0.0
1975,H/W,7482.183914954804,133.13667480816716,0,719.3936551918373,0,28.795470473760705,0,28.795470473760705,0,183.7351341245131,0,2868.496912714885,0,1071.9213738568383,0,123.51210438976072,0,1724.3795864770266,0,67.80664240843245,0,0.0,0.0
1976,H/W,1790.50890423976,91.54649743269847,0,774.5389492757215,0,0.7898643557981273,0,0.7898643557981273,0,326.05981234961473,0,2928.250737538281,0,1233.4338087241565,0,84.93257641729922,0,1757.80978653952,0,195.7622695614607,0,0.0,0.0
1977,H/W,1462.1309890252478,40.050730347957945,0,721.8827727026178,0,206.0137371402807,0,206.0137371402807,0,271.2591430613344,0,2692.288974637339,0,1289.5729465452782,0,33.44977095161156,0,1612.6853283142502,0,423.4633616394201,0,0.0,0.0
1978,H/W,62058.81377924431,0.0,8,826.4851801031498,0,134.2799751607697,0,134.2799751607697,0,213.68228875380314,0,2211.6145262506343,0,842.3645967653378,0,283.4230218224269,0,1404.3839475649258,0,88.04476488144557,0,97.0,47.0
1979,H/W,793.0159816801822,0.8715538706421456,0,985.1862870071939,0,294.87220761136206,0,328.4075810889574,0,23.363023777862473,0,1789.3381851366132,0,438.9113799090932,0,300.8758854766893,0,1132.7525292085052,0,318.66615486768063,0,0.0,0.0
1980,H/W,10201.366666021631,10.848331311953048,0,974.6723268532719,0,107.43481933421823,0,340.33566618220135,0,48.21561332039852,0,1553.7320198025764,0,297.9699990659615,0,68.4111401211543,0,1050.9122097980066,0,222.3310725995669,0,0.0,0.0
1981,H/W,3560.0823861974595,11.974678712727542,0,743.1354356764061,0,47.08704586064339,0,721.4823536513328,0,14.726816255487051,0,1277.517994049266,0,244.8806136134596,0,29.749947293027667,0,926.9274921234712,0,58.53195023578214,0,0.0,0.0
1982,H/W,7500.131364754757,57.8607721192753,0,745.6244551871769,0,16.477062140107464,0,750.3158271230487,0,39.735859476684055,0,1279.4715274776293,0,145.83384580876825,0,40.436256886306516,0,834.9141710173585,0,8.556755762190035,0,0.0,0.0
1983,H/W,32422.330763951675,0.0,4,171.35645926239474,0,108.35258274114912,0,108.35258274114912,0,74.32084684121848,0,631.9807015299144,0,216.92910994780127,0,2.748902066572607,0,526.3175246202509,0,408.55592457500455,0,92.0,50.0
1984,H/W,21519.213685858605,0.0,2,188.77668304574723,0,111.28596443648132,0,111.28596443648132,0,40.37655786002282,0,601.1182236245027,0,209.77117397143155,0,182.64852092002178,0,416.8227026069357,0,583.4390421982772,0,22.0,8.0
1985,H/W,12305.22129487979,0.0,2,285.4595409095375,0,182.5698051291946,0,182.5698051291946,0,92.0367405965395,0,572.6178686651742,0,225.71882589959995,0,200.10578915513645,0,389.24892827589656,0,684.0230101763876,0,11.0,4.0
1986,H/W,4493.374473908086,0.0,1,1.1489801175449013,0,71.4407897203744,0,71.4407897203744,0,82.07865944372789,0,527.0927337373789,0,138.979038402321,0,145.22075601871654,0,756.9895216302025,0,639.0035866912203,0,3.0,3.0
1987,H/W,1263.8258484585037,2.383743641591216,0,331.8814861995971,0,38.26968730522978,0,38.26968730522978,0,109.95465622314026,0,2150.6167781113563,0,232.43495337525653,0,257.4574661359241,0,343.11550136894283,0,288.6545343111227,0,0.0,0.0
1988,H/W,1455.947379577069,7.763018236864392,0,802.5208625685293,0,120.06248936399248,0,120.06248936399248,0,88.94088938546113,0,2138.147869399034,0,799.0765127941108,0,276.35725309804064,0,1179.4646735798942,0,585.4245761652599,0,0.0,0.0
1989,H/W,667.1698514222012,936.6714667662468,0,1268.8929812286303,0,214.23792617539138,0,970.228027210057,0,18.340907543979636,0,2036.6085306059924,0,1968.256298052734,0,35.94945015183378,0,2516.643983209337,0,556.2541619877617,0,0.0,0.0
1990,H/W,1526.4433085659884,851.2063621655775,0,1166.4999660010694,0,244.91903596148893,0,845.1701443062369,0,97.33385326449954,0,1948.0609479486927,0,1819.4768804488933,0,21.240570523914474,0,2406.744711222815,0,420.6759927034822,0,0.0,0.0
1991,H/W,2476.5898481814897,355.97770502819117,0,694.9517611235923,0,132.52732565949668,0,473.672593742764,0,96.89681592190912,0,1455.9983969131638,0,1564.7409870331742,0,159.96113797309962,0,1946.0927388422049,0,70.2188438899028,0,0.0,0.0
1992,H/W,1162.906505218198,176.682191450099,0,535.3665912420815,0,345.3744766612289,0,468.2088069427771,0,279.6367338068846,0,1245.2564100598577,0,1424.0293066444374,0,140.43282593328533,0,1770.9473274867971,0,30.48512592380806,0,0.0,0.0
1993,H/W,9393.877334418072,378.36780070491375,0,632.6926063253384,0,159.6299989094339,0,303.4338779497208,0,9.274083409609542,0,1428.746229914624,0,1447.7287149058238,0,116.12171649627805,0,1860.8427625115178,0,96.55058940202531,0,0.0,0.0
1994,H/W,5277.310487816833,0.0,1,221.396654940068,0,263.0774450307498,0,304.9831434671266,0,346.54482701041553,0,982.0454549916977,0,1108.979274388753,0,25.917514382247163,0,1469.141655228487,0,241.64893887532992,0,85.0,5.0
1995,H/W,16500.75726697457,0.0,2,330.2423776640091,0,279.710565064461,0,279.710565064461,0,327.2609314349862,0,113.05217912389574,0,508.3726601781005,0,22.254698355578036,0,657.6968364510735,0,497.80826228223054,0,12.0,11.0
1996,H/W,1253.693948749587,17.695653872726485,0,159.96650140641052,0,114.95753693485308,0,114.95753693485308,0,539.1610848579553,0,91.11357664226192,0,467.97238495364536,0,28.073778621489367,0,525.5202007051711,0,911.1730948713529,0,0.0,0.0
1997,H/W,8650.016242835058,20.21380600217033,0,131.51276348902536,0,54.77745097864328,0,54.884542458479004,0,444.95513812521096,0,172.32513234382571,0,430.0582681597437,0,61.163716036501526,0,362.1372211406699,0,930.661243902597,0,0.0,0.0
1998,H/W,13309.459838572377,8.627213893069083,0,172.6515781277103,0,34.01633118648005,0,174.55408243404545,0,311.08786806566843,0,339.65984984842345,0,388.9589170969866,0,15.776470830713848,0,107.35812280988259,0,744.7761935554807,0,0.0,0.0
1999,H/W,834.4039596192666,219.8902849272712,0,386.0648884998388,0,108.9132430620775,0,585.7854673642325,0,158.89183758945674,0,1314.1706473702932,0,679.2232372579924,0,151.98442004196133,0,982.0615683005823,0,502.32711866951917,0,0.0,0.0
2000,H/W,846.7556146106509,180.13055087010497,0,530.2493040461388,0,171.6645510030581,0,171.6645510030581,0,59.86538926347243,0,1610.6969436140355,0,750.3726734902674,0,90.24125312318728,0,564.6975777258654,0,432.6967727535004,0,0.0,0.0
2001,H/W,10777.288775010413,17.39270811067347,0,454.0708639893516,0,102.68031354005315,0,159.4780282620894,0,292.84297200317656,0,271.28435791132574,0,252.55529375447466,0,86.44284989696195,0,431.68873695343484,0,731.098516180073,0,0.0,0.0
2002,H/W,1034.7778126902742,593.9850330614235,0,563.0485503304817,0,134.64983336089918,0,293.54825565880697,0,232.64270019984718,0,1258.0718151368135,0,1053.0425824140586,0,108.66623976026436,0,1519.0123065938747,0,174.5592375958023,0,0.0,0.0
2003,H/W,245.79394873552712,644.3014282305468,0,782.4601028191606,0,377.6852010677029,0,377.6852010677029,0,90.17132720066591,0,1563.992663038647,0,1228.9314392809192,0,91.53096571701029,0,1896.4004097948118,0,267.9099789109921,0,0.0,0.0
2004,H/W,3372.8103794397834,781.6087559173295,0,724.1605668641827,0,112.75771558522088,0,112.75771558522088,0,17.809753322111543,0,1556.7755865575566,0,609.1777174742429,0,203.60921164779347,0,1715.0536425716455,0,159.82901706503188,0,0.0,0.0
2005,H/W,5553.808577001313,811.4425889576562,0,760.6183173186507,0,115.43597178493926,0,115.43597178493926,0,93.48794032760303,0,1698.1629899925476,0,497.03073126144204,0,226.25071572030498,0,1807.6115053331544,0,327.37718392138123,0,0.0,0.0
2006,H/W,555.5926047492226,547.2376812239542,0,548.6258468629992,0,128.11419395541907,0,375.15912220023097,0,146.1487383902325,0,1184.2228910451236,0,865.0778917019364,0,51.0259659045089,0,1345.6403797297685,0,332.22135277355153,0,0.0,0.0
2007,H/W,634.0753251281538,466.63909761138734,0,473.7916016445869,0,61.099590689958966,0,405.98330525112084,0,192.7709981322034,0,1163.1024337035622,0,798.2743670919783,0,108.69966946942981,0,1280.3040905360688,0,400.5460624711989,0,0.0,0.0
2008,H/W,3122.864607448702,258.30777387382955,0,670.8418707825685,0,17.145493805238285,0,17.145493805238285,0,107.54820217039989,0,566.6150835003391,0,143.98186540126088,0,112.03895112316562,0,599.8257775973032,0,709.6969002025568,0,0.0,0.0
2009,H/W,2158.309647935705,248.30288920852493,0,484.49727609399116,0,196.62755394923343,0,196.62755394923343,0,71.97570614222937,0,551.7020795180239,0,255.13934952580792,0,64.4816611178619,0,169.28936775010274,0,579.3067445978214,0,0.0,0.0
2010,H/W,2600.2576577762575,285.6127789563827,0,214.05974749883728,0,0.0,1,0.0,1,190.659230828723,0,787.3114298139269,0,363.11076451063497,0,102.23496376168525,0,241.52272933260335,0,304.41540376351844,0,0.0,0.0
2011,H/W,9161.460157185207,51.723298432291465,0,157.0460460134929,0,335.0139501576425,0,335.70255388521133,0,131.29227299858596,0,1952.7076169850277,0,835.6746152965603,0,30.064185582311254,0,1085.7633708733051,0,885.898859460062,0,0.0,0.0
2012,H/W,5066.558063557017,1.863725041850601,0,76.31794042363934,0,309.4573775638078,0,309.4573775638078,0,280.69298337418667,0,491.1171301715288,0,654.240813416043,0,155.107893061084,0,956.2294587196267,0,288.529795297134,0,0.0,0.0
2013,H/E,6742.742641837074,0.0,1,422.5237672300088,0,38.58389258925639,0,38.58389258925639,0,469.1541611141261,0,2020.4536757138387,0,554.9601133760109,0,279.294633612172,0,419.23053339115904,0,53.27546417568534,0,24.0,12.0
2014,H/E,5026.630044360412,17.4292505287154,0,149.32044209617717,0,66.51056495422823,0,374.8959126020963,0,266.56415347540764,0,1374.5124746905256,0,288.2165276471447,0,153.53750145786367,0,882.2980904316709,0,267.4264136836452,0,0.0,0.0
2015,H/E,31191.85109423471,34.55305576531454,0,482.4769263214565,0,149.4929255925424,0,295.40560417680956,0,228.59881099184233,0,1250.5947348896827,0,397.85550145126723,0,19.147745870657825,0,1491.6909291807137,0,149.28609342244022,0,0.0,0.0
2016,H/E,2139.3829754863577,153.68465610831439,0,946.5659034694366,0,437.5152366031395,0,502.1477885146573,0,125.94346293151459,0,1907.0844489155443,0,765.2169726350181,0,19.044937009921135,0,1239.1311511784977,0,530.4839063720208,0,0.0,0.0
2017,H/E,1164.7109754300436,358.02173475038114,0,1210.127131942089,0,552.3639477583272,0,653.334065119563,0,340.3592883451137,0,2095.4328864548193,0,1061.5087257040407,0,176.4693879203737,0,1385.1210362802178,0,802.076882167029,0,0.0,0.0
2018,H/E,4311.902959598886,6.319373095571721,0,533.1699162030901,0,16.707104962671767,0,16.707104962671767,0,238.30858046489197,0,1898.6704208212323,0,86.04928154454274,0,26.20834450589745,0,1403.548075466901,0,450.22416100596797,0,0.0,0.0
2019,H/E,1422.7912835525747,89.98643591523133,0,441.7490581420393,0,1.5462620517521763,0,209.7674023017533,0,535.8389142415815,0,1691.5720810106466,0,657.4336568360239,0,23.128003644054257,0,1462.7385848763536,0,1296.0524859662073,0,0.0,0.0
2020,H/E,7334.954946967352,0.0,1,545.908646605569,0,66.6178060678354,0,66.6178060678354,0,566.0399426763445,0,1516.291672276666,0,694.085837504193,0,52.31968137286923,0,1341.0655237444123,0,1268.0126151746833,0,17.0,8.0
2021,H/E,4945.668987572727,71.14119728474341,0,480.98317746787734,0,38.20091554867708,0,38.20091554867708,0,459.9252334401506,0,1365.4698857965304,0,607.0832476873395,0,16.429898320180918,0,1168.462082250336,0,1286.9966569760252,0,0.0,0.0
2022,H/E,41243.6545669685,61.47288159245087,0,313.1875483452996,0,43.999732736156375,0,43.999732736156375,0,59.54760705359637,0,274.36606193069986,0,158.39232378204383,0,20.593220018657124,0,388.9208402477117,0,758.8566245393127,0,0.0,0.0
2023,H/E,2649.6976247004345,48.47982061095482,0,458.54510048402494,0,189.20424174809693,0,189.20424174809693,0,132.61714802442802,0,935.4172166708203,0,137.33019233836504,0,6.102219615762381,0,1260.15068900696,0,676.8458663312928,0,0.0,0.0
2024,H/E,2170.3158798126638,117.21803407770074,0,1002.9959940744,0,56.59358555163691,0,200.01722857963787,0,156.48264293503044,0,1764.3466694712924,0,888.0018878781576,0,114.40877344817487,0,1762.3854061877087,0,29.98098144357015,0,0.0,0.0
2025,H/E,5266.56133696036,94.63841046745529,0,240.49826929423392,0,157.3452541459285,0,157.3452541459285,0,76.00059968823352,0,913.2512668718732,0,634.2769935304798,0,69.83158217073799,0,272.71700982526926,0,455.31701692036984,0,0.0,0.0
2026,H/E,6228.918076982893,2.4067641523765757,0,321.9985264291448,0,164.9212006141829,0,164.9212006141829,0,44.94112947855062,0,1182.8648892466338,0,461.7182083126125,0,239.60039164436793,0,608.338956173818,0,506.8060886027251,0,0.0,0.0
2027,B,1277.133317038365,20.359156082671085,0,255.4222482876867,0,156.29179261439563,0,303.87086488601363,0,380.8961310112566,0,348.28878956300713,0,407.42373189336246,0,11.183557443053976,0,319.5163439790522,0,404.09304370060863,0,0.0,0.0
2028,B,258.3280986056049,66.97802055528446,0,140.77085979918988,0,105.76146894347458,0,105.76146894347458,0,136.35228834762964,0,367.1627509900295,0,290.8698979110423,0,223.58246973595644,0,232.64097580570981,0,941.2873144960847,0,0.0,0.0
2029,B,783.2554183172479,40.900111065148785,0,209.9395914975734,0,187.01363477711448,0,187.01363477711448,0,330.1700926667053,0,561.3877084137625,0,424.438559553061,0,284.1288995741786,0,13.704311845871382,0,631.0122632714724,0,0.0,0.0
2030,B,622.0394673505359,80.81387378542735,0,418.1761760594174,0,282.8937789737653,0,516.6588911504558,0,595.2442614973228,0,279.9735291099446,0,330.6771433749765,0,225.49591737678298,0,446.679608952656,0,513.9732268576066,0,0.0,0.0
2031,D,1219.2305496916938,150.92537898978324,0,288.3854245005,0,77.93401168628303,0,109.61417559012439,0,251.94673127065698,0,917.3258486591502,0,467.28573020324694,0,58.46495447714524,0,264.6205662422359,0,1392.7797895237136,0,0.0,0.0
2032,D,11925.712460834266,28.0040759030521,0,456.04229486888033,0,51.29818551105883,0,62.40090352602003,0,163.95448157000163,0,1016.3859171957815,0,529.2109260120404,0,42.65300626522696,0,546.6954279438115,0,1332.9235124267839,0,0.0,0.0
2033,D,21283.93304024823,0.0,5,2096.81725435494,0,147.59842306910647,0,147.59842306910647,0,31.07305917053552,0,2436.4915833622485,0,716.8473209870342,0,113.63702576016391,0,2736.949922821809,0,49.06257728166479,0,27.0,25.0
2034,D,3228.240824393811,0.0,1,1858.321425945594,0,557.1128102514182,0,557.1128102514182,0,506.36216036288084,0,2196.4236153280604,0,661.9287744278852,0,156.8282716331503,0,2583.6929205582924,0,548.4408354193308,0,6.0,4.0
2035,D,3899.842144395567,3.205475004371542,0,1452.784453333321,0,908.0359277656818,0,908.0359277656818,0,252.94145930722692,0,1782.0248548428685,0,734.699483227253,0,234.1747451067638,0,2202.218735608566,0,938.3224738375601,0,0.0,0.0
2036,D,9814.444842196554,0.0,1,743.7031889670129,0,598.6396734774232,0,1246.0958328605805,0,168.6624757498817,0,1051.4605226205194,0,1000.776479972355,0,132.6131585110566,0,1460.4430518565016,0,495.4161209363157,0,52.0,26.0
2037,D,1810.3099613332506,0.0,1,982.3465572063473,0,275.49697612631064,0,1371.8479915000887,0,264.77812375892563,0,1175.2076563156838,0,1186.6950087735995,0,160.68391541013153,0,1495.0672681751378,0,628.1469789084468,0,4.0,4.0
2038,D,2663.6027300890028,0.0,1,599.4564586265656,0,228.8308247799626,0,454.70109145955894,0,470.6111680899758,0,1497.3416924391277,0,747.4848025421588,0,52.304560741241005,0,893.2482924641173,0,1553.9689080137982,0,10.0,2.0
2039,D,1899.061213642101,0.0,1,317.1166660710783,0,101.31294943269963,0,458.1381728245065,0,168.0267589771371,0,1176.5370521167786,0,656.2747175482622,0,65.07675118393354,0,736.4429451334431,0,1255.9959328426785,0,2.0,2.0
2040,D,7209.763417565137,0.0,3,438.14067876235356,0,30.06879779579085,0,482.1356961955738,0,294.6756099431905,0,1302.3578663996498,0,587.7780581164932,0,72.2542775117443,0,719.190347926154,0,1384.9042025611177,0,14.0,14.0
2041,D,1568.4020264802316,90.48765759340674,0,795.9822020592084,0,74.81178064113973,0,74.81178064113973,0,188.65587158035774,0,1758.9885439913835,0,1329.5020063681286,0,93.49832987270354,0,1476.6916505727709,0,1617.5189059122513,0,0.0,0.0
2042,D,2806.1631935623886,0.0,1,905.0358244630917,0,123.42049317659905,0,123.42049317659905,0,311.740635783981,0,1874.2591620463174,0,1202.7881253884136,0,175.0263282951069,0,1501.7722439561958,0,1753.6732454212336,0,5.0,5.0
2043,F/S,2826.6023546423094,317.5616520375561,0,565.5816312515079,0,833.6506131432923,0,833.6506131432923,0,719.4119770741877,0,754.9734292953221,0,578.6313618722987,0,214.19651753491655,0,791.3678349785971,0,767.9013475447522,0,0.0,0.0
2044,F/S,3425.2438303286485,7.9678605608956214,0,510.4894543779195,0,53.74312222616567,0,298.0336695104643,0,473.29424864149007,0,1162.42039047253,0,147.2148977283035,0,64.39176378012611,0,791.7923134670857,0,294.17732779361313,0,0.0,0.0
2045,F/S,7693.591805864549,6.8908398872356145,0,377.64804105260646,0,0.0,1,0.0,1,373.59725087018455,0,1127.2510853723077,0,362.9682215175753,0,22.09456329664184,0,642.7295103275936,0,240.42599119322855,0,0.0,0.0
2046,F/S,776.824909306522,11.679368364984562,0,163.11191331432033,0,242.65156146483693,0,264.4104911662439,0,738.8080564671208,0,1476.1316531740895,0,508.7803310644884,0,184.21843715995035,0,487.65001637361115,0,116.51796574823314,0,0.0,0.0
2047,F/S,2062.0386723054835,226.83988271126944,0,379.5560141513323,0,39.078349307999375,0,291.1711359868592,0,354.92166939181686,0,205.2162609811921,0,46.90320018188398,0,10.262600327896683,0,95.08249186972762,0,1140.6559561635509,0,0.0,0.0
2048,F/S,1417.2496330059632,36.09254655388814,0,716.3434873915697,0,99.73074029089094,0,99.73074029089094,0,532.0870387379214,0,1001.6812626817863,0,179.9293486344924,0,18.527813205372798,0,855.6203615177641,0,624.6555531464078,0,0.0,0.0
2049,F/S,5407.140040596705,138.14095966221353,0,124.64439126117196,0,98.23082447884636,0,177.47896299517373,0,247.46219534924757,0,377.74280640671645,0,108.68183008520884,0,73.3826038437807,0,289.7642435825439,0,1008.0070423020798,0,0.0,0.0
2050,F/S,19097.50727354755,275.0211325297492,0,47.80705912655055,0,125.0823462510989,0,147.1946499316485,0,397.4873773864414,0,561.1254070610316,0,275.8388083921875,0,17.5458005332336,0,459.1257331853318,0,994.4501374554133,0,0.0,0.0
2051,F/S,5305.876170182805,265.9770514506931,0,398.9737165443816,0,60.04544601876336,0,124.51647280027075,0,546.7653863411803,0,445.27964703229895,0,233.01570432779485,0,131.54253480040805,0,330.195713942004,0,1252.739952096065,0,0.0,0.0
2052,F/S,3983.4911564733497,449.9240998170013,0,240.72277150212415,0,26.194499583010288,0,115.38569074957073,0,573.8270153711655,0,677.9821271862405,0,393.90575642789764,0,89.6249526820487,0,564.7546208348815,0,1216.9778772281875,0,0.0,0.0
2053,F/S,61062.188973896176,102.02015160941482,0,262.62120232186754,0,39.100861317564814,0,78.98175215074696,0,599.6931447033177,0,650.7785969097849,0,386.8521463956752,0,18.698706354287694,0,534.4829112413793,0,1000.5479159108713,0,0.0,0.0
2054,F/S,258.25802230348506,294.3615343812123,0,537.6707186328317,0,201.4338926816562,0,260.8872589921405,0,825.6968168124971,0,805.3790608609106,0,561.2618720063912,0,149.31665384791103,0,688.7744750854898,0,1133.7886755892687,0,0.0,0.0
2055,F/S,1051.6492344535986,280.95773096550977,0,509.03276493604534,0,156.2040919877736,0,223.00921022437404,0,788.6252431407485,0,762.601157718138,0,523.1345304707396,0,153.3791361635828,0,646.2773022580345,0,1141.2212652744602,0,0.0,0.0
2056,F/S,985.5244115507429,355.26581175367477,0,430.0874561148598,0,119.48201847325082,0,144.22781666729796,0,707.2517043147215,0,705.9751186358056,0,449.71890615178893,0,122.85412523437654,0,588.7924472793458,0,1226.6666225730335,0,0.0,0.0
2057,F/S,9126.092191490705,83.88267166207828,0,197.42628405775832,0,6.057304877223443,0,6.057304877223443,0,947.5594455695434,0,732.9404262349667,0,619.2435680324769,0,4.403201010833366,0,643.6674840040672,0,966.4021767812694,0,0.0,0.0
2058,F/S,2865.7815419035614,486.6704385153348,0,416.5657427438261,0,719.0664319721662,0,719.0664319721662,0,913.5306450389332,0,801.0224299996836,0,769.649828401384,0,25.098356795006882,0,810.6378225323173,0,962.2561886427856,0,0.0,0.0
2059,F/S,11555.795746962767,677.4305985075956,0,420.044045328751,0,704.094251618896,0,704.094251618896,0,1525.5627993960761,0,1238.4643679370627,0,596.3290939871495,0,66.68800497353267,0,763.058121816641,0,995.8856562054846,0,0.0,0.0
2060,F/S,396.7018801597869,698.2287729235045,0,357.5639342319727,0,648.5988542497084,0,648.5988542497084,0,1462.4191255325675,0,1175.7845581503873,0,731.6917542474563,0,227.84806172222198,0,909.7283721370497,0,1113.8584614092515,0,0.0,0.0
2061,F/S,5103.179830399789,313.09808087928184,0,682.5723639698648,0,413.4469592579075,0,413.4469592579075,0,1522.0262764875936,0,1565.3232370003632,0,231.42522877126535,0,53.41171490828199,0,373.2456417207625,0,646.5873402609838,0,0.0,0.0
2062,F/S,2751.9428250100686,143.87772120728496,0,703.8326107275319,0,185.54299633259294,0,185.54299633259294,0,1314.0510285914606,0,1977.0346087165105,0,328.3380948175816,0,148.04033097543248,0,207.3860176706793,0,581.2328793215337,0,0.0,0.0
2063,F/S,1555.6881407407802,231.59840838642384,0,1021.9491771855533,0,323.70465223863357,0,323.70465223863357,0,1421.9747054551256,0,2193.8422941691483,0,683.9198035240066,0,349.9372005579213,0,543.7074332485139,0,875.880740054335,0,0.0,0.0
2064,F/S,1303.6427752016798,259.4707012472388,0,1033.1815695951564,0,325.4485533863377,0,325.4485533863377,0,1331.7848733363421,0,2090.19334458898,0,704.4236634085412,0,373.66554009347664,0,588.9341337075434,0,878.6797277493836,0,0.0,0.0
2065,F/S,10270.285754418117,401.9377311885622,0,199.3575859447092,0,5.416618042695673,0,238.29846988790607,0,282.8541761665443,0,1449.3040843049969,0,768.6486626120314,0,63.127748966055684,0,1015.7369550331703,0,869.2561750790766,0,0.0,0.0
2066,F/S,3293.33041837246,505.86050895389656,0,482.6401205243768,0,62.438753970652854,0,62.438753970652854,0,531.8559084767002,0,1045.7040804888986,0,775.1335730096729,0,10.760840249763387,0,928.7918333363101,0,1061.418762584475,0,0.0,0.0
2067,F/S,3394.5422098583913,545.9136410525626,0,466.2783267855581,0,238.66332530619837,0,274.9346512053164,0,547.9100923250387,0,1245.670146927273,0,982.4253395838897,0,148.24744952116777,0,1123.9854257625477,0,864.4310372500948,0,0.0,0.0
2068,F/S,17526.150590817248,273.1307731499703,0,174.20815350233408,0,55.28771567285011,0,55.28771567285011,0,868.0267998594712,0,1349.0916609259093,0,540.7633450214324,0,124.96240408729054,0,631.8969029726405,0,335.1394995866553,0,0.0,0.0
2069,F/S,1884.2885753082346,61.984031373935636,0,490.3779960770798,0,187.09051313562637,0,187.09051313562637,0,1061.3792694895071,0,965.9196011114727,0,761.3893361033455,0,183.4324277765097,0,856.7349536866855,0,855.2134575160884,0,0.0,0.0
2070,F/S,3101.2090597699694,85.02208653160248,0,409.15778977325346,0,221.42722211619025,0,221.42722211619025,0,1204.585966971499,0,1065.246225606775,0,573.4912786146563,0,75.14966668626032,0,769.3371525186737,0,743.7324451815107,0,0.0,0.0
2071,F/S,23882.029412542575,237.49758002154988,0,516.7180216410085,0,254.83691858250654,0,254.83691858250654,0,785.8536580300312,0,990.5061511123779,0,715.3518547331129,0,58.642660360630146,0,865.0899707286469,0,667.0724514647146,0,0.0,0.0
2072,F/S,36937.33059835535,106.3951780413094,0,293.91154442607035,0,33.704215394682535,0,279.4627339530204,0,1134.2223504525434,0,1212.33474176752,0,284.84545033358194,0,30.80762604751861,0,440.1607217211329,0,380.95018399516715,0,0.0,0.0
2073,F/S,708.6803448702866,262.27872598069354,0,450.46547091085284,0,151.34326139436024,0,435.05771812577296,0,1231.6363138846866,0,1333.7666578145872,0,393.29890234922436,0,152.58135144261516,0,575.3889161543972,0,535.0485382399844,0,0.0,0.0
2074,F/S,735.553559453412,225.61816267965355,0,513.7711252773341,0,258.7125592940853,0,366.3870202349474,0,1407.2507567646674,0,1456.339009553814,0,184.79023615445234,0,60.318779092909246,0,389.6178476516981,0,513.8990773061698,0,0.0,0.0
2075,F/S,4470.628930157296,198.45109722308055,0,388.8531687049038,0,22.064686063323357,0,57.91182423537728,0,43.791773312769585,0,459.253410051803,0,227.8084494602413,0,98.23732903691717,0,637.7574020494255,0,722.6825948322224,0,0.0,0.0
2076,F/S,1161.0557816659618,277.09883663905,0,426.48002981111006,0,53.161031798915666,0,95.35499862811093,0,106.69215990281867,0,402.82171378617784,0,196.7220379249635,0,105.76455772036428,0,687.6476228458422,0,744.655816881822,0,0.0,0.0
2077,F/S,917.2202622574841,33.05275852648886,0,323.62691455957753,0,272.15252346160105,0,411.16750779576313,0,404.8430814562121,0,335.22869063980454,0,64.57986757972486,0,146.5973712326804,0,808.1422771738729,0,554.49781683155,0,0.0,0.0
2078,F/S,857.3283618331228,222.78902503898487,0,507.2500807920021,0,120.09286727098709,0,320.93941445998377,0,389.5967886160783,0,165.43122033437106,0,170.3995152818972,0,139.42703724982033,0,633.7226789833237,0,752.6234099975799,0,0.0,0.0
2079,F/S,23289.120135465724,0.0,4,454.0350538980836,0,2.933061989638055,0,166.8778819760086,0,472.37451707311544,0,1053.4777110636662,0,134.10231352880328,0,21.251105847392484,0,702.4151028730503,0,310.6012512223239,0,35.0,16.0
2080,F/S,13429.154313500094,158.68515220223736,0,46.44697603529793,0,0.0,2,0.0,2,893.9606093747308,0,1570.5890558004564,0,511.99876031272333,0,80.65825780775785,0,540.6843299115154,0,191.86302725722012,0,0.0,0.0
2081,F/S,950.3415281836025,29.61947161176666,0,548.2167570398736,0,151.32252746231202,0,151.32252746231202,0,404.86004673291785,0,930.2879655350195,0,155.1846972985667,0,16.383078156781636,0,1013.8516489218463,0,405.76074864365216,0,0.0,0.0
2082,F/S,3148.5213023417377,14.31582136230162,0,522.6894178477901,0,78.3863741796085,0,78.3863741796085,0,405.79934215493586,0,822.1458763406033,0,83.65160942234643,0,46.02734599128592,0,901.7648431585661,0,446.9197970992016,0,0.0,0.0
2083,F/S,14172.591372635177,0.0,1,584.7652137545526,0,98.62265779797146,0,98.62265779797146,0,479.2230527205006,0,958.2501586099612,0,200.3139758080801,0,13.956225826387039,0,947.6521749581402,0,473.8650820432345,0,35.0,15.0
2084,F/S,17103.541511605807,0.0,3,303.2340329578161,0,75.5932628094853,0,223.38292971998564,0,194.47832952762937,0,966.49809660196,0,373.6783999186404,0,41.81479844847548,0,941.0419721049005,0,1.3635275296647675,0,29.0,17.0
2085,F/S,5778.226550451927,7.164271075486007,0,402.89164634248266,0,116.7079038521482,0,215.39108559299058,0,353.1397486194398,0,1063.6458958849976,0,120.83687177112152,0,37.459412146037714,0,692.7835130961248,0,173.47953921477176,0,0.0,0.0
2086,F/S,4119.568245701974,0.0,1,668.5084070636105,0,163.8727430155753,0,163.8727430155753,0,583.4153088281419,0,1332.8461579002237,0,30.187780290884,0,59.11022568801804,0,653.701795501811,0,381.633270483214,0,7.0,7.0
2087,F/S,3086.604584244502,78.32977120958965,0,493.85817677959227,0,14.792809760445092,0,14.792809760445092,0,729.5342108464761,0,1513.2209467203472,0,175.89814580151537,0,129.05495797067528,0,386.5629328025623,0,336.7001246724164,0,0.0,0.0
2088,F/S,18746.791519506543,0.0,3,494.3365521717773,0,21.33050570280885,0,21.33050570280885,0,761.7067923737628,0,1544.006479985906,0,174.09612905602833,0,58.37819779706392,0,146.16770807428696,0,335.2061150818517,0,31.0,19.0
2089,F/S,371.88033103579306,37.454008842805884,0,547.3980275914829,0,69.10288778874134,0,69.10288778874134,0,805.8328479419991,0,1589.1722179979108,0,227.07469248389896,0,149.49095168272922,0,397.5191058386561,0,388.0483759246921,0,0.0,0.0
2090,F/S,1964.7506004273173,2.7325154372962457,0,340.50596055171656,0,53.12650880206212,0,53.12650880206212,0,989.5184890907192,0,1751.090627372073,0,117.98990452812649,0,17.455045766515042,0,145.54878234187285,0,212.48282781748742,0,0.0,0.0
2091,F/S,12143.944486248913,0.0,1,391.0542768945696,0,77.82284797060194,0,77.82284797060194,0,842.6021224403529,0,1625.7603296322427,0,279.77319297358434,0,0.0,1,134.3124594035499,0,250.73473876039176,0,7.0,3.0
2092,F/S,561.9748906130554,140.05144122538366,0,380.7265610165517,0,110.27507872978336,0,287.2032574119255,0,1300.6636554749296,0,1467.4016579210588,0,233.88582120555463,0,155.84485638533724,0,407.6328714638085,0,413.2123242704326,0,0.0,0.0
2093,F/S,44756.043414726286,91.16627881466312,0,39.22607656608675,0,21.993155115925404,0,21.993155115925404,0,624.6656405144671,0,1327.2460041970921,0,477.73086263432407,0,80.85795303846947,0,530.7627525015722,0,178.8805671381053,0,0.0,0.0
2094,F/S,297.4909127095113,184.36473885574975,0,142.70538930681133,0,137.9523969409338,0,137.9523969409338,0,816.7884789796983,0,1500.2877365547565,0,618.0131374383368,0,228.85018991207104,0,622.7185556025989,0,254.13553355564014,0,0.0,0.0
2095,F/S,609.4765555690784,308.90596258806096,0,228.77553369513546,0,51.99406456499165,0,51.99406456499165,0,880.6294371778191,0,1517.1503211889085,0,695.2480331176956,0,168.1319588884616,0,724.9738379010507,0,368.47301381571435,0,0.0,0.0
2096,F/S,15942.946458597158,1.4995792630639877,0,325.32066526981487,0,109.28413622837499,0,109.28413622837499,0,154.71302070945046,0,896.3020589068448,0,119.25984114201745,0,26.98336227054385,0,888.1455303046412,0,77.09494215181101,0,0.0,0.0
2097,F/S,7697.530860436327,19.705338188862033,0,95.16873601903725,0,308.36277907277406,0,308.36277907277406,0,20.765281410970104,0,688.9626084624124,0,195.81735563414975,0,159.9169209132764,0,1057.702325410251,0,105.10095865412076,0,0.0,0.0
2098,F/S,1772.5706320933095,56.34129450942991,0,333.3023782622257,0,235.79836110655557,0,235.79836110655557,0,276.33330140765224,0,642.0084124753254,0,37.14370817107609,0,28.707865354769453,0,975.6623860326017,0,387.28383628465434,0,0.0,0.0
2099,F/S,247.9234234864103,10.873578204175555,0,743.7594943523293,0,78.00274770034885,0,78.00274770034885,0,1235.47153862777,0,2018.463925550254,0,449.1625850341959,0,74.71634758404814,0,273.788482929845,0,600.1252536727571,0,0.0,0.0
2100,F/S,2437.916988365483,0.0,2,394.74986179112693,0,143.38849551690845,0,143.38849551690845,0,1193.1968593937918,0,1726.0694286792354,0,43.53201493840821,0,29.40782878269322,0,129.95746862313837,0,322.32654974600246,0,20.0,11.0
2101,F/S,824.3117558653896,35.610204036920834,0,374.4906245361546,0,162.05955611646206,0,162.05955611646206,0,1200.7730312408798,0,1622.113057264635,0,74.27520739235642,0,38.97221100823392,0,197.67920825514116,0,318.61310835544987,0,0.0,0.0
2102,E,12796.501865747347,0.0,1,835.6552700025095,0,1032.6646059790107,0,1032.6646059790107,0,219.00129332510005,0,1071.195048148336,0,74.27167596840152,0,176.9125553385143,0,546.0701622905113,0,224.27514196167283,0,8.0,4.0
2103,E,1349.2600659884426,27.64354390346271,0,285.0387046441253,0,248.51564340758057,0,248.51564340758057,0,423.7854969669915,0,441.1336183407354,0,713.7426565981763,0,66.38998689414314,0,448.32281564784216,0,622.8013344534791,0,0.0,0.0
2104,E,26818.306793444724,333.90811045312535,0,222.93079112102097,0,0.0,1,49.99387316648646,0,169.66611317135954,0,485.5302996587551,0,327.7726898710406,0,17.63516056288998,0,665.7557886263342,0,1294.474890159552,0,0.0,0.0
2105,E,12205.570768273412,244.8402498462032,0,181.19343363945032,0,32.49631065068034,0,257.41002589162156,0,96.13256742984024,0,1090.3657698507263,0,221.30234435867078,0,49.5345762955848,0,410.5347158843193,0,390.17487022601125,0,0.0,0.0
2106,E,1514.5966242275742,190.8631691592302,0,238.63650238682956,0,150.1533609172279,0,197.22171730101002,0,39.19653886999037,0,1097.3886665543987,0,164.36762873057657,0,23.42349276730882,0,374.13811863427463,0,598.3827325023483,0,0.0,0.0
2107,E,415.3093374882659,170.21520099471005,0,423.883188850168,0,161.95855862163947,0,469.5109516312213,0,58.20622858985251,0,1083.9169281375925,0,400.7523913578963,0,116.75299508604789,0,5.619842467596929,0,137.3392739617473,0,0.0,0.0
2108,E,601.2994701647468,120.0652129143471,0,207.59467559153717,0,234.7114190355513,0,234.7114190355513,0,510.1905202963676,0,727.2721796591359,0,749.3337965911694,0,126.49060920945409,0,288.64739104147867,0,363.0385187325053,0,0.0,0.0
2109,E,1704.7172223268858,96.00641906332017,0,260.04459610774745,0,286.07866915232586,0,286.07866915232586,0,516.7071095168492,0,748.3137296455639,0,685.3360285718849,0,156.8035671523513,0,210.8961717572245,0,314.5516528479573,0,0.0,0.0
2110,E,6978.69358783834,35.521452038806636,0,472.52226156817596,0,29.30155302905171,0,157.14971335015755,0,122.13791666232333,0,829.5428112748542,0,614.8022433731452,0,20.194295598160434,0,888.4433421679771,0,954.4154843768823,0,0.0,0.0
2111,E,297.5818055578721,124.19315979263403,0,562.8232260270454,0,79.00613812054691,0,214.1879789617063,0,202.8046686812387,0,918.4393693176829,0,654.9614518213244,0,74.64929072995191,0,948.744756913585,0,1046.1250892021367,0,0.0,0.0
2112,E,5304.789740028394,4.97265370445492,0,371.671412307214,0,72.87973773816384,0,131.36650114666764,0,70.50637832857561,0,730.2991012668939,0,549.1858684876246,0,64.17120596258647,0,1088.0706872483036,0,850.4148553714068,0,0.0,0.0
2113,E,1587.0819396527413,92.2601020135108,0,486.53617988248544,0,3.4779976234815653,0,3.4779976234815653,0,123.50873326519292,0,822.2470228073851,0,193.10614920908793,0,102.88812245284997,0,1069.097272288002,0,842.7620354601186,0,0.0,0.0
2114,E,2134.4608185567567,203.6601993487082,0,140.5969285620125,0,72.3869770959403,0,72.3869770959403,0,421.4706609439565,0,634.9020546817165,0,392.85542324102136,0,121.99328827495864,0,672.0836451320014,0,668.5022292870844,0,0.0,0.0
2115,E,805.8311112767307,138.8552760665005,0,92.7941502695138,0,35.72772239271212,0,35.72772239271212,0,411.8675767203658,0,572.1082943781756,0,531.4218683796523,0,59.61962247058628,0,571.214573263314,0,616.0661829825367,0,0.0,0.0
2116,E,929.8207008695473,103.62334370727233,0,237.09063507845275,0,173.6909988870554,0,173.6909988870554,0,283.757323210655,0,466.1933495207759,0,423.7335065350448,0,47.33519127923753,0,563.545876901582,0,752.2672701820792,0,0.0,0.0
2117,E,9726.040277420856,111.23672299233482,0,203.49760250176038,0,212.06613401762218,0,212.06613401762218,0,490.2289420222962,0,625.3022197819956,0,642.1034043288035,0,41.68496942869189,0,215.90185892087734,0,352.9875262652748,0,0.0,0.0
2118,E,8314.707617265207,20.46735874198895,0,765.4100631065944,0,763.8879393677205,0,763.8879393677205,0,143.96178292862842,0,772.249317168892,0,157.40201076250324,0,46.088108208621684,0,344.34367007211335,0,198.9605222002679,0,0.0,0.0
2119,E,14709.93253475528,34.06593507472197,0,915.9679984145844,0,1044.6720856981972,0,1044.6720856981972,0,288.4955562716732,0,1005.3133372493311,0,89.06745495724164,0,117.07603523228855,0,603.0248059449855,0,311.49642830933914,0,0.0,0.0
2120,E,324.41299920561636,56.66827429513295,0,580.1953782822701,0,838.5145904661667,0,838.5145904661667,0,289.0950264425472,0,1269.1926858877036,0,312.9173311308988,0,325.16501044988036,0,553.6574059237091,0,245.67391854736388,0,0.0,0.0
2121,E,1045.5908637417933,26.341116978071078,0,242.58359267567502,0,386.54715497425525,0,386.54715497425525,0,540.7397362382693,0,1578.931662767819,0,741.439679203054,0,214.72150312098864,0,589.3436274463522,0,577.9162214497472,0,0.0,0.0
2122,E,1018.7223023914289,15.291780933045388,0,226.54042377418287,0,426.8281059705866,0,426.8281059705866,0,548.6572747171081,0,1569.1325286465226,0,725.2414683381327,0,218.76974200496062,0,659.084240030949,0,567.756397701217,0,0.0,0.0
2123,E,4636.842067634541,41.03269642165456,0,148.1239863136741,0,50.35583265807884,0,50.35583265807884,0,118.04525942578019,0,729.1428524060952,0,357.0730260352803,0,16.37503187033995,0,377.74570169864484,0,760.8468160624165,0,0.0,0.0
2124,E,5670.039294613928,55.005693816558036,0,223.4309919427643,0,51.23879452796119,0,89.31313522989112,0,128.91205340208114,0,556.0854800084745,0,450.11150724577163,0,48.00236644887032,0,251.49959214852635,0,836.3196820777279,0,0.0,0.0
2125,E,533.1174890229194,94.85841025421647,0,286.2951715195853,0,88.52691695992225,0,118.47782846213505,0,164.97795039549368,0,588.6388829766873,0,556.4027503079081,0,81.2765274423405,0,259.95689298992926,0,880.2082922726967,0,0.0,0.0
2126,E,1454.7056623352719,48.15519519266143,0,295.28253981675925,0,78.82107380703606,0,129.22486821205635,0,163.1680180456581,0,557.4555822015583,0,510.6967552028658,0,59.48006515284726,0,217.8221756991155,0,875.896519786848,0,0.0,0.0
2127,E,8317.060415518787,0.0,2,366.27785027602783,0,32.15807920281549,0,98.02210589921904,0,117.58555435455153,0,418.9101274568714,0,364.0069884927697,0,0.18491366858890307,0,129.19016397650253,0,928.0435082806843,0,14.0,4.0
2128,E,3585.1459564061324,157.69881131700424,0,509.46899538254706,0,94.00962824423695,0,114.84441655071062,0,59.22767381959201,0,352.24496919557293,0,379.0355296518766,0,83.13963869010118,0,255.57840851001174,0,1103.530252280427,0,0.0,0.0
2129,E,1349.358672706866,0.0,1,367.8068089661202,0,19.321352295193076,0,19.321352295193076,0,84.85887737714542,0,94.29975701035926,0,199.99742668586273,0,105.94383133351768,0,418.4413138822533,0,1055.5475912756979,0,5.0,2.0
2130,E,1268.7345236499236,123.25986886531226,0,513.0854152973583,0,215.17120372183854,0,215.17120372183854,0,282.3497657267316,0,1338.7264311461345,0,868.5472001208133,0,27.607513882684504,0,475.22379248136883,0,555.3164543701986,0,0.0,0.0
2131,E,5823.093393356191,71.77707743962083,0,479.99002641757426,0,122.79656161424646,0,134.64240526706982,0,24.563106366184805,0,404.058134120756,0,465.7264183080035,0,155.89487428330742,0,419.1315714208628,0,1160.355393810515,0,0.0,0.0
2132,E,562.0558668135739,32.31643760959969,0,415.8332583202088,0,132.28276477964965,0,164.86968724112825,0,43.08353314699932,0,364.98445595003307,0,515.367621347109,0,136.9614890207923,0,465.1056754567307,0,1253.2045771605017,0,0.0,0.0
2133,E,1777.0968814886673,51.76627507394926,0,387.0455973458019,0,94.08244081719707,0,181.230835353477,0,17.476083117902284,0,372.77257606530725,0,538.16461881395,0,99.98599793357246,0,524.8922230856319,0,1319.5788044303208,0,0.0,0.0
2134,E,950.5286850979238,61.86776061000811,0,357.85164709403796,0,9.053644948019937,0,9.053644948019937,0,221.96652150665918,0,83.69095837078085,0,207.4340030316327,0,116.42347686794835,0,428.17072699087333,0,1062.1700211836908,0,0.0,0.0
2135,E,7767.879256480506,267.9464878049599,0,469.3450342391863,0,88.55937142028782,0,236.49701559007718,0,243.27661628190842,0,552.8133108276256,0,221.70127967877053,0,167.47004115162983,0,650.9569045781633,0,654.8718088021501,0,0.0,0.0
2136,E,3118.2515499530964,414.4967941920138,0,323.2071226147483,0,106.05401406154638,0,106.05401406154638,0,161.51906020005876,0,580.4195972346115,0,411.5612356106864,0,155.60135379239415,0,794.9284762733104,0,877.9086946693797,0,0.0,0.0
2137,E,3767.1136996529212,369.5697976493453,0,230.61090860061,0,16.633700126504888,0,16.633700126504888,0,94.11745760679077,0,650.309789642198,0,504.01431840331014,0,75.205353772643,0,705.8121664181275,0,887.1084197742341,0,0.0,0.0
2138,E,8675.004492724001,84.73727327429265,0,317.33807859403083,0,88.6560576695205,0,97.92364113926841,0,91.84546376444712,0,762.5138596781006,0,297.21795368180153,0,29.623524200500984,0,451.54921048748895,0,626.2079687781057,0,0.0,0.0
2139,E,2450.7536760816315,115.36145690329953,0,90.12355962034981,0,96.3637609118202,0,188.07565071229618,0,126.22791870970349,0,1013.5720085480943,0,677.4184721189366,0,40.49446295447563,0,26.802866005508548,0,954.2458680393889,0,0.0,0.0
2140,E,983.6402141428749,232.27630142285346,0,241.83105064028175,0,194.1221752819995,0,239.8366173368989,0,127.70250704333708,0,1014.1973977495572,0,521.1039827397584,0,175.72595479051253,0,321.07868256608117,0,952.0611721424272,0,0.0,0.0
2141,E,2659.384641748654,70.15833400778311,0,427.93307319638586,0,952.6530112424322,0,952.6530112424322,0,731.2610123253801,0,1678.7038278419418,0,674.2371738924854,0,766.4311570140231,0,1002.2029958319134,0,694.0823796120457,0,0.0,0.0
2142,E,400.88274944545435,141.87171544903785,0,541.575286263065,0,28.394068018803615,0,163.14501323918097,0,109.38157767388738,0,647.1348928434783,0,376.3014117539527,0,63.709327208519,0,749.9240204785018,0,1397.2270482589945,0,0.0,0.0
2143,E,2056.035669613972,12.23003460740128,0,509.2674178856318,0,62.91356543120577,0,114.94524541620237,0,99.77355997866474,0,524.8265839844839,0,423.10037892398253,0,98.95956129659287,0,457.18634695653924,0,1124.1637223908647,0,0.0,0.0
2144,E,198.37024432314251,62.8863621954883,0,495.7965466269087,0,102.22266936883733,0,102.22266936883733,0,73.66043082937976,0,477.85910622686015,0,480.9327180352063,0,150.55992540197028,0,424.9112518362565,0,1110.6021584939094,0,0.0,0.0
2145,E,2727.5819631164113,94.41886964361403,0,353.2912213130785,0,64.25666220751074,0,72.75940225953408,0,124.31542307190027,0,616.7342743082218,0,430.60006115856,0,106.60847947920834,0,413.6750735399668,0,969.1462520575217,0,0.0,0.0
2146,E,2047.758822672236,202.38331533114524,0,485.9968002757561,0,125.8634827164138,0,244.6630900642864,0,72.68712994362645,0,800.6288359830098,0,187.1351351774945,0,72.1674164344087,0,595.0196799943863,0,1072.4612850058447,0,0.0,0.0
2147,E,444.2646428710195,118.80558703101724,0,441.30100949584624,0,45.99483107649065,0,202.40175448919717,0,0.0,1,719.1708794493727,0,299.4517272779714,0,24.901948659863514,0,597.3743826344382,0,1036.4084167790993,0,0.0,0.0
2148,E,216.96773983339568,170.82019771218071,0,411.72915402170923,0,87.66961053247137,0,171.18631997040507,0,53.177257343157734,0,770.0038033368039,0,314.78247470312584,0,0.8957634254007868,0,591.3213159617059,0,1003.5578115989263,0,0.0,0.0
2149,E,396.73350794087094,52.349570496007956,0,117.25604250767893,0,107.63970505423664,0,107.63970505423664,0,73.14084609479158,0,826.8181899238934,0,312.55114948051653,0,62.83268263184422,0,450.61452741098924,0,701.0357602114282,0,0.0,0.0
2150,E,4860.00058273341,0.0,2,121.74074517100048,0,109.08284856971763,0,109.08284856971763,0,127.30098784951521,0,719.0366711315288,0,412.21697148441166,0,82.14415848844298,0,308.1301526385418,0,733.2154742289388,0,17.0,6.0
2151,E,580.637778909482,21.7924780149478,0,184.83525126316076,0,133.6607927627011,0,133.6607927627011,0,163.60495357165206,0,648.7067767040145,0,458.0624063609186,0,119.42266899739337,0,275.3429147787147,0,791.9593332343458,0,0.0,0.0
2152,E,762.4647379733775,10.436285636936029,0,942.4880995692491,0,950.787020149302,0,950.787020149302,0,217.4771200621704,0,956.6000700889931,0,44.98989687101983,0,65.98782181432102,0,516.3980138220394,0,252.67621900654214,0,0.0,0.0
2153,E,2330.7588572370887,156.07846879026985,0,151.27687912657245,0,81.85897249313992,0,81.85897249313992,0,312.0697747368283,0,521.2686856786244,0,433.67236051055903,0,107.29545608495182,0,614.1217161017483,0,687.2109521973799,0,0.0,0.0
2154,E,8155.546153662414,185.11619518730282,0,176.65588354309133,0,104.50306566324042,0,104.50306566324042,0,285.25917797665795,0,532.0966053650399,0,338.0775924681434,0,151.84440780668018,0,612.2105279297231,0,710.9331747291515,0,0.0,0.0
2155,E,882.3145998833879,4.577938190490245,0,942.0980878955412,0,931.821333843693,0,931.821333843693,0,299.68447117928275,0,873.3051546867516,0,158.68756989371425,0,9.029790230312098,0,558.0686437812686,0,344.06974116186154,0,0.0,0.0
2156,E,520.7042694952895,2.6444989692173406,0,930.3890058960392,0,948.2203714074096,0,948.2203714074096,0,206.80935094230216,0,962.425635802761,0,32.42176215304981,0,76.2658971948221,0,509.2905835748795,0,240.85996385689214,0,0.0,0.0
2157,E,1746.0445299966632,12.641358324454426,0,473.8588374978997,0,346.64554575527416,0,346.64554575527416,0,384.45944959982404,0,1045.9045374622744,0,584.0857819011069,0,18.00983179755105,0,151.1551127657863,0,53.759016352377515,0,0.0,0.0
2158,E,2089.0320337870494,44.51320425843304,0,626.8678171357631,0,443.4352447390991,0,496.6510321536819,0,305.68265374338364,0,1038.1478667414663,0,505.3997507151824,0,8.928903239803269,0,139.7407736780134,0,259.62957714652066,0,0.0,0.0
2159,E,9864.8760301319,89.80927343329888,0,320.823700453,0,46.28714621351296,0,46.28714621351296,0,356.0281231020089,0,576.0085710465665,0,387.0560313295612,0,93.3955619938055,0,643.1789345432964,0,380.5976750989493,0,0.0,0.0
2160,E,425.6763454570554,66.34021187660647,0,204.51328735403334,0,35.821925877209814,0,35.821925877209814,0,460.3018179833749,0,675.3167764354871,0,520.3515222296724,0,179.3385406723503,0,794.0062023371149,0,543.6155592119018,0,0.0,0.0
2161,E,989.7942719535313,0.0,1,144.21437043318284,0,23.44380013480609,0,23.44380013480609,0,369.34515028302235,0,749.9586057597556,0,592.7696110540712,0,82.73416430313122,0,712.6119702440554,0,505.9364075149795,0,5.0,1.0
2162,E,489.71443155495797,28.4784606149228,0,968.46264575002,0,1427.6060638907077,0,1427.6060638907077,0,780.0218251166762,0,1492.0730136887091,0,607.0042306147849,0,408.1462587809114,0,1107.1158559733026,0,777.6635268302276,0,0.0,0.0
2163,L,18782.274860410267,314.5038657840328,0,482.6942191248312,0,161.5738136375404,0,527.1505523114811,0,300.8649546024519,0,1210.7189223924117,0,1273.7328786790047,0,14.607207155496939,0,338.3377936012857,0,611.0717625462455,0,0.0,0.0
2164,G/N,11196.253704793982,294.50284208285996,0,519.3919692053499,0,207.02604468763042,0,516.436597204086,0,336.01214106368195,0,1274.9191210071183,0,1422.7722619080823,0,16.548859410606546,0,262.6679789328524,0,716.641891833981,0,0.0,0.0
2165,H/E,7228.84370720487,42.26776043287333,0,488.4829142025252,0,44.58370513056132,0,242.73730134086605,0,378.51138448630786,0,582.1870241019649,0,575.2340161760591,0,23.838643983762488,0,93.05630829390654,0,678.4842374588213,0,0.0,0.0
2166,H/E,12199.96671310581,58.73291940688859,0,219.8729761007198,0,99.75824833965297,0,99.75824833965297,0,272.3750125713764,0,735.1686237062183,0,471.0609388037774,0,24.90156960837758,0,96.6160428481022,0,426.8694187532457,0,0.0,0.0
2167,A,14336.97097049666,9.360354947327448,0,441.9644123943618,0,438.27705352589516,0,438.27705352589516,0,91.0473658478076,0,84.11280909699937,0,543.9035410334515,0,31.2701782419088,0,1394.496767251213,0,2496.7715618793,0,0.0,0.0
2168,A,37304.62209852051,0.0,5,493.40222415930384,0,407.32612222836195,0,407.32612222836195,0,33.47967548252142,0,328.6708721345616,0,539.5585075484265,0,26.36957909341312,0,1784.2312239223568,0,2883.900469420205,0,72.0,39.0
2169,A,26518.01622912669,0.0,3,2369.6142507026875,0,1330.8820319826864,0,1914.6912549060444,0,891.995041286679,0,1875.527670394605,0,1142.7558247255768,0,37.746916352658026,0,3062.026362256035,0,3880.2477682023728,0,32.0,17.0
2170,G/N,15825.7735182681,0.08587170970705206,0,191.3192261321788,0,66.26189491593748,0,66.26189491593748,0,376.4402120509368,0,794.3735743575052,0,1108.323606785242,0,89.86747269215172,0,688.9098081589085,0,172.79709882538148,0,0.0,0.0
2171,G/N,795.2290902095323,105.21212682757182,0,242.93278591025614,0,130.50420833041952,0,130.50420833041952,0,447.6362391903987,0,320.67523520689485,0,1016.5641801912642,0,130.1708756353096,0,347.96992240730265,0,610.4388056096329,0,0.0,0.0
2172,G/N,42883.97226983948,0.0,5,138.60935158921143,0,0.0,2,0.0,1,353.030039642231,0,214.98742430759398,0,843.1269002451379,0,0.0,1,311.03853623267577,0,459.3575843485338,0,45.0,13.0
2173,G/N,361.48175828498563,36.96464030152538,0,186.99164506731654,0,161.50758753112183,0,161.50758753112183,0,402.1249013825042,0,261.7073962188035,0,1139.873686473598,0,168.6831907714546,0,402.69435905183644,0,575.7049293066982,0,0.0,0.0
2174,K/W,21161.034319731854,281.51070617650595,0,1187.7852403612956,0,36.37504290477848,0,461.5104073977414,0,356.55694517069315,0,1833.1034694340121,0,497.0507396219946,0,47.101505203782104,0,1660.1214587827687,0,471.68280231368243,0,0.0,0.0
2175,K/W,1802.2872707059723,306.4644385242739,0,1226.7971751209996,0,72.55717145211584,0,611.3120566673188,0,390.5826060474544,0,2004.5993499401145,0,680.8232325932257,0,218.6710081701975,0,1676.0381154845504,0,587.979207874501,0,0.0,0.0
2176,K/W,2846.930066677003,372.9160125909958,0,1269.6985337372557,0,71.66341631344609,0,501.25017954610274,0,419.27494739904745,0,1947.8568132003882,0,564.6284994758214,0,108.07392205726278,0,1752.2429160052832,0,495.58322404075756,0,0.0,0.0
2177,K/W,99869.18506755022,0.0,21,374.4297205274006,0,15.680924739949742,0,552.4510220408677,0,343.69624082964043,0,997.9955701868228,0,197.88713964311992,0,12.044135104867292,0,1533.4309098905899,0,636.1208831523738,0,166.0,84.0
2178,K/W,2130.3949574258572,14.228461378598661,0,515.4818667362782,0,125.46926102318605,0,845.49672770038,0,529.0662689592493,0,1294.5621204860133,0,423.2645338647925,0,206.29751574827154,0,1799.258035696916,0,922.2063643125879,0,0.0,0.0
2179,K/W,16165.315224918179,49.63234763508804,0,296.8470591522696,0,17.38121506187152,0,148.99135282796448,0,220.26504559401243,0,947.5248706338037,0,759.6379312790807,0,101.74467045492378,0,416.3665859679443,0,398.8988076941232,0,0.0,0.0
2180,K/W,305.60315532815156,122.45742730705169,0,348.22618345987587,0,140.32759699302224,0,202.10637421029114,0,277.4595624530469,0,1007.5004424456988,0,872.7649706264204,0,190.47095142154498,0,458.28898459103215,0,439.38593702573485,0,0.0,0.0
2181,K/W,14197.949565990491,381.3705771599284,0,506.4194627886258,0,149.12811211597685,0,533.6447987706442,0,175.88949465873185,0,2199.131399652406,0,641.0224606250073,0,5.916547409290206,0,2483.5615060631553,0,549.5522479725346,0,0.0,0.0
2182,K/W,827.8844102105651,550.4145135334376,0,540.9544188895669,0,182.6705113810467,0,640.8439217015124,0,209.23665312090986,0,2363.5224938732476,0,767.3938533606896,0,37.777338885385454,0,2626.3698139889652,0,628.5746986164633,0,0.0,0.0
2183,K/W,63614.35648586527,0.0,8,311.97355169493494,0,51.80861418176166,0,263.387461576058,0,593.8337890237046,0,706.3869913051985,0,416.64822626913696,0,4.9002510174409,0,1180.6048942165594,0,274.38929585067643,0,69.0,31.0
2184,K/W,1771.1336571563,57.1501652492623,0,425.13016235868565,0,185.57265345627494,0,371.5134992927708,0,765.0220081017432,0,819.6632869476887,0,537.3718189537155,0,188.4683285957479,0,1291.8497264838384,0,387.6527030575502,0,0.0,0.0
2185,K/W,18518.995173923253,0.0,3,532.4770967077156,0,32.470483427586,0,785.1861574629446,0,252.53370884269717,0,1254.4153789684435,0,598.2252605015091,0,50.154055702355926,0,1377.2016996493276,0,834.4857730881595,0,22.0,14.0
2186,K/W,992.9381611570675,18.064730668423863,0,638.5285981722869,0,110.2624264384383,0,865.147203922284,0,282.4708142764528,0,1334.4938911717204,0,697.2744208897407,0,135.02849764051,0,1492.5995846889018,0,917.0441450656788,0,0.0,0.0
2187,K/W,1794.400324781694,15.693144933677788,0,266.733188432799,0,285.7934133193738,0,285.7934133193738,0,154.62367705591907,0,237.73355841139752,0,190.80237315938027,0,241.96381372788974,0,852.7028572003574,0,767.0980126954323,0,0.0,0.0
2188,K/W,99.1174296232086,23.036948068307456,0,276.92683391975294,0,291.6458476442673,0,291.6458476442673,0,169.7455488391908,0,253.69049249354373,0,199.48514200220924,0,257.7910843361328,0,902.7539456019246,0,818.2630306528958,0,0.0,0.0
2189,K/W,12537.86611599361,12.482897997063624,0,1222.0859713941354,0,110.52644185187576,0,110.52644185187576,0,225.2183119888871,0,1732.536292860359,0,107.20380503539874,0,51.147488481954056,0,1808.33139266965,0,282.2959071385356,0,0.0,0.0
2190,K/W,177.54899282057522,92.63449963536169,0,1300.7764812807352,0,220.53891547071856,0,220.53891547071856,0,278.50690054601046,0,1785.181501348739,0,214.58422329210433,0,147.2949647029776,0,1830.3421055603562,0,373.7369645290241,0,0.0,0.0
2191,K/W,1837.432967297742,52.227481162798895,0,1269.2024089543083,0,147.92237541680305,0,147.92237541680305,0,235.64151465862565,0,1744.4828079588956,0,138.6268018679045,0,161.26447270001435,0,1820.2469046260373,0,357.4612782468497,0,0.0,0.0
2192,K/W,7952.0174657535545,0.0,1,354.7325468195858,0,380.2314863255972,0,380.2314863255972,0,134.36710444583755,0,145.36579848834364,0,289.1521306288836,0,236.04163757185378,0,699.1603097119312,0,603.0783609545642,0,7.0,3.0
2193,K/W,507.9719631828135,2.534285010881436,0,423.6329218379804,0,459.29011389432475,0,459.29011389432475,0,209.20520130101727,0,212.73043838803517,0,373.67660135423,0,303.09182474508117,0,717.2492515430916,0,632.8863072445195,0,0.0,0.0
2194,K/W,54250.21373237667,0.0,5,369.84122043147465,0,256.0415950919703,0,297.53376236426743,0,428.6599561976248,0,618.461493827664,0,262.78732076269324,0,63.14228755357171,0,1509.9381203950948,0,198.8485277788266,0,60.0,36.0
2195,K/W,784.4089446449533,45.94137795695819,0,488.28124819362165,0,396.52751943263286,0,409.0322788787124,0,630.1066086511933,0,727.4536430634524,0,368.3019004234898,0,143.6836381300646,0,1617.1658128182773,0,312.0260582905266,0,0.0,0.0
2196,K/E,62223.33724066653,0.0,5,319.5775238679399,0,46.91623679819632,0,46.91623679819632,0,58.36213717615446,0,2153.1119221979216,0,600.5972199151233,0,0.0,2,1346.6138368737058,0,777.058739353403,0,49.0,22.0
2197,K/E,272.512970934013,14.72048861614523,0,503.4230341746224,0,247.34245540912625,0,247.34245540912625,0,163.99533557674636,0,2349.692177801184,0,701.8634341789891,0,106.03465519927656,0,1511.3919892805516,0,909.9882919867376,0,0.0,0.0
2198,F/N,31212.11972864006,0.0,2,429.66553831075765,0,0.0,1,0.0,1,331.7656210947112,0,454.835818997673,0,246.43701373377894,0,6.502066767212919,0,952.1662952956347,0,402.7601864421959,0,40.0,13.0
2199,F/N,179.71443777575257,115.77636429838151,0,625.4757078412376,0,38.640907753522576,0,38.640907753522576,0,536.1929366795456,0,571.1842371584053,0,410.2268428284322,0,128.5300174504581,0,1013.8905037412635,0,458.96913131178354,0,0.0,0.0
2200,F/N,60913.25622962134,0.0,7,701.9665873669267,0,0.0,1,445.4007017215179,0,807.3680010200359,0,278.5123643621837,0,941.2698369319404,0,23.246998909314467,0,1506.3651053949245,0,209.87671314918458,0,49.0,20.0
2201,F/N,53846.27945176007,0.0,2,603.1405777625845,0,90.34780363373217,0,234.10795011151438,0,737.2316455287386,0,802.3797885489851,0,254.85365133016657,0,0.0,1,662.2895261696352,0,316.2071350897868,0,27.0,14.0
2202,F/N,3646.0780404133775,62.65100265697817,0,696.0451893704292,0,192.6121926096592,0,332.2915364233315,0,847.0656582536664,0,855.3106681339052,0,355.5693025450976,0,24.454383181546635,0,780.0743248386102,0,394.14646832773616,0,0.0,0.0
2203,F/N,252.02755302813702,148.42003458479232,0,779.6723288882574,0,269.8310398209108,0,278.55017190783343,0,907.3332868989177,0,956.4215473726096,0,339.2898590020408,0,144.33010256650985,0,810.1949261049932,0,513.9225301533041,0,0.0,0.0
2204,F/N,179419.83267478083,0.0,20,213.6885636317108,0,28.974751244034117,0,265.3869663774875,0,285.9487970711698,0,118.86482128291874,0,184.29813835196788,0,8.224664955286666,0,719.9906220888876,0,0.0,1,331.0,171.0
2205,F/N,6975.178474620817,0.0,1,339.52992035801583,0,42.81092172214388,0,48.3000219709275,0,207.87126589064752,0,567.6007266950375,0,716.695785144645,0,69.51995358783192,0,197.85777315497492,0,693.7444958268615,0,20.0,10.0
2206,K/E,144229.24707245835,0.0,15,182.78772311912016,0,0.0,2,22.60985259490501,0,218.08195085461858,0,2667.897262600589,0,123.91348241894914,0,49.39685819604651,0,744.8924410049364,0,465.3082838815593,0,228.0,120.0
2207,K/E,615.1933158176128,3.5028403781754687,0,345.31692902144226,0,164.42098177038105,0,201.00777264862742,0,328.4831327093418,0,2899.1768025177503,0,322.09319243264326,0,308.0094076473955,0,1038.024367220453,0,658.8197526039091,0,0.0,0.0
2208,K/E,1756.7755251156502,88.79653081085894,0,360.9357110099726,0,0.0,1,184.06534693920688,0,400.0762938659541,0,2982.9621139883643,0,231.75802938032155,0,244.51661358274882,0,1148.2134915089277,0,516.2642205298538,0,0.0,0.0
2209,K/E,495.4562613664306,3.81267672697618,0,453.66521476707516,0,96.50123497191952,0,189.03439920501233,0,397.80540488048956,0,2840.8498866734585,0,430.48009671715363,0,226.10031268661325,0,928.4883700710977,0,761.6703685560037,0,0.0,0.0
2210,K/E,243.60186004723454,77.66397095479832,0,439.44302564834703,0,71.24938488448036,0,264.8308468012901,0,441.6251008708723,0,2984.6217446247256,0,289.7593197667532,0,282.60584891509933,0,1195.7072430123048,0,527.1384316275324,0,0.0,0.0
2211,K/E,365.38529192383777,88.61055481150918,0,488.9743951890294,0,114.71541494640513,0,311.71127303388596,0,497.0540234619906,0,2893.155594727088,0,363.7513051133226,0,264.5552137216299,0,1111.8344259819157,0,619.0153236549372,0,0.0,0.0
2212,K/E,44944.701916579535,0.0,7,321.8926906495662,0,52.34105007292204,0,52.34105007292204,0,212.83909113964938,0,2505.774705302164,0,238.82204878408479,0,28.082318673424265,0,781.8109656278606,0,373.27081614798595,0,104.0,58.0
2213,K/E,854.6253582745715,49.30175197350756,0,477.9980885526515,0,124.70870401256083,0,124.70870401256083,0,307.0147360786389,0,2626.0781047985693,0,361.2432741791008,0,187.90058168030757,0,889.3208487219769,0,492.7395208166961,0,0.0,0.0
2214,K/E,105657.76426736827,0.0,52,0.0,3,0.0,1,569.4931054697006,0,181.1275037691369,0,2289.1272093430584,0,509.9323330306817,0,20.29158260349303,0,1065.2257257055542,0,198.1424242198172,0,312.0,169.0
2215,K/E,557.360669216615,0.0,1,116.50495017498771,0,16.393994116388587,0,704.980569928071,0,419.99024250862544,0,2496.9614294511216,0,713.0568714809249,0,181.47042722821527,0,1288.1959244615061,0,434.30797287926384,0,8.0,4.0
2216,K/E,49825.66394228001,0.0,41,177.45892395420387,0,0.0,1,428.1405513405128,0,67.56725815752888,0,1635.964935265797,0,300.8426094162502,0,75.86213659515349,0,513.4561941338785,0,244.81694849072852,0,220.0,142.0
2217,K/E,322.0310980500764,0.0,3,331.83501103989363,0,256.03575527705726,0,460.2143843457097,0,214.61316966761248,0,1704.9370554689976,0,342.22074515090554,0,294.6491273093558,0,720.7429770960009,0,485.2491773232229,0,16.0,8.0
2218,K/E,21219.658891481933,19.580726583011586,0,331.9829141264259,0,192.6437687252127,0,207.69957563916205,0,145.7988795850346,0,294.87414045309527,0,968.8270613003788,0,40.085832689962274,0,3337.990705364016,0,234.8603371723007,0,0.0,0.0
2219,K/E,1083.9179429533162,137.8480033853419,0,413.36527652009613,0,294.3357575162313,0,325.5883309110088,0,222.09958308692083,0,413.84554372768264,0,1048.1879201587606,0,102.68967269994246,0,3392.5052226296066,0,308.2364232900452,0,0.0,0.0
2220,K/E,11695.637549739751,29.337462647795817,0,453.49267745412595,0,19.999564992925677,0,514.4106694270446,0,127.30233486502982,0,564.5214880569266,0,1291.789748082349,0,105.56270707498838,0,3626.8642392542624,0,57.10715206619188,0,0.0,0.0
2221,K/E,16051.524641401938,175.51790468247586,0,787.4177176388926,0,49.26682781744934,0,547.1292803592079,0,277.34219692328105,0,833.467386182756,0,1261.230401673244,0,0.7021272743050185,0,3539.3711209845055,0,208.5381799300078,0,0.0,0.0
2222,K/E,1023.983557939987,209.74088537439755,0,819.1551752475337,0,159.14951745105793,0,662.6758301340681,0,394.1014737613629,0,867.2311497436408,0,1287.3977949539644,0,31.610934581521732,0,3565.7465429378553,0,266.4381416729024,0,0.0,0.0
2223,K/E,26679.745266134218,0.0,13,517.4061354759401,0,482.0539863442393,0,482.0539863442393,0,96.24948417658946,0,470.0351076080956,0,926.8607323174768,0,251.83700881573213,0,3266.713147415893,0,835.2202771585802,0,60.0,57.0
2224,K/E,344.8039129756141,9.39165184386652,0,553.9189573834706,0,522.2782882094655,0,522.2782882094655,0,183.8552348851498,0,510.63096904902164,0,993.6238634371356,0,311.28260338534824,0,3512.989577609021,0,874.5133560373896,0,0.0,0.0
2225,K/E,48963.19526976913,0.0,14,232.0820230511706,0,283.7034718546271,0,283.7034718546271,0,0.0,1,250.17820783503947,0,1050.4409927738138,0,57.913514334770774,0,3389.1736687554335,0,638.4857295314232,0,115.0,69.0
2226,K/E,204.40229644456286,9.840352065349423,0,337.1080698904182,0,404.18992806269125,0,462.63761074858905,0,93.90981351271323,0,428.67908118243474,0,1286.3701270924164,0,79.55814114343357,0,3527.1303360968127,0,690.0340842135693,0,0.0,0.0
2227,K/E,9394.557033867994,3.1174979822049096,0,1095.5771655204019,0,190.9384455094297,0,907.6676264714142,0,292.67929168255347,0,1160.1469013793046,0,382.21822020630617,0,71.00450241206985,0,2503.978683738904,0,419.4318704865391,0,0.0,0.0
2228,K/E,654.5033634970616,18.746288026390783,0,1109.1671765315416,0,207.1131264518049,0,921.8070779514655,0,306.58740808890553,0,1187.8257833167395,0,411.45677759602205,0,156.18182512867952,0,2587.9021704223896,0,459.35037889923717,0,0.0,0.0
2229,B,760.4629529883256,206.6221965420961,0,205.46141520354223,0,219.12940998764924,0,219.12940998764924,0,253.40336077158784,0,720.7314662786657,0,383.7015598337195,0,10.196314986490686,0,335.5408707522964,0,873.9177386525552,0,0.0,0.0
2230,B,1049.7873368175697,63.40450792391112,0,446.6466985796272,0,146.15044178636202,0,146.15044178636202,0,276.49954278595095,0,857.9075682345488,0,256.76013960753033,0,53.865015622723675,0,409.7366996625949,0,618.7888253475184,0,0.0,0.0
2231,A,330.6667365221684,34.5188606316999,0,306.73744225567344,0,50.11762632137828,0,50.11762632137828,0,69.13159049012526,0,409.2433298104113,0,363.2210000691562,0,228.39940024423464,0,364.9128989236942,0,998.1752373752429,0,0.0,0.0
2232,F/S,2289.280695761259,52.64585269101253,0,333.0277422965999,0,251.92856108832595,0,251.92856108832595,0,547.213990740466,0,939.8357324949483,0,674.2432268397288,0,87.03785957515784,0,499.20397527274355,0,969.8304515982338,0,0.0,0.0
2233,F/S,911.103221005578,5.4549111805626165,0,488.2593494989291,0,152.71046152222678,0,278.5350881060697,0,446.7725503216321,0,991.812844173476,0,204.27310978369644,0,161.6114301775297,0,581.4077430241476,0,900.4906023827541,0,0.0,0.0
2234,F/S,4152.290895087348,379.4859140938463,0,667.1049021189503,0,58.105192446157375,0,58.105192446157375,0,666.4253238245998,0,1313.677543918278,0,64.56750015141579,0,45.852040263223664,0,485.7827924709411,0,652.6749753409067,0,0.0,0.0
2235,G/N,5259.154573849089,210.15839063901723,0,290.19394005064873,0,287.20649873583335,0,287.20649873583335,0,525.9773452234498,0,830.9858989099226,0,830.4783226890728,0,64.3172343670696,0,42.124756500549175,0,948.1132050424372,0,0.0,0.0
2236,F/S,2064.180365348253,10.705205442706779,0,1016.3588616862751,0,1003.2001668754823,0,1003.2001668754823,0,383.0091155778668,0,895.8996961819059,0,217.42063064829267,0,78.92404885976816,0,645.4677750570897,0,424.31111554774327,0,0.0,0.0
2237,K/W,19652.8567490091,0.0,3,715.9338559520489,0,36.26167983057441,0,36.26167983057441,0,530.2523166861049,0,469.5595595975263,0,828.8915556824486,0,47.37428312849132,0,669.883836102013,0,488.512194917833,0,33.0,21.0
2238,K/W,30134.276328227646,0.0,1,877.6113527068139,0,30.429352390935016,0,247.93675059539993,0,207.65269457058142,0,911.3821055428733,0,667.6929480592652,0,65.1070244281786,0,667.909095170104,0,475.8962754738274,0,16.0,8.0
2239,K/W,1963.2053350098427,9.82993092085621,0,593.7523220003206,0,155.8993638093018,0,155.8993638093018,0,68.15283618146054,0,1916.4296318278539,0,641.6757097336039,0,117.65481147171242,0,353.917442922895,0,947.637837029953,0,0.0,0.0
2240,K/W,4673.727666429107,0.0,1,692.7947077646745,0,195.5436065695513,0,195.5436065695513,0,108.73860269397647,0,2028.343642801608,0,738.5605413275605,0,243.51318936526553,0,410.5688799190145,0,804.5408840512697,0,5.0,5.0
2241,K/W,1329.5372296013272,369.03114401476734,0,1400.924689164609,0,66.12733354295656,0,502.76002569194975,0,401.111844938253,0,1810.4635927858335,0,519.0042186440461,0,93.30995906654353,0,1708.352340003672,0,549.5327637712393,0,0.0,0.0
2242,K/W,9816.131837137795,3.738632415652586,0,1017.0382239796312,0,187.2070236101212,0,430.3142152746411,0,73.48542611598951,0,1872.435691505419,0,649.4415076366515,0,258.83041279299414,0,821.7173563973064,0,954.1080230215813,0,0.0,0.0
2243,K/W,31854.443109483273,0.0,5,0.0,2,179.2812241292996,0,179.2812241292996,0,395.3615773039041,0,226.82477811457193,0,841.5590115975521,0,24.488661154168515,0,1018.7347900730022,0,297.28288264962396,0,40.0,29.0
2244,K/W,6334.32189661052,93.66829108542485,0,758.164964087479,0,144.52131773055117,0,466.64756521404564,0,65.85145051862186,0,1374.4384401532157,0,482.7905704962023,0,84.54813113790836,0,1893.6415749294147,0,75.00631433085948,0,0.0,0.0
2245,K/W,7286.815351448135,0.0,1,447.7383134428496,0,155.92064953093333,0,320.6367610832941,0,731.4930552395984,0,741.2426528074343,0,334.9245187767319,0,107.48163743852814,0,1521.3585337945526,0,379.71116729762133,0,12.0,6.0
2246,K/W,16770.218108457586,0.0,1,562.6393656222003,0,0.0,3,452.600268323219,0,561.9455450857498,0,915.5724264842161,0,417.835205131804,0,36.35236043135424,0,1562.9017763008285,0,524.9938210350056,0,6.0,2.0
2247,K/W,26164.29298900006,0.0,1,258.54460615297165,0,0.0,1,147.71171526413167,0,664.5674928061013,0,608.1410792040579,0,521.348758623735,0,84.32638352778221,0,1294.3989329123497,0,222.27193914801322,0,12.0,6.0
2248,K/W,1331.4235559929377,163.92023180191592,0,89.86594269329025,0,22.895484193656724,0,22.895484193656724,0,426.17121194507394,0,328.895795332641,0,825.3148848602668,0,305.36343251991684,0,1155.3777610603963,0,51.802516647434686,0,0.0,0.0
2249,K/W,2111.8131224130248,7.449976720614769,0,477.0313991515438,0,144.61127085585454,0,960.2633242543404,0,197.12321825401648,0,1429.0603646734683,0,752.3271047857133,0,240.41484667794577,0,1544.044193736252,0,1016.209424680295,0,0.0,0.0
2250,K/W,2799.593730108094,0.0,2,985.9031496953378,0,97.54200395868955,0,159.1168083432199,0,571.723507950898,0,739.6629696037471,0,812.9398719753368,0,291.17591117858814,0,686.214439281223,0,729.6227467760344,0,30.0,15.0
2251,K/W,9538.84908410195,64.92662714573284,0,265.0765809147586,0,237.39959142385587,0,329.44043174911246,0,120.23896549675032,0,298.8510711080079,0,1121.8085225820225,0,210.62415080523007,0,814.5342287299654,0,578.5541396386149,0,0.0,0.0
2252,K/W,22429.270273975475,0.0,4,468.6539868383164,0,123.13686358310851,0,1387.5359886787116,0,148.68349593701774,0,3095.03894102629,0,1560.0180134408693,0,79.25760235855395,0,3413.289648961329,0,990.6006429443057,0,48.0,30.0
2253,K/W,17186.44281716725,369.1536748529336,0,1140.3750048995878,0,36.635929539014924,0,158.11157774791306,0,303.81511884175865,0,2150.242982090531,0,1078.8734736216625,0,23.511214118597874,0,1101.5018533381933,0,521.1209191545449,0,0.0,0.0
2254,K/W,4559.96006857166,2.9174381744011315,0,538.9150784909838,0,71.13089523342745,0,420.2846357287677,0,781.9012515038638,0,871.6600265213439,0,386.32083613891757,0,43.95903790743111,0,1573.3474264822,0,503.1308325992656,0,0.0,0.0
2255,K/E,113186.50556179507,0.0,22,237.90414371978045,0,0.0,1,144.87506454897735,0,56.416578636560324,0,2890.1653766168115,0,65.59811848573273,0,10.323826429740839,0,1201.7798417462793,0,189.95846816519068,0,159.0,107.0
2256,K/E,72566.65628023767,0.0,6,387.0568677134658,0,49.227000177704035,0,345.2183751862565,0,72.63082923780382,0,2596.114340495969,0,249.17783179748105,0,10.277209260759884,0,1512.215292386686,0,16.56348741201159,0,59.0,31.0
2257,K/E,1707.2585487646681,10.748220337596,0,237.52672048208848,0,89.06199336608117,0,522.7554538282608,0,131.4269939422872,0,2137.411757455524,0,904.5141764463556,0,153.03629324385068,0,2295.141046710514,0,380.93867446876556,0,0.0,0.0
2258,K/E,6874.953683505567,26.395849762824838,0,1032.7779673041553,0,255.07138661910372,0,709.1442078006013,0,256.9405805410579,0,815.0936060523284,0,328.02899065575144,0,293.81676763670794,0,2545.5800378151316,0,476.6633979800912,0,0.0,0.0
2259,K/E,8176.6645445248905,0.0,1,1463.9937775277806,0,328.03520198292296,0,1342.3773500934014,0,639.0500781148243,0,2060.3275747474495,0,211.4777471792316,0,166.03713417175015,0,2076.1783187492015,0,428.6910507201833,0,2.0,1.0
2260,K/E,61376.414846592685,0.0,18,1059.3383712186737,0,0.0,1,873.5804294372872,0,50.41292389916212,0,1224.6548559283033,0,188.84924457108878,0,8.065359454817134,0,2261.9299773971698,0,63.41546709924353,0,103.0,70.0
2261,G/S,508.23892575774977,72.00484506955354,0,440.18794124499533,0,248.82391515714653,0,263.22766314034925,0,644.1867481325905,0,1255.038141213065,0,1411.9334356920047,0,127.49515126678405,0,678.7129273026543,0,1568.7095622407423,0,0.0,0.0
2262,G/S,12825.313993035523,35.41918701351344,0,549.4973487639492,0,8.525058289067061,0,8.525058289067061,0,369.24652483610765,0,1469.0825945612803,0,408.1691748644157,0,200.08294858630342,0,326.95805507838105,0,445.8446442834115,0,0.0,0.0
2263,H/W,1528.3313890014217,42.91591319008389,0,238.6069390768795,0,292.9825508952632,0,636.3894344904054,0,212.42404428676213,0,1556.232528237211,0,623.1724055830019,0,20.900457369513674,0,1362.2356056488538,0,927.9277911205837,0,0.0,0.0
2264,H/W,48535.76878426495,0.0,10,1003.2699440473733,0,210.77596838567993,0,210.77596838567993,0,115.39168340685987,0,1941.906742946257,0,581.8792204268658,0,402.4582390505062,0,1236.029828244843,0,51.73954122640376,0,110.0,49.0
2265,H/W,5138.115854748071,0.0,3,738.8183033107309,0,33.44930025794151,0,33.44930025794151,0,223.4211448393221,0,2381.3873123939934,0,1014.5951779726674,0,241.64899658000516,0,1454.8519673858111,0,372.98644903334946,0,37.0,17.0
2266,H/W,7339.494515369162,39.27664923022623,0,695.4201380370871,0,22.773070681291472,0,22.773070681291472,0,143.11563355794746,0,2330.8751210987175,0,968.9005466521016,0,246.33516896718749,0,1377.7461158403644,0,439.1370363576531,0,0.0,0.0
2267,H/W,1422.8796136107571,52.70346027618248,0,718.9168788594042,0,33.3709825593285,0,33.3709825593285,0,197.10749498368403,0,2394.0897970704773,0,1031.6713686418332,0,259.2965657293235,0,1397.756079444821,0,468.9054309508645,0,0.0,0.0
2268,H/W,2920.137477692616,24.45748686632,0,797.3026684558349,0,141.58617613748407,0,141.58617613748407,0,120.54666211634569,0,2259.538151520463,0,894.8818096595851,0,361.67898236172596,0,1380.960246811912,0,388.0044514774899,0,0.0,0.0
2269,H/W,301.51457706563014,37.7917926691956,0,407.75414616368636,0,62.08550737771177,0,62.08550737771177,0,135.77328367684513,0,2086.549050155175,0,272.42050348018626,0,283.8592424394317,0,418.6788500461493,0,287.9545281012562,0,0.0,0.0
2270,H/W,31408.57062057995,331.2790026982431,0,690.7328513726673,0,14.901926741397173,0,547.0153869030208,0,144.85325169042918,0,1412.5006721273478,0,1576.808391319285,0,192.8348545229956,0,1934.1443432768087,0,26.80728572040744,0,0.0,0.0
2271,H/W,592.7935547583409,287.1479862366023,0,519.415435044783,0,206.75900402517655,0,206.75900402517655,0,142.0720999320885,0,1316.6002383659288,0,1338.4446394251893,0,73.43059226835209,0,1747.8363488002353,0,251.2271712679707,0,0.0,0.0
2272,H/W,13546.93619220643,0.0,1,271.56824843511504,0,0.0,1,4.754198764978303,0,338.36795630469874,0,242.34521887116827,0,406.80279794777937,0,37.332110643469036,0,250.22824904718232,0,871.2634186367012,0,8.0,0.0
2273,H/W,1241.3138731429412,787.708804997149,0,795.5533353633921,0,213.84634396120987,0,312.2590896265093,0,189.25746548089765,0,1493.0577436204883,0,846.7024130911785,0,86.730696270052,0,1689.175879141777,0,30.437873984190354,0,0.0,0.0
2274,B,309.99001667836853,31.9306138938641,0,463.3958459387091,0,526.1085211932494,0,662.7275198204583,0,714.7009100936342,0,139.26085179665492,0,146.79852403158645,0,81.29858262357651,0,538.0680313201067,0,769.0702707197352,0,0.0,0.0
2275,B,1223.432585642301,18.63360314766415,0,486.57161186179803,0,501.17483884914617,0,678.2217940092659,0,731.5420604716086,0,173.63030559659342,0,183.0752905247547,0,67.93381966186219,0,471.72734039468884,0,757.8071101478473,0,0.0,0.0
2276,B,944.4221853496626,71.50880335146876,0,538.0365090889627,0,489.07094711249454,0,672.2855025524412,0,782.0287096182673,0,241.20126222927965,0,248.70850651032487,0,78.00946220308991,0,419.27690605031546,0,759.8623181333592,0,0.0,0.0
2277,D,16989.75337733893,8.710505155941862,0,104.51577457378265,0,144.73116600057105,0,455.0820030016049,0,215.66936651130212,0,1450.2734074021694,0,315.07805939614605,0,117.27600387440816,0,517.5568899724768,0,1083.473823924895,0,0.0,0.0
2278,D,11065.546085284383,0.0,5,130.96142985285456,0,73.86044956484535,0,311.9003887500813,0,240.14122528269698,0,1385.0436975080095,0,128.99289464367075,0,218.87910555747692,0,328.8879806348506,0,1228.9934236934157,0,114.0,88.0
2279,D,1932.3224396023911,9.594189394729145,0,1002.9454869479878,0,758.463068189743,0,1336.890147119331,0,129.73741771504095,0,1325.2574299816959,0,918.1223246744338,0,67.86169560866068,0,1741.6721012374358,0,790.311012165042,0,0.0,0.0
2280,D,5087.530146616219,0.0,1,107.92015279807778,0,54.02632171838421,0,280.97119205583147,0,219.86479189111697,0,1355.9306622725162,0,108.3827208775924,0,401.4147006083014,0,310.17573415513874,0,1579.2331656997867,0,32.0,8.0
2281,D,2622.279777209103,9.592348297011446,0,198.280879328193,0,26.543346355077098,0,307.3296253413963,0,312.6442147882244,0,1376.144391391147,0,202.65981596877427,0,263.73803222857015,0,404.85330250554233,0,1647.0063567648865,0,0.0,0.0
2282,D,1601.758630452849,0.0,1,2237.9835471995953,0,117.97207155042366,0,117.97207155042366,0,258.5531183674665,0,2577.900255197391,0,714.3598160487146,0,227.58577852447615,0,2752.5873592184303,0,7.3981048144540855,0,1.0,1.0
2283,F/S,1789.1472526435984,38.67899856153937,0,566.8224929521157,0,7.839391687222737,0,7.839391687222737,0,675.7913064720044,0,1457.8251422211542,0,102.21556946374393,0,130.63795814083906,0,501.3800889349265,0,419.30698939585494,0,0.0,0.0
2284,E,15040.932085403809,10.701962927042306,0,291.1110206044215,0,569.142168642807,0,569.142168642807,0,443.186786299663,0,1427.5990975811296,0,504.8794900238705,0,356.172875892817,0,630.7166051011283,0,390.4829962690471,0,0.0,0.0
2285,E,1717.1826858425652,68.2855946540434,0,29.946400615677398,0,184.04893950691616,0,224.27216974118883,0,120.60893132942488,0,851.3986073380408,0,529.2801044969659,0,49.99453601985129,0,88.78051075204506,0,1017.8432028765238,0,0.0,0.0
2286,E,3260.8360729765363,244.8957792153106,0,223.98996826942067,0,199.70855503208256,0,199.70855503208256,0,111.38810097654257,0,1098.908407599176,0,658.8289540777538,0,96.59316775307188,0,140.82061653061112,0,858.8300001503645,0,0.0,0.0
2287,E,132.2433190846342,86.82867239503184,0,113.14209135762593,0,83.61563304880514,0,83.61563304880514,0,447.9810313415837,0,568.2794405362874,0,629.9772501245368,0,76.67404902807169,0,488.99693010225707,0,561.1967041169052,0,0.0,0.0
2288,E,506.2893397311203,0.0,1,629.5501514794097,0,171.38745597983186,0,216.0274038106075,0,22.498323893054863,0,948.093463213118,0,373.82106898641143,0,112.95571662612488,0,847.0057503094696,0,1131.4747497545798,0,7.0,3.0
2289,E,2901.094664077338,3.2827128523408304,0,448.2910679336152,0,380.9608858876564,0,380.9608858876564,0,380.1700208542521,0,958.4128328409693,0,579.4694414371985,0,30.543997514492194,0,132.02086652399714,0,77.21008427402487,0,0.0,0.0
2290,E,380.23366645868737,201.20415525491288,0,195.8984551778685,0,227.9377572965812,0,227.9377572965812,0,242.62752926570136,0,735.7129735191027,0,399.28413356865343,0,18.230576286856014,0,324.57236422676635,0,889.4443468764567,0,0.0,0.0
2291,K/W,69393.38504213678,0.0,8,773.527736973736,0,0.0,1,0.0,1,360.97749054776915,0,573.1397111147606,0,762.1793331033931,0,65.58198713094112,0,725.8195793630343,0,431.60780558710087,0,90.0,54.0
2292,K/W,739.13126789138,0.0,1,859.9261236583657,0,52.74480069815745,0,52.74480069815745,0,662.8393509160197,0,642.303262316914,0,1004.7294522021917,0,156.19643422339337,0,852.3465493237777,0,544.6031012446241,0,8.0,4.0
2293,K/W,8361.238711961683,0.0,2,624.5550950803299,0,135.50195514014416,0,135.50195514014416,0,215.33456212079778,0,1401.3733621820647,0,475.66162528524177,0,86.03047585781785,0,770.9188411972992,0,303.96448345045036,0,12.0,6.0
2294,K/W,621.4266240250344,4.140914091746855,0,660.0262005483662,0,174.5403150857833,0,174.5403150857833,0,263.755853042788,0,1413.0635843855443,0,488.61920192594476,0,119.70629867113603,0,783.5305338703422,0,379.0125721941758,0,0.0,0.0
2295,K/E,32274.404567189948,0.0,6,737.6611781568809,0,2.308916474889353,0,437.0293151849648,0,104.63599884023324,0,488.6897624249549,0,335.29810309158205,0,0.0,2,2715.437531566521,0,436.0398815775076,0,69.0,31.0
2296,K/E,169.30148530607457,39.13622951489596,0,854.1597704193247,0,58.61651196082835,0,533.2901571188792,0,205.5283233852961,0,597.2753303661334,0,368.3249195751595,0,76.04428444368055,0,2769.637417843843,0,525.3209403793854,0,0.0,0.0
2297,K/E,247.75880951670436,18.278612734988457,0,868.965129116231,0,91.2301757942431,0,550.9186855288253,0,173.95937139550935,0,612.7349486976805,0,374.797794893884,0,112.44865807103893,0,2762.8652899737763,0,561.3809951535441,0,0.0,0.0
2298,B,1467.2026402782722,30.744430251978397,0,265.36139550565093,0,27.498446983888584,0,27.498446983888584,0,251.17895186481115,0,732.7301281152506,0,235.46374017331195,0,10.804463766306313,0,369.6076753093827,0,661.2608244485175,0,0.0,0.0
2299,A,120814.23850247497,0.0,9,1520.976276655199,0,915.9153052165974,0,915.9153052165974,0,59.772901305226306,0,909.119125280656,0,73.22004069871876,0,0.0,1,2566.7222547584934,0,3552.770968150428,0,90.0,44.0
2300,H/E,2377.103200803446,176.881682067411,0,544.6473945735186,0,90.0886071764741,0,90.0886071764741,0,309.5740532761873,0,1323.1236958833222,0,182.18269954971205,0,228.43117120061527,0,763.0780875963114,0,628.4214313962628,0,0.0,0.0
2301,H/E,11000.710845911492,37.48910000208528,0,339.4049336135012,0,259.1425747499777,0,320.1959468255344,0,399.83988857139707,0,1762.3114389187995,0,404.2206733134659,0,183.0962095783021,0,903.6769524587623,0,452.87405126173184,0,0.0,0.0
2302,H/E,9480.678833063454,320.5673957153659,0,199.37457471141718,0,79.37497410197308,0,79.37497410197308,0,279.86180584780243,0,1677.3057037350623,0,399.7721980140142,0,127.04006383487118,0,1111.050601128814,0,751.0903839394039,0,0.0,0.0
2303,H/E,8869.519929270651,254.0114397631447,0,468.03418936766974,0,261.7015407574828,0,352.4039616929931,0,530.8614790163743,0,1935.5150458965559,0,213.91260651606376,0,341.58582500396807,0,1370.5652936403076,0,718.3181340711299,0,0.0,0.0
2304,H/E,3093.4037049459935,148.68096155093076,0,341.92265082144337,0,46.92882283255962,0,271.17629907711745,0,407.16459089676107,0,1750.47869829299,0,534.288725449559,0,51.117064554650845,0,1506.3267785646426,0,1237.804953802306,0,0.0,0.0
2305,H/E,10095.952385919552,98.63202190351686,0,346.4215379049654,0,34.20904903163727,0,356.98504170646095,0,361.3421400304956,0,1810.0855843000484,0,389.82655998514775,0,109.35264598925782,0,1472.474557187162,0,1106.3795260942804,0,0.0,0.0
2306,H/E,13662.177116565086,14.295355634917215,0,110.79121181187499,0,139.97272874170852,0,320.36560290159906,0,215.4459093202354,0,1917.4188224676993,0,418.5704645769347,0,20.667673139599646,0,1660.7964936083113,0,1086.4334880932588,0,0.0,0.0
2307,H/E,21817.488414736305,0.0,4,403.3905683458161,0,18.397659779550644,0,18.397659779550644,0,73.2570157200335,0,2030.5993805917442,0,89.04520483096553,0,23.44816559255117,0,1759.9407203795345,0,960.429471372496,0,38.0,18.0
2308,H/E,1827.5704794761202,0.0,4,760.5619734620732,0,48.36358372433396,0,48.36358372433396,0,82.16784024717977,0,2071.8570868242127,0,1149.8617362106963,0,46.73296586491779,0,1870.7907650372479,0,202.26192304022078,0,38.0,19.0
2309,H/E,4985.0064749562525,91.56279275702414,0,696.5772165762241,0,69.60509207342217,0,112.13982008023505,0,188.3327742846581,0,2168.3733714546,0,1023.5177306356088,0,48.10326140660837,0,1791.6578937285042,0,321.4581905227829,0,0.0,0.0
2310,H/E,5499.307552118436,416.25063528552346,0,853.9464028519776,0,249.07459762952993,0,427.86997737330813,0,127.59423379185661,0,2150.8790580302907,0,970.4452351432484,0,121.7052967357802,0,1661.5807482949763,0,622.9030111249916,0,0.0,0.0
2311,H/E,53642.35321845034,14.63721259340102,0,461.85707109220584,0,103.88768688812269,0,103.88768688812269,0,248.89540283396377,0,546.8938935684059,0,239.65353185715745,0,10.026703319171533,0,1380.0610433337854,0,812.9384717589091,0,0.0,0.0
2312,H/E,1445.7282783176786,81.95033331726012,0,83.46823890245629,0,359.71923799041326,0,359.71923799041326,0,108.05141029048244,0,577.890891030184,0,708.8993238736862,0,146.6806803179025,0,1000.9783021631813,0,1167.6400537439758,0,0.0,0.0
2313,H/E,18957.196064388158,0.0,1,332.3009433932542,0,55.31700099692195,0,55.31700099692195,0,89.1379522161848,0,1280.4184024033884,0,253.29846930729568,0,77.37835052173477,0,715.1616370445419,0,444.113048233471,0,40.0,17.0
2314,H/E,3360.2137686843043,17.397678664235325,0,336.2091859259051,0,195.65541115467775,0,195.65541115467775,0,160.11908760115423,0,1392.4445370018666,0,355.6137378025821,0,51.539336738914635,0,755.6511976244246,0,439.3385504879556,0,0.0,0.0
2315,H/E,8772.971658292297,88.05148854257094,0,360.2972783822574,0,167.23740131980483,0,167.23740131980483,0,202.05932998185247,0,960.8047436473865,0,210.40944614901815,0,42.109806639082194,0,1264.2665823996801,0,582.053001422829,0,0.0,0.0
2316,H/E,30042.542782847755,0.0,7,405.9252415470496,0,0.0,2,0.0,2,305.2029839008895,0,938.526762598751,0,320.04864253473755,0,28.374009047633376,0,1355.0242640200229,0,622.9250304080226,0,86.0,42.0
2317,H/E,61118.96882699426,0.0,5,179.87802031419056,0,51.61188002987295,0,51.61188002987295,0,362.1945120112138,0,1840.2482624027436,0,410.17006072800547,0,210.05844000799365,0,167.15732691543954,0,140.8597159306639,0,31.0,12.0
2318,H/E,33974.44862028359,0.0,1,102.86049248608359,0,149.84409333379634,0,149.84409333379634,0,93.32017890049629,0,1416.503028676075,0,77.0111680469344,0,0.0,2,630.1667640134054,0,508.92005768197083,0,10.0,0.0
2319,H/E,19239.86424989275,135.5426415085081,0,508.3029368635225,0,33.7085563178048,0,33.7085563178048,0,346.7553509105781,0,1339.5131670530745,0,64.87113890986711,0,177.46205871438934,0,541.7606743129185,0,540.987654825541,0,0.0,0.0
2320,H/E,454.30731110100265,266.1433757054082,0,660.6311324344462,0,86.17290455853292,0,103.98503140583763,0,353.1604231482272,0,941.789871114743,0,462.50360923703636,0,167.8922811668006,0,339.9803272603218,0,740.2396087255898,0,0.0,0.0
2321,G/S,2086.502299212325,205.46074867564403,0,146.13438156071805,0,261.31604060907716,0,485.9771944773477,0,199.3731014962862,0,823.1401564968528,0,1551.8077982389827,0,115.5133122863684,0,1265.1324815708183,0,496.5300643945486,0,0.0,0.0
2322,L,70160.11140691969,24.525112758187948,0,63.39585898298921,0,1.2686686467059736,0,4.8197576276445355,0,44.96246163526823,0,1771.6301259505024,0,247.97224715918068,0,188.83457764508987,0,423.81484649460975,0,34.02835822740459,0,0.0,0.0
2323,L,4314.305593440407,67.85593388464844,0,138.84525454869575,0,59.373764737547525,0,92.24636504940051,0,220.4242664639047,0,1639.656143768442,0,234.54525732252716,0,370.89558461452543,0,784.9778590694181,0,153.2148296859318,0,0.0,0.0
2324,F/N,26948.22912788325,0.0,1,64.60372740854766,0,163.78169584692037,0,294.8277435378823,0,152.52129533134155,0,646.8981300466951,0,829.4010483399604,0,88.30254324911333,0,696.4316775608397,0,1455.185465958128,0,4.0,2.0
2325,F/N,25273.671701971023,0.0,4,525.9720551111596,0,129.89304925321574,0,129.89304925321574,0,920.0188006607927,0,63.87859489317039,0,871.9329829243135,0,31.818164563470976,0,1274.2096673294966,0,73.52875687222401,0,56.0,26.0
2326,F/N,20393.891628147918,0.0,5,201.46379871007554,0,36.06914560257045,0,200.3141620386908,0,177.10945138065424,0,565.2408765628676,0,776.1809716811586,0,36.64306620578524,0,476.1149767061772,0,1055.9417523413426,0,87.0,42.0
2327,F/N,3166.5028927288176,38.20616291317944,0,505.73884659285295,0,165.99055156346304,0,224.21511858415576,0,84.19673242386116,0,323.4765571779251,0,420.84025176107355,0,44.70426711880201,0,69.58958588757413,0,715.8431896045697,0,0.0,0.0
2328,L,41611.17397755175,220.82224523183416,0,338.06183871505397,0,7.458835433775816,0,203.70032817193862,0,118.1665555153756,0,1908.6708181547733,0,595.2921853035439,0,231.37358116775448,0,552.7683876944017,0,186.96438728319055,0,0.0,0.0
2329,L,1094.5764770756457,359.45352401965687,0,525.6722639980032,0,100.31128933156579,0,286.4243932179587,0,193.73503006632566,0,2032.7700394799867,0,746.8521692540256,0,347.4743092560161,0,696.32691338786,0,285.9567690244612,0,0.0,0.0
2330,L,6798.106460735369,0.0,1,273.8112900353562,0,25.347090824834552,0,121.83706842792816,0,254.89928032283206,0,1330.9083757464944,0,370.3177583394748,0,0.0,1,817.8254743394737,0,871.4981428842873,0,12.0,6.0
2331,H/E,448.11198063149845,37.602918887021524,0,431.7215313065292,0,324.9043315271588,0,374.8573921424015,0,286.54622762120505,0,1054.0226435042443,0,276.05659313501786,0,112.79222511855767,0,643.6143112952774,0,1006.6937965732612,0,0.0,0.0
2332,H/E,8714.277764419545,202.7845833427879,0,358.40046271846086,0,36.79667278648681,0,487.22950921403327,0,441.106261033495,0,2011.7832590680728,0,893.7678912384309,0,289.60542313663046,0,2286.203767057353,0,462.4473989595815,0,0.0,0.0
2333,H/E,1222.55529265145,417.41354512840394,0,918.9234977209998,0,34.72552327715471,0,443.15021401701586,0,315.32332273754884,0,1746.2511728954753,0,684.7241821398801,0,80.54335325024395,0,1978.6779703600694,0,1138.431718613568,0,0.0,0.0
2334,H/E,6773.511692633022,64.5300604672162,0,563.4326289675439,0,459.92253813810174,0,462.7537603566665,0,658.199401538896,0,1969.8075667372984,0,293.8692031681143,0,116.99748305752527,0,1401.0309675578414,0,505.50310403392217,0,0.0,0.0
2335,H/E,2265.3578647560107,182.14805719378762,0,527.4302961072951,0,388.22360874956,0,419.5854341076726,0,620.456070127734,0,2035.5895397244706,0,267.0331940154548,0,242.91014420874254,0,1400.1559646395003,0,625.9473580985845,0,0.0,0.0
2336,H/E,3206.979940924516,97.36496207613372,0,397.1652853874631,0,115.6339461204602,0,115.6339461204602,0,379.7314375845,0,1385.432083872278,0,539.9096655559292,0,2.4065353531102627,0,1131.0798585024777,0,1228.16636557274,0,0.0,0.0
2337,H/E,8668.994558215622,201.7107425545566,0,408.71124928706615,0,121.00825099112828,0,121.00825099112828,0,269.8066635850617,0,1052.9935911702278,0,403.7381547422002,0,112.3376318980424,0,128.8449309410529,0,493.6931355309114,0,0.0,0.0
2338,H/E,1228.706011080832,188.9120269771094,0,357.2369268044848,0,69.62620850479918,0,69.62620850479918,0,327.9077392198514,0,1158.2289591679446,0,492.64478505901354,0,61.095583608518716,0,115.67840805283664,0,445.6711637163226,0,0.0,0.0
2339,H/E,19042.237103176605,20.177507333038168,0,156.36320626315162,0,186.2469160103636,0,186.2469160103636,0,76.06097464275983,0,789.4823703206271,0,393.43413095454446,0,0.0,1,154.0877288372706,0,353.23228051344284,0,0.0,0.0
2340,H/E,1610.9166554690669,144.68898923688542,0,222.71870543473892,0,262.51290706946594,0,282.39584644067105,0,35.59135570549857,0,1185.6209859752537,0,596.0504283152621,0,215.77301732415935,0,544.0091465563803,0,414.80608497401727,0,0.0,0.0
2341,H/E,222300.3152204725,0.0,34,267.6109875405739,0,0.0,1,27.82707066273283,0,179.08705555843744,0,822.6279863614411,0,210.3990837328841,0,38.28454113907041,0,701.5565847422284,0,1062.6958954112017,0,386.0,195.0
2342,H/E,223.0198227142379,12.438202778321397,0,721.0189601980803,0,126.90711499906017,0,126.90711499906017,0,694.9553014514067,0,1365.0652085506958,0,834.0428309353053,0,252.61387462126189,0,1353.5645544883944,0,1545.298380818811,0,0.0,0.0
2343,H/E,3743.8225271955534,0.0,3,517.8347260551503,0,184.21172127365406,0,373.45470843979155,0,440.31618750259037,0,998.0303814115133,0,483.56344986026204,0,213.4321780773412,0,854.7400095610886,0,1235.925288374911,0,44.0,18.0
2344,H/E,2075.3175016364908,0.0,1,574.7772529253651,0,220.5557234720093,0,344.8458101109692,0,496.8892083499735,0,864.0491032725228,0,533.0540966733561,0,245.84704848811492,0,759.1203957644988,0,1157.4265212052833,0,14.0,14.0
2345,L,4137.09237054726,76.35534987816015,0,142.96227408016927,0,68.80940350625407,0,573.47515971327,0,118.48660013046997,0,1892.1084800266003,0,1309.905627543229,0,136.44232108359844,0,4199.798098791446,0,865.1577270536627,0,0.0,0.0
2346,G/N,53654.076453186,0.0,3,153.62247679181291,0,43.15657336323595,0,83.28878955610908,0,788.6388701078478,0,760.9763046268731,0,991.565012803454,0,9.742725646300453,0,789.6510398584757,0,601.9097606172921,0,30.0,14.0
2347,G/N,1853.0934529691128,52.05564779834652,0,568.6818746470892,0,53.91676905598402,0,237.73713499672928,0,312.8861768994008,0,896.343610515413,0,1019.0789687616706,0,62.6317504283973,0,526.0512778277698,0,393.8239236117682,0,0.0,0.0
2348,G/N,46303.809782570366,0.0,3,420.9997696194854,0,0.0,3,45.90508771542811,0,622.0957675898869,0,498.7549447903046,0,698.0835136647001,0,40.94250829256539,0,392.35328870173606,0,554.917348685674,0,45.0,21.0
2349,G/N,15440.29159807499,0.0,4,348.71121634330905,0,20.17149489887266,0,20.17149489887266,0,164.05731493756306,0,270.91684675386307,0,615.9010412896424,0,44.02346694474633,0,491.48026288934875,0,303.78287844943634,0,60.0,45.0
2350,G/N,1119.4822815133045,159.05362938457782,0,210.1546737139502,0,312.27149784617603,0,312.27149784617603,0,156.03836474276883,0,190.24000667575444,0,1107.6097955621165,0,94.23785225941866,0,145.7797105970322,0,448.16551722350164,0,0.0,0.0
2351,G/N,6562.3418753308915,96.36528839041343,0,361.9982343672787,0,180.3339627945743,0,299.0643610293034,0,148.0134037914851,0,293.66860138899756,0,1046.957105639768,0,151.37203641032178,0,431.81374314325365,0,670.6114083399069,0,0.0,0.0
2352,G/N,67608.68088947353,0.0,5,115.05064668272203,0,15.86929756247888,0,35.53682837799213,0,307.8808796491811,0,167.1135466225627,0,905.9140076273176,0,13.507518403511726,0,372.3462433720704,0,101.76882760401064,0,102.0,42.0
2353,G/N,123215.30986022913,0.0,10,12.188888728703427,0,0.0,2,8.033713932549306,0,483.8413673098083,0,615.6761377454727,0,1170.053457414152,0,31.970322623157017,0,622.233881300627,0,102.08197194432839,0,145.0,63.0
2354,G/N,62187.318465165445,0.0,10,179.85679630655756,0,0.0,5,0.0,3,616.0215738417182,0,472.73692798502395,0,1039.3977315948246,0,220.98280321215253,0,530.5272311258223,0,307.7742358199636,0,130.0,78.0
2355,G/N,35007.47524588102,0.0,5,130.77265317160297,0,4.293845624209338,0,4.293845624209338,0,351.1854711138146,0,933.6833392206604,0,1075.1078741684637,0,75.89226716314624,0,214.45954742204887,0,214.65941193875284,0,147.0,54.0
2356,G/N,9742.7814362553,312.3427775004099,0,224.96020741148212,0,83.85302887049929,0,83.85302887049929,0,196.64865589203907,0,376.46940530868744,0,123.2350859653081,0,176.09534627083852,0,826.4820177407285,0,478.65853083486445,0,0.0,0.0
2357,G/N,3405.91505606444,244.65431530022116,0,237.1206211350491,0,121.55476282910611,0,121.55476282910611,0,487.9641801755179,0,495.89443736245505,0,42.21317215258653,0,235.99114626885427,0,689.3313831403912,0,642.1891393951132,0,0.0,0.0
2358,G/N,4263.108924131706,38.19295770560244,0,351.97761734318664,0,67.9180482960693,0,140.990408800804,0,816.9446486544923,0,673.9072226584658,0,935.0520662481731,0,43.31267843218566,0,704.1761066843802,0,605.0047025943023,0,0.0,0.0
2359,G/N,40265.84319610164,0.0,5,16.087044434317317,0,15.396441626082778,0,155.03391745572506,0,748.6902025902687,0,959.5421047272891,0,1306.6723057614843,0,60.33681504484974,0,708.0463012126273,0,522.7858937217616,0,86.0,40.0
2360,G/N,3251.63066109275,55.22668071516115,0,202.72474667767844,0,194.67804976926226,0,346.04747336392063,0,258.61927055373786,0,983.8738321133976,0,1471.1860600800424,0,17.89175049066972,0,1157.2660494074537,0,339.63055524446077,0,0.0,0.0
2361,G/N,2584.098125233226,0.0,1,303.4608596086682,0,159.43094664801868,0,345.6336499818176,0,473.0860033072327,0,599.7618478460319,0,919.8342736892572,0,90.55158086344531,0,498.1784573512199,0,692.0392958107104,0,3.0,1.0
2362,L,61203.08848762624,0.0,17,522.0972879805623,0,0.0,1,0.0,1,34.43783361020644,0,1618.3967012742953,0,358.33981078207694,0,18.92153580083509,0,676.4397620960033,0,2.885278047876725,0,171.0,97.0
2363,L,29032.24414728944,0.0,9,246.0325443907263,0,19.674281997731146,0,19.674281997731146,0,65.15652277136199,0,548.6559647867333,0,1072.7382749954515,0,10.75328053161647,0,1906.6874467660973,0,198.39974030664104,0,83.0,43.0
2364,L,1061.3641799624488,0.0,2,302.0943932323849,0,93.93601420254048,0,93.93601420254048,0,140.45077808959815,0,609.222204409439,0,1154.6766449809531,0,75.25712818910023,0,1970.4149110837122,0,282.78833903322067,0,12.0,6.0
2365,G/N,3573.366526218387,21.961651913930194,0,391.9437640581761,0,92.65492045595991,0,166.47562742115065,0,87.9848353022903,0,646.6865218970519,0,762.4365564189892,0,221.6319918526833,0,301.4166846441136,0,14.88384172944479,0,0.0,0.0
2366,G/N,1026.5708035685725,0.0,1,515.318443089033,0,107.69621011483397,0,107.69621011483397,0,301.0065724073151,0,482.64457063258766,0,717.1260821788842,0,4.481292219506235,0,576.6003646303542,0,211.60277379216126,0,14.0,3.0
2367,F/N,39031.76296953617,0.0,2,180.98224478711734,0,65.43637776671699,0,65.43637776671699,0,357.00656875905815,0,815.7210181359637,0,388.642474083476,0,76.17141744832189,0,412.76746763599186,0,33.755320681027214,0,10.0,7.0
2368,F/N,84710.30540329815,75.63582291977687,0,609.2002117614793,0,6.450835083820951,0,6.450835083820951,0,674.7011257019132,0,1009.7611208446549,0,38.317703267261,0,0.0,1,501.6645931236271,0,408.6778194704668,0,0.0,0.0
2369,F/N,245.83484505077578,416.6952825606555,0,830.0211951707752,0,90.25381628925892,0,90.25381628925892,0,839.5041708937189,0,1330.3916110441507,0,199.05238027268027,0,183.4775774499129,0,649.1354573524568,0,752.2387136034732,0,0.0,0.0
2370,F/N,56419.2380850892,0.0,1,15.685148904266761,0,74.2509319413309,0,74.2509319413309,0,143.32931187551176,0,287.8847694353224,0,459.80436150458706,0,13.613199821276734,0,488.54140569281617,0,1225.4624353613135,0,11.0,6.0
2371,F/N,104315.38897643691,0.0,8,592.5205269763505,0,0.0,4,341.6513774230624,0,773.7066938654967,0,447.1639339851402,0,386.5694612140379,0,6.699115327928549,0,742.2123825284704,0,280.057648909213,0,74.0,36.0
2372,F/N,38911.94788364515,0.0,1,484.77886888874303,0,7.870784945406598,0,7.870784945406598,0,251.2511844250596,0,757.9685017117858,0,2.9288571516199986,0,66.14057611040863,0,315.80646132383737,0,751.36291149881,0,2.0,0.0
2373,F/N,8892.70838179625,159.63973470099666,0,212.35837566909117,0,21.179264181262024,0,253.11681392836613,0,454.9890316682903,0,955.0256702598716,0,425.7968815241228,0,44.15442655967281,0,576.230930002158,0,267.3508195578433,0,0.0,0.0
2374,F/N,18731.26944315276,114.94692628103392,0,43.44806511237325,0,46.46427453197426,0,46.46427453197426,0,476.0422848100583,0,742.7191247134484,0,278.49688278252665,0,92.05883149742667,0,365.1027987141103,0,299.19693580981624,0,0.0,0.0
2375,F/N,30564.415858474586,0.0,1,227.7885279845488,0,58.00282471770384,0,178.36717029030385,0,197.1006997760138,0,507.23764474262424,0,712.006282740599,0,54.184304269968344,0,335.9278094880697,0,1028.9875927700634,0,10.0,5.0
2376,F/N,16620.241246217454,6.0226025029698524,0,456.2751516371676,0,159.0765238566391,0,257.06521610168664,0,141.95663272044519,0,954.713662696741,0,1165.6046250140032,0,136.92465549926865,0,339.84909006490255,0,1006.635503561033,0,0.0,0.0
2377,F/N,3531.8122047393344,39.91261987602144,0,790.6841971463255,0,321.8419007124283,0,321.8419007124283,0,265.5248128312224,0,1397.2549254256928,0,1604.052160012184,0,39.40238629175493,0,291.2976441561889,0,986.3324217514072,0,0.0,0.0
2378,F/N,384.24952124983315,63.60605635061626,0,526.0722029360627,0,145.86773473126982,0,145.86773473126982,0,225.16885943197238,0,592.7648778536706,0,257.42060048261527,0,72.61547212036164,0,761.0989320706962,0,782.5676138132991,0,0.0,0.0
2379,F/N,367.7247721305454,268.84225947954974,0,539.4506858910503,0,153.98733014093256,0,153.98733014093256,0,495.1237060582729,0,869.0736027601987,0,301.59954538316543,0,66.52081948232096,0,577.6315390490262,0,682.284015085184,0,0.0,0.0
2380,F/N,4234.041532373332,169.87552255563293,0,558.4008235942689,0,320.9302804407087,0,396.3217974731196,0,422.8469840730762,0,1417.6703578550025,0,1690.8724246664415,0,11.314002077272963,0,208.12389169119456,0,1018.7248702469899,0,0.0,0.0
2381,F/N,450.3121119129802,297.93369911105424,0,71.05413530789022,0,206.26208139117358,0,206.26208139117358,0,550.3387840386304,0,978.4520303414174,0,132.43764405209296,0,120.07005409977073,0,260.3242336085006,0,547.3710237012303,0,0.0,0.0
2382,F/N,1586.2010231794902,298.5018848240132,0,625.2833980333259,0,336.7720871373696,0,513.1966594386024,0,457.24924234550843,0,1419.4374164366634,0,1658.5858401696496,0,113.94728237013041,0,296.39338243673586,0,926.9384960872304,0,0.0,0.0
2383,F/N,5961.6060435689,103.2810684924018,0,169.91355672341922,0,155.49089378394325,0,235.95902377142846,0,277.2834074003084,0,991.1397384236932,0,574.3896905789117,0,0.0,1,620.7066293270943,0,141.21545354380305,0,0.0,0.0
2384,F/N,3226.395013246777,165.3269762970019,0,651.6835027669207,0,14.605478660124172,0,14.605478660124172,0,353.3258191665566,0,82.90572318809048,0,148.60943264268866,0,146.1595710560887,0,302.9415586970818,0,918.4347588231205,0,0.0,0.0
2385,F/N,4302.410467239566,12.002297439576209,0,364.6854312670182,0,180.30145226796853,0,180.30145226796853,0,202.50219626497304,0,375.26288731960426,0,546.5112042898414,0,70.35509664498183,0,89.4985409393684,0,901.8680684280785,0,0.0,0.0
2386,F/N,1415.001059884953,62.44117739128977,0,537.9728071363818,0,165.67532053808196,0,165.67532053808196,0,661.5172210435186,0,610.9534977474544,0,760.8970417662572,0,152.5973758381336,0,911.3572658399888,0,175.80389118237952,0,0.0,0.0
2387,F/N,2509.5007019448867,155.44103482123046,0,604.5444396068401,0,199.489734603192,0,199.489734603192,0,300.45725841117326,0,1265.120105093976,0,1463.1196283670158,0,10.260702635426822,0,121.60794096643998,0,1123.3897413235118,0,0.0,0.0
2388,L,1778.0276451541317,97.27049476626979,0,364.62859276285644,0,141.1100606800832,0,183.79844604317864,0,312.4725745286654,0,1625.0443770804332,0,174.0479642324788,0,436.91218775302116,0,617.3490565823504,0,1033.4311016074073,0,0.0,0.0
2389,L,43893.97549021468,0.0,2,343.41478787145394,0,210.35927003077444,0,300.9070556519828,0,302.960609810025,0,1149.2400672433444,0,81.81379177839436,0,21.341981866668068,0,1223.8352996627366,0,402.61849126333584,0,4.0,2.0
2390,G/N,102372.11994589864,0.0,22,213.42614093723165,0,0.0,2,0.0,1,445.32753651277966,0,866.5325977441595,0,1168.9147096676331,0,0.0,1,238.77306843636444,0,246.7828009230509,0,470.0,230.0
2391,G/N,227.18913817122575,44.95365896312225,0,440.64864061131976,0,143.45355129415287,0,269.4503018586864,0,810.8624295332138,0,1259.1842402109944,0,1461.7371102097045,0,83.2623352295993,0,466.09927230131626,0,651.6176319332354,0,0.0,0.0
2392,G/N,501.90987128464076,34.03785504126061,0,436.27222032980694,0,76.0469741912762,0,249.35756532596045,0,810.7649203651924,0,1205.5403676835363,0,1405.6680041260468,0,82.47521182737263,0,507.0914275019458,0,582.801823819389,0,0.0,0.0
2393,G/N,8418.510048893486,0.0,1,143.35621731720195,0,113.23290736558667,0,113.23290736558667,0,506.6065227419979,0,925.6807195140286,0,1658.0036976813176,0,49.37672376513802,0,557.2404126144194,0,852.2106121059929,0,18.0,9.0
2394,G/N,86.74128074747894,20.172114610116655,0,232.76520982694927,0,170.26840948326102,0,170.26840948326102,0,596.095594163226,0,992.1020013715662,0,1668.2923486313664,0,118.59735152214809,0,615.9000240974991,0,892.4669840349973,0,0.0,0.0
2395,F/N,32542.96140701529,0.0,5,408.16648421491453,0,161.61592863603047,0,161.61592863603047,0,436.0342529084622,0,673.2000690758643,0,588.9761724131669,0,16.86487558029847,0,833.1338947289019,0,9.763064373179631,0,103.0,49.0
2396,F/N,2583.870880600179,36.03159384598789,0,592.3052926370876,0,259.39475075767336,0,816.1550880553749,0,432.8521236511101,0,1136.2131800853922,0,987.9168691817687,0,70.34980672698764,0,1224.6524700916405,0,1605.1483004059405,0,0.0,0.0
2397,K/W,14070.593665466471,0.0,1,790.0704540899876,0,38.42174418181557,0,589.8694276403562,0,65.16750555969655,0,1495.776827325237,0,273.09729772355394,0,180.33882392909905,0,744.8189768866803,0,1070.331758872687,0,16.0,6.0
2398,K/W,1570.9872673665916,68.38010244481038,0,607.5370087066684,0,326.0839446091818,0,815.4815793661327,0,128.50605341323202,0,1769.5860308773938,0,851.98683253273,0,153.9922331298061,0,1389.8425713717954,0,1227.628021758161,0,0.0,0.0
2399,G/S,514.4613761336195,0.0,6,90.40730488089271,0,210.04166561727286,0,210.04166561727286,0,516.1349783432184,0,1701.9392873894249,0,1103.400210519291,0,21.065618947724357,0,917.087947225481,0,558.4161607016885,0,62.0,40.0
2400,E,886.5335679165714,59.11598428090166,0,454.4438028824218,0,56.04901379524723,0,56.04901379524723,0,191.94401017761786,0,799.6076775514807,0,391.7567478958697,0,143.01314520542974,0,1134.2417993986905,0,837.8116356414795,0,0.0,0.0
2401,E,900.941620088319,119.10264412773083,0,282.4657047226602,0,118.00122192181442,0,118.00122192181442,0,452.927278407339,0,661.3928308401387,0,474.2290023399101,0,172.9468782365958,0,758.7522960086313,0,462.58329153160287,0,0.0,0.0
2402,F/S,415.2745244639392,98.56425914622653,0,384.5378977952401,0,56.39098362751753,0,56.39098362751753,0,1053.6982537598803,0,1828.4225771752433,0,215.90300598261874,0,86.22004790452785,0,106.54365234161607,0,258.18554747166917,0,0.0,0.0
2403,G/S,250.00801098758802,385.1031055261317,0,220.7156870387861,0,121.88892892167927,0,121.88892892167927,0,616.7080567415994,0,1691.8540962364327,0,910.7679513527183,0,403.61584008920056,0,610.7652660805004,0,461.88104103866414,0,0.0,0.0
2404,H/E,1602.5528843851062,44.30412276448807,0,537.5950432255515,0,134.3072619746155,0,134.3072619746155,0,535.2307526028204,0,2058.5893367469685,0,647.1401255997447,0,221.86106231353628,0,534.1608068537195,0,108.06635742117071,0,0.0,0.0
2405,H/E,2379.160983166344,186.85369259003707,0,387.08092337689413,0,193.1240613201019,0,193.2479854151463,0,297.7391568567723,0,940.9913843287485,0,305.2078254625994,0,17.0511302827558,0,1071.0532233363388,0,890.0321435417613,0,0.0,0.0
2406,H/E,1284.5433672635409,270.47889779681145,0,392.46123319853973,0,126.7001055977003,0,126.7001055977003,0,268.8923692588645,0,918.8709135980209,0,242.22954510765354,0,50.00823854949431,0,1119.4148429715274,0,849.1300559717565,0,0.0,0.0
2407,H/E,1377.3213781619313,3.630920443937117,0,486.87768286371033,0,181.62692750784888,0,181.62692750784888,0,331.3410680406316,0,514.5605414958806,0,353.67634794613775,0,48.62672015693194,0,624.7374135381685,0,1009.8299389386248,0,0.0,0.0
2408,H/E,56545.29003089979,0.0,8,498.2899298537201,0,54.14089568214841,0,54.14089568214841,0,336.33873974642614,0,542.8043383751844,0,370.57041155878386,0,14.925460539627023,0,519.2057559258649,0,911.5711830136677,0,96.0,38.0
2409,H/W,3469.865622965858,120.62785735740842,0,453.5045992189883,0,143.97701709434136,0,156.81883820335932,0,243.45522103483108,0,323.75689309175846,0,263.24528150010786,0,44.19576234603364,0,363.09540432698054,0,792.818593959197,0,0.0,0.0
2410,H/W,1623.410748942771,113.4337955040561,0,548.334892678621,0,50.63501839729185,0,164.2789636222857,0,210.6321198674738,0,427.5843089742336,0,299.7956226202526,0,100.59399440855661,0,646.9869226009778,0,630.5924563117287,0,0.0,0.0
2411,H/W,1478.5292131087795,0.0,1,349.83968252608304,0,283.17813098837104,0,283.17813098837104,0,218.5662099330936,0,791.5400764142368,0,385.46766729860394,0,129.66488403306315,0,475.59164200140924,0,531.6650061842876,0,12.0,6.0
2412,K/E,8166.3487063109,237.22243815082527,0,506.8459263264942,0,734.4402118183594,0,734.4402118183594,0,887.4168633026494,0,2724.660762515231,0,1960.28090978491,0,156.20317423499907,0,3211.316964082846,0,685.6414739884733,0,0.0,0.0
2413,K/E,12518.5507636029,4.413498612605692,0,1375.132557205738,0,96.22287305935617,0,1187.6513190105848,0,42.7887158880758,0,1330.103115306671,0,26.965186480379472,0,294.53703653057516,0,2547.8720944034444,0,163.28043307286873,0,0.0,0.0
2414,K/E,2919.580340591161,0.0,3,1239.4774821876879,0,45.289237526896926,0,1056.3317209904556,0,227.4891919926528,0,1590.0441155985245,0,399.2583689528805,0,116.13808833476064,0,2284.275388632013,0,82.33398306847496,0,23.0,14.0
2415,K/E,7303.231479898204,0.0,1,1489.480280132954,0,238.23776649782997,0,1340.6316049361844,0,534.4597607538373,0,1957.2825942289737,0,252.3903780977139,0,53.14870112641134,0,2102.18251037151,0,319.46154077251475,0,12.0,6.0
2416,L,706.239264475449,59.85095866725614,0,107.09431632094521,0,0.0,2,0.0,1,81.35977656555853,0,1570.6079189743814,0,384.17215939007446,0,135.7285704238634,0,645.0800772816297,0,1084.03780580825,0,0.0,0.0
2417,L,609.1803461294137,130.94295112574451,0,463.6791389505964,0,100.36848767243642,0,100.36848767243642,0,144.76174267442968,0,1055.3764090118136,0,356.6378681535937,0,85.5080288770992,0,1015.1141852014674,0,671.1395038396155,0,0.0,0.0
2418,L,1189.4314923413172,270.3664356873584,0,320.640324689179,0,46.85041434898529,0,46.85041434898529,0,103.4872186048466,0,1003.6657215163182,0,206.45855196472542,0,48.073733954264554,0,1259.8183394804685,0,514.5707857210033,0,0.0,0.0
2419,L,1726.2702826557484,3.306214509313318,0,291.45797229712014,0,61.5093285702543,0,61.5093285702543,0,161.6492395583464,0,544.6394181027422,0,697.112473808294,0,98.51135569641245,0,1764.0621912921195,0,211.95143425929476,0,0.0,0.0
2420,L,1090.3070580230294,16.594272645181572,0,169.9947439622216,0,39.459536186153635,0,39.459536186153635,0,167.05762716660232,0,624.2449599122148,0,577.0269172175781,0,123.79863598757692,0,1774.71248979547,0,161.39165610273224,0,0.0,0.0
2421,L,6938.383690873195,80.52181646983537,0,251.0904490375407,0,83.24172191999958,0,449.2424904796834,0,235.96752708145186,0,2073.8289397796457,0,1189.4203672004846,0,12.4620349741406,0,3985.7974699447846,0,972.0892548945129,0,0.0,0.0
2422,L,2842.7204780910706,46.07981527308418,0,141.23179299331127,0,10.845817133563555,0,506.6061728555623,0,128.32151227654236,0,1977.8696773820427,0,1187.9699367963929,0,158.60658255428925,0,4092.165441897667,0,999.1463716666215,0,0.0,0.0
2423,L,21156.26614421486,0.0,2,22.840224160627013,0,25.643046902649186,0,289.7000323916101,0,40.4939701204605,0,1843.8678086666123,0,1042.6753479226122,0,162.35982113151775,0,4013.346983207042,0,1031.3384237820048,0,14.0,4.0
2424,L,7153.245806650897,67.2301074127181,0,29.252612942673206,0,100.69229643450527,0,235.57250805362239,0,53.99432099203009,0,1719.7518132675236,0,1056.401374579266,0,156.19906861484844,0,4120.663385534731,0,960.0553103502731,0,0.0,0.0
2425,L,4707.295465382837,332.11039506156027,0,675.715112304394,0,101.65263607279071,0,727.3194317025307,0,83.89125912429357,0,1893.0299538717238,0,1357.7416617496942,0,95.23992552985496,0,2690.1529509885627,0,544.3029199912395,0,0.0,0.0
2426,L,30768.234556228777,251.63455665793256,0,706.956625859599,0,0.0,3,402.20549309006924,0,26.505980007656877,0,1587.4217527001397,0,932.0980799603458,0,166.73160733654998,0,2952.488270393511,0,13.779971043642234,0,0.0,0.0
2427,R/N,4313.651083192061,105.67269847219171,0,165.21353490704595,0,49.1146018018953,0,494.0479745877138,0,250.05078460931017,0,261.86711990018193,0,269.5500376171927,0,42.16637625592294,0,698.9929655959994,0,758.4722538174972,0,0.0,0.0
2428,E,1285.3013807405578,127.92654203654526,0,154.15569085348605,0,452.3998514715296,0,452.3998514715296,0,625.0582552266471,0,1647.9325619906506,0,753.6275113289314,0,324.1035936669314,0,636.1042509375088,0,621.7959056343186,0,0.0,0.0
2429,P/S,2161.0185130981267,61.819259470886514,0,569.3924312742915,0,51.967415409156,0,78.92421228652685,0,334.1737498317049,0,1438.2601618680596,0,837.5600636702537,0,154.48576826659348,0,153.2383928474173,0,419.8389438117789,0,0.0,0.0
2430,P/S,891.6272759048786,130.0853749014061,0,555.9183381956981,0,129.7581035387449,0,156.159741199324,0,372.96800454345816,0,1492.2033825364808,0,867.8034955715683,0,118.24341939297308,0,124.32576645444462,0,403.95913750894005,0,0.0,0.0
2431,G/N,710.4970760392839,24.37641423444511,0,104.52087635372654,0,236.10771539705058,0,278.63307952035683,0,241.25853285870173,0,876.4767367180585,0,1463.499801769957,0,154.5234464066678,0,519.7876367691723,0,1196.1932071909412,0,0.0,0.0
2432,G/N,11082.809843856197,0.0,4,0.0,2,111.11451380066484,0,111.11451380066484,0,277.75893185630116,0,839.8962542247097,0,1462.8329627893718,0,131.24872912207485,0,313.04107694100355,0,1044.2644700144847,0,55.0,25.0
2433,H/E,256.06905852617757,208.55022740992453,0,80.57752602619243,0,127.49148288916156,0,127.49148288916156,0,82.10471665331292,0,1490.8397042164092,0,170.50195710154125,0,26.827930767802965,0,821.667529398106,0,864.6490535830073,0,0.0,0.0
2434,H/E,1482.7216589038303,0.0,1,222.3655465622911,0,115.7112419045338,0,161.7839311683927,0,94.25684077699957,0,2187.504955580828,0,332.08705217021304,0,233.380068732016,0,1817.9084254971667,0,1086.6671091562653,0,4.0,2.0
2435,D,2252.549993450776,0.0,1,432.23600850553015,0,51.654540079078544,0,51.654540079078544,0,100.4551709660056,0,758.5601738148765,0,496.61433362094897,0,105.36523615242753,0,1043.3816883793888,0,938.8006472257391,0,4.0,2.0
2436,D,1948.7714785426847,57.94689677137698,0,484.07385158044167,0,32.037962714446486,0,32.037962714446486,0,145.29297790632458,0,817.7720559584498,0,462.2464947253316,0,67.05911474451727,0,991.9332923360228,0,997.0602055197113,0,0.0,0.0
2437,F/S,1840.8044092580437,143.62900451896755,0,481.840897702517,0,96.13832786898735,0,290.3920297350164,0,457.9649300771486,0,1385.30142239243,0,688.6332930440924,0,136.26858883278354,0,396.8679609306764,0,1379.990889402105,0,0.0,0.0
2438,F/S,1997.8242162412755,174.6399286363405,0,449.3599337109883,0,131.77283148484628,0,291.4896642292513,0,419.3901575767545,0,1423.746850847853,0,716.0544507575728,0,109.25550045711616,0,421.5693570451247,0,1401.7887708644084,0,0.0,0.0
2439,F/S,1522.6439880476191,161.47458851704775,0,218.8077196412329,0,162.10084164459894,0,162.10084164459894,0,224.25086068057112,0,1497.7469974347746,0,695.4007882617344,0,47.40394951804222,0,658.1601256184393,0,1283.3163899748386,0,0.0,0.0
2440,F/S,382.20323601945256,21.705970066088426,0,568.8822969045436,0,151.9339297336519,0,151.9339297336519,0,284.80284441834556,0,721.7796625435419,0,91.77649587067228,0,213.29355875027792,0,787.3436861708038,0,576.7811843305933,0,0.0,0.0
2441,G/N,1939.8391513969348,0.0,2,390.1916085814498,0,48.6208646302997,0,192.15455150613968,0,204.2972005061068,0,949.2201083771103,0,1387.529496213255,0,103.48231901994427,0,963.8662555886463,0,260.7263885719043,0,27.0,13.0
2442,G/N,1646.4856035910193,0.8225460543540688,0,329.79480205052676,0,78.88615172464898,0,284.8988986838022,0,177.4182535004723,0,924.7266202413153,0,1468.6989465673619,0,47.871479217869606,0,1050.4458877934862,0,328.24223299388876,0,0.0,0.0
2443,G/N,382.12519128455045,372.48315886143644,0,66.54325302181763,0,21.4507090948767,0,21.4507090948767,0,404.059522281343,0,838.3557716972297,0,857.267234711691,0,79.8361630358702,0,707.3508274339069,0,242.84646223173618,0,0.0,0.0
2444,L,704.0678926736922,149.30072449320875,0,750.8031204413448,0,392.11529402537457,0,481.91147313869055,0,432.15813498798803,0,1431.8686753850784,0,1344.1805269411723,0,160.33127068742886,0,2535.083893535247,0,969.5592448093525,0,0.0,0.0
2445,L,567.8781413024565,34.129367150926385,0,504.73040354285536,0,132.24241498948837,0,209.47381332302697,0,174.81438975966392,0,972.6359403794,0,467.1535684941477,0,295.44887450827224,0,1234.3598586793776,0,715.6304922006389,0,0.0,0.0
2446,L,394.4091669273586,39.180445536313115,0,592.4873623930923,0,260.1902703147107,0,299.6490005262181,0,210.0702322952294,0,1132.6778874989045,0,326.2641510250062,0,213.34958435517572,0,1089.596233260579,0,888.5690438144155,0,0.0,0.0
2447,L,3072.784482293756,2.2852361457148427,0,611.6016817193712,0,184.81929072731793,0,306.66947247248345,0,152.72412073287606,0,1064.7073081608105,0,327.86450601687125,0,236.0743766322005,0,1104.2050344385966,0,858.2103709184966,0,0.0,0.0
2448,M/E,644.4791187285933,185.72587423429735,0,832.9931642570339,0,733.1058019466393,0,879.566106560375,0,909.5271788105495,0,3438.6278622318227,0,701.5996820517483,0,14.206909146720168,0,3772.176813916457,0,1445.0436787550905,0,0.0,0.0
2449,M/E,855.0419139220603,377.3035993910457,0,520.1657514874397,0,631.5169468319696,0,834.6020320346131,0,157.1995331385432,0,1121.628506334297,0,248.94217805407814,0,176.205138002303,0,919.5819863976755,0,686.6154204685078,0,0.0,0.0
2450,M/E,1003.723450214481,533.8290500428135,0,669.0053646205344,0,43.86222395031279,0,618.6069083968853,0,238.40194521389174,0,1038.250023789985,0,653.7770196176515,0,51.01592237461547,0,1094.2784606567027,0,976.2843697222735,0,0.0,0.0
2451,M/E,2005.359534925117,24.120486619987503,0,483.1128264546462,0,234.60948323011402,0,234.60948323011402,0,252.21464252460143,0,449.31978230443957,0,472.5476590294393,0,199.53678967890585,0,705.8164898381707,0,702.5027731587655,0,0.0,0.0
2452,M/E,1045.004883750475,2.382808434974331,0,462.6671478007866,0,169.55406528307267,0,169.55406528307267,0,264.77011192248335,0,442.3684651981073,0,455.8814739686574,0,145.67508690160383,0,635.9764074997958,0,722.2857627070189,0,0.0,0.0
2453,M/E,491.53494660369677,49.84509036480549,0,485.00124840425997,0,158.95724704439883,0,158.95724704439883,0,345.20346521560947,0,516.1025134636662,0,508.660388184806,0,178.01562195567374,0,646.0477175377655,0,797.0956770338248,0,0.0,0.0
2454,M/E,497.7320960622351,9.662375496456509,0,517.2765967201568,0,146.63379470349727,0,146.63379470349727,0,353.03215864107625,0,545.1594434493804,0,548.6279708452731,0,226.59496457417507,0,659.1930126954736,0,794.2882117402146,0,0.0,0.0
2455,M/E,18721.903567152243,0.0,1,251.63556024045647,0,60.18947485990732,0,60.18947485990732,0,63.02144894874405,0,2388.607083510725,0,124.77990965544807,0,144.03675818679855,0,1749.9792182500746,0,168.04904760059077,0,39.0,20.0
2456,M/W,541.0986051489047,58.913777417530746,0,248.69449198734696,0,62.42528411792998,0,66.95212312294412,0,103.48332439340241,0,1458.258079294215,0,609.204815193456,0,166.38909610555183,0,494.75987120455636,0,815.9383615442363,0,0.0,0.0
2457,M/W,1447.6690752831341,123.91581124983979,0,299.5461068569376,0,199.2636469415967,0,199.2636469415967,0,113.3283290779999,0,1179.0839449400214,0,1481.8934945775597,0,167.93704282738577,0,231.8304692883708,0,638.6178615866327,0,0.0,0.0
2458,M/W,1067.6616175891259,23.8924860487614,0,489.7179278965991,0,111.5030862210908,0,111.5030862210908,0,428.49359241547944,0,1227.522392016579,0,1753.1580655761522,0,18.940440813871767,0,283.9436057896734,0,719.9388785187579,0,0.0,0.0
2459,P/N,34792.32992884805,0.0,4,324.86622844399614,0,9.62869497396858,0,346.94613260435545,0,989.044418597529,0,268.3589327082013,0,179.56885832797275,0,90.02485884409946,0,2978.487960953743,0,546.5116936259736,0,36.0,18.0
2460,P/N,3172.0885668502006,0.0,1,473.84149418322556,0,281.17451345519294,0,448.5072654610174,0,95.66082795020093,0,1163.0231353247364,0,1449.7862818458373,0,34.43439390085412,0,2646.9530743584464,0,1872.9440258578802,0,2.0,1.0
2461,P/N,1628.2182000307785,97.86725434698478,0,609.3813138240314,0,198.28214269897956,0,667.052141991365,0,80.08998624941052,0,1425.689413404962,0,1158.7776579220845,0,215.4350734794309,0,954.3678623355304,0,670.008519501133,0,0.0,0.0
2462,P/S,293.09829963715833,88.47964796271454,0,682.899112087995,0,162.50641228022272,0,169.16641606973897,0,195.55813852924425,0,867.1500227373455,0,290.68757692667504,0,269.6788651646604,0,508.6909321643841,0,963.3255464379696,0,0.0,0.0
2463,P/S,1987.660494900104,21.974762467449096,0,773.9800259574663,0,195.6157689837207,0,195.6157689837207,0,219.58081256086754,0,1300.3444877857694,0,651.5190562150599,0,66.76957563867616,0,236.38892741930886,0,616.253839019094,0,0.0,0.0
2464,P/S,3909.180382220919,8.118752551376122,0,339.585639705293,0,122.33205229296973,0,399.11304513888706,0,216.22624144209237,0,1397.7504479744327,0,1109.5224040179642,0,69.85577823168616,0,195.20460974638118,0,175.50857471828294,0,0.0,0.0
2465,P/S,943.2602157397276,115.03535894151712,0,533.8742176910058,0,73.32619895803482,0,99.23703504840316,0,338.62209274393433,0,1490.0961251252213,0,890.7377588147757,0,185.66564063243266,0,171.99035857072576,0,388.64890578226806,0,0.0,0.0
2466,P/S,1221.8941645541945,171.8234457899305,0,478.77156389491705,0,84.92267819466583,0,145.8139060185034,0,278.1508342867754,0,1547.6156190916079,0,945.3884350955101,0,220.8185595009036,0,189.0709455287212,0,339.4945816122792,0,0.0,0.0
2467,P/S,928.7438860455322,141.4146925345679,0,440.78077077032464,0,207.52375036006018,0,301.14524883350344,0,298.23990774083035,0,1179.9686581214382,0,876.2823481287788,0,206.7214462254108,0,1149.049834522197,0,616.0053172599692,0,0.0,0.0
2468,P/S,3415.7259281345096,0.0,1,454.7973620212841,0,49.88236766753684,0,395.25852145989035,0,126.58131578109963,0,855.9046811939768,0,698.59488931866,0,145.94210510835052,0,993.534101234554,0,599.978758922355,0,4.0,2.0
2469,P/S,922.5536239165872,84.61604206710733,0,705.9839676542565,0,223.05893323451585,0,280.21013991362827,0,303.9649623282265,0,994.232697539262,0,1180.7176170689838,0,132.13526156692865,0,2365.097347668726,0,1571.0330563465366,0,0.0,0.0
2470,P/S,1609.811546127969,136.31845099729634,0,738.7921979087755,0,168.554839170313,0,223.33904424849996,0,238.27537573924408,0,1015.4606808768707,0,1134.4001329165176,0,96.44102929406039,0,2365.914428437549,0,1561.4266757839139,0,0.0,0.0
2471,P/S,39252.328487657614,351.03342304210184,0,1880.8023911836995,0,294.7647541088039,0,625.081426037683,0,676.2932078497557,0,1980.0947907205828,0,369.833873822551,0,92.19099293032322,0,2704.3918059676294,0,1680.1641677325074,0,0.0,0.0
2472,P/S,2452.2716944314357,18.915354857820834,0,581.595156308804,0,786.8883660421953,0,969.010335916322,0,817.4190306087349,0,3166.638514164573,0,1654.531040460757,0,234.8244366807414,0,2123.962934019657,0,1471.6296692293745,0,0.0,0.0
2473,R/C,1017.2280773653334,49.19085963825207,0,319.4982350392554,0,195.9590392927371,0,338.8270959787334,0,279.408153718135,0,1427.9479513052827,0,1232.877623815418,0,181.60967507245772,0,2969.540995632913,0,1021.0320771867903,0,0.0,0.0
2474,R/N,408.47939977154886,0.925165541225051,0,96.70331649504982,0,246.72522870461626,0,365.7882119054874,0,249.6166024488504,0,481.51044324073877,0,432.3964982548884,0,2.8796335504078163,0,913.5086314069117,0,752.0759694154161,0,0.0,0.0
2475,R/N,651.9204763709847,92.67097316419036,0,400.10316785938375,0,280.29505499319885,0,435.3087029799099,0,110.0597470529539,0,430.78893608465484,0,264.05889438658284,0,203.90650254039727,0,768.4024201498711,0,532.4126551029476,0,0.0,0.0
2476,R/S,1859.296144760161,270.5681563866321,0,963.4981816618816,0,233.99148775287787,0,233.99148775287787,0,506.2387230011267,0,994.6990303442859,0,1071.1725570325732,0,398.12712768327316,0,3467.0482704575275,0,1268.889383296478,0,0.0,0.0
2477,R/S,495.22783590700914,130.55236929485935,0,272.33586831306985,0,257.3838022621689,0,350.91212280369393,0,143.7074519120061,0,672.4895298905889,0,279.66141208032803,0,70.53028323224926,0,830.1801677989631,0,226.50812026838076,0,0.0,0.0
2478,S,2862.823031606071,442.2948320578703,0,516.3634128389264,0,453.71368867742166,0,830.1478673295763,0,444.1795757784917,0,3577.6877411462,0,1187.3177641589275,0,430.29906406917854,0,652.366527765673,0,1112.3078962002044,0,0.0,0.0
2479,T,559.2738927735596,182.8872240887015,0,446.4435022562812,0,228.92445291021613,0,288.11535912476063,0,249.25055874593733,0,1424.943747245286,0,576.7684072853432,0,24.38661669960856,0,596.3471635839061,0,833.7882237412649,0,0.0,0.0
2480,L,14480.411930704897,250.3804077605034,0,611.5248250426774,0,442.1587097198352,0,481.12106485017154,0,339.7991536152419,0,1838.9381152551962,0,644.0402568816679,0,104.03454809960243,0,837.8820912429734,0,757.0407884669236,0,0.0,0.0
2481,L,5928.760254815922,0.0,1,756.5405651208566,0,426.0071506927357,0,489.5168248722142,0,246.76854750119065,0,1557.4074317431925,0,469.38719667907,0,39.457558611037534,0,1315.1587468882612,0,468.86858765222263,0,2.0,1.0
2482,L,6930.265804003151,0.0,2,359.93040737717234,0,267.0274602259258,0,396.4846994664059,0,372.0510259521008,0,1164.9608138605945,0,172.8789499485629,0,133.8266708568985,0,1347.2263398487858,0,413.04668732323495,0,20.0,10.0
2483,H/E,1897.6991567540279,62.88924788727318,0,455.17043595370944,0,304.9396407312782,0,304.9396407312782,0,273.71304787288756,0,981.7127934370666,0,279.97748893790856,0,71.8981463324988,0,586.6954287296082,0,965.7267589602039,0,0.0,0.0
2484,H/E,3828.4250237073365,0.0,1,590.0170153389993,0,308.20662669728705,0,308.20662669728705,0,452.531945898689,0,823.1749550394435,0,461.27136250470795,0,189.04979749365953,0,676.2265722794856,0,1070.1846572249938,0,9.0,0.0
2485,K/W,16590.856791694023,112.74010242110737,0,774.8327516452428,0,203.36201595635885,0,748.4226142856257,0,108.1012725349988,0,1339.1283049568274,0,40.64459678757443,0,49.02684681435139,0,1219.799007975068,0,721.8791207074426,0,0.0,0.0
2486,K/W,2073.04338172133,142.29211402356637,0,1184.0457955678426,0,192.60992092068057,0,192.60992092068057,0,26.38498376339337,0,1691.1232110068174,0,203.74760442484924,0,110.87043268816763,0,2038.885635371125,0,161.36124103820563,0,0.0,0.0
2487,K/E,417.00635395430606,47.5851930074861,0,639.1764313396507,0,24.534026583285325,0,67.74232230942376,0,217.8786246952062,0,2658.037120053375,0,375.3855444004407,0,73.11977813560017,0,771.8859865330236,0,643.5564128390911,0,0.0,0.0
2488,K/E,70909.84810759517,0.0,7,0.0,2,9.549952057877812,0,9.549952057877812,0,62.778280001243324,0,2635.4902121739196,0,107.80421143387343,0,35.300595352671166,0,735.2933806073551,0,459.1046873722719,0,107.0,55.0
2489,K/E,522.2973769229077,0.0,1,231.67964893780612,0,108.67064044813235,0,108.67064044813235,0,219.0415753540655,0,2859.608557159529,0,244.60269078749607,0,218.35369166370748,0,1132.215343340458,0,595.3480730736958,0,12.0,6.0
2490,K/E,2246.18327123306,47.374441991789276,0,479.72287761137625,0,111.34765439121804,0,111.34765439121804,0,573.8227021600309,0,1840.523502222743,0,701.6362969343804,0,64.17264435615323,0,1024.7104262553783,0,790.2570780021081,0,0.0,0.0
2491,P/N,4162.617765360875,213.89421706527546,0,664.4757673201683,0,674.2322121021163,0,722.3179490721152,0,47.80100100200331,0,1099.744950309046,0,1043.779273222207,0,146.19156598265627,0,1530.7022159310511,0,887.5003831879484,0,0.0,0.0
2492,R/S,35673.93552070802,0.0,2,0.951239333107957,0,7.155472640016809,0,451.15863064028616,0,486.8172990563657,0,790.3850232293071,0,1180.6880314237642,0,36.8797510229645,0,1950.8177736688826,0,459.1296310728277,0,37.0,15.0
2493,R/S,6302.153175351584,5.057157020940561,0,217.06491945287377,0,109.20586097500312,0,109.20586097500312,0,282.04750542117216,0,669.8999901586204,0,903.5487472213559,0,173.46184792532802,0,476.090783841197,0,1509.9941470294268,0,0.0,0.0
2494,R/S,3607.132401677436,0.0,2,280.4080838989024,0,114.40435467331181,0,382.48766694791965,0,54.59205627005747,0,1359.5705536221915,0,1532.564332459139,0,265.47938864225426,0,1462.4539231517883,0,420.8902524406153,0,15.0,7.0
2495,R/S,2965.440930682432,126.60707495901138,0,585.6811178672842,0,312.23658049060936,0,441.7887953257092,0,439.9519664754419,0,1740.3251642236596,0,514.4234175071102,0,457.87631489830085,0,1518.8267929390552,0,317.1719717021906,0,0.0,0.0
2496,R/S,23314.645220942853,0.0,2,582.825992879558,0,89.8553130025229,0,221.95162145006748,0,435.47930457755933,0,1765.0589875106314,0,453.6907620658337,0,439.8078695367251,0,1548.2417677935002,0,122.1165375213745,0,24.0,11.0
2497,P/S,7560.073915803959,113.40666191431373,0,1227.5582974571598,0,0.0,1,308.45492882529544,0,17.821258774122697,0,1539.6462204237746,0,749.1417960270837,0,13.865138984883057,0,2647.763596293674,0,1703.1029830523994,0,0.0,0.0
2498,P/S,1814.1990886625558,254.16048952204437,0,1125.057894221791,0,123.8427971789327,0,130.0557427835866,0,54.82398943303025,0,1357.3059157498249,0,818.008477671656,0,92.27798499505799,0,2505.0401640167183,0,1587.3121255453152,0,0.0,0.0
2499,P/N,7935.24355242135,0.0,9,363.52552429417284,0,89.73563739133127,0,89.73563739133127,0,99.18503962419437,0,1133.1868035225916,0,578.6526041349729,0,63.298901988802484,0,570.1125714650053,0,217.25675281222115,0,52.0,9.0
2500,P/N,8779.348102655666,0.0,3,177.9864251541741,0,51.71077266845153,0,160.79774828004275,0,216.6336484160907,0,1245.6526268208345,0,578.6028913325814,0,118.36150079304112,0,501.67304420352536,0,392.423772609734,0,29.0,10.0
2501,P/S,2598.4262778153807,0.0,1,753.8701095708483,0,121.57455359917597,0,121.57455359917597,0,228.82502747946816,0,631.0191368039159,0,597.941317647226,0,96.68700957657836,0,1154.2161976056054,0,539.5845396348649,0,6.0,3.0
2502,R/C,3765.678024597816,18.284282617333847,0,609.5225191926495,0,0.07070401294311318,0,0.07070401294311318,0,236.942019863104,0,1025.4597551937904,0,628.6716748094477,0,114.17712593655008,0,1181.0286369773228,0,115.07645898976448,0,0.0,0.0
2503,L,38777.29813885985,34.15764412661585,0,166.55030534357306,0,0.0,1,34.3313873027665,0,434.6187741752873,0,878.3742121604627,0,1175.1543312557583,0,118.36164921066967,0,2153.4169062074234,0,264.60876280568124,0,0.0,0.0
2504,L,4802.806402453148,30.07150893892021,0,531.9074323509594,0,48.32319317503481,0,127.2110052597626,0,143.58723298822045,0,927.5114984842282,0,1619.8122009734595,0,79.2826550961334,0,1980.2283633134232,0,460.20371395543697,0,0.0,0.0
2505,L,20999.05014106367,0.0,4,279.74026571087154,0,0.0,2,116.36375724138585,0,120.40935695708977,0,886.663651329748,0,1754.3525514112323,0,58.93971041792042,0,1676.717552062441,0,528.3320487383523,0,34.0,17.0
2506,L,10714.345634479834,0.0,1,38.29934929993665,0,43.3272743942967,0,43.3272743942967,0,250.15267810750103,0,760.3918714633494,0,1954.8102101484542,0,461.69330039914655,0,1382.3614731009181,0,835.5388848249091,0,12.0,6.0
2507,L,8936.441043356697,0.16811124675898065,0,172.9131418635255,0,84.34108388976298,0,155.3409603187333,0,299.73527370444424,0,892.9313565124896,0,2081.692257646856,0,455.89925052291574,0,1470.5357315332492,0,886.2218020806852,0,0.0,0.0
2508,L,5715.386993993501,0.5674513838367127,0,187.74368152286002,0,119.13346263169272,0,162.72578770233136,0,211.54410421932977,0,841.2350424369582,0,2014.0876754238138,0,299.70430825175407,0,1540.2708812089845,0,757.1363511820097,0,0.0,0.0
2509,L,4431.101596046123,31.977863730526053,0,112.6635748606781,0,143.83567203980138,0,143.83567203980138,0,175.58822830711284,0,701.9492152346794,0,1889.3277055369576,0,371.7577179492393,0,1154.2575725036224,0,729.5104108938963,0,0.0,0.0
2510,L,8868.618855655674,0.0,2,261.4341896943869,0,292.6454828655851,0,292.6454828655851,0,70.52108106616767,0,678.0114125077718,0,1756.3025967363255,0,69.81637745448869,0,862.1832277898209,0,608.2159633698867,0,16.0,7.0
2511,N,2106.3548047794875,0.0,1,536.9848042114739,0,389.56730507377654,0,556.302019988714,0,536.9848042114739,0,2294.9553778286945,0,1348.7461981216466,0,126.21019988140434,0,1151.1868595492804,0,319.0872457953314,0,12.0,6.0
2512,M/E,2507.0672362272294,15.272571924962753,0,382.4637082440003,0,230.27345881782682,0,230.27345881782682,0,12.935361647797775,0,1125.8532336564363,0,152.83231829477535,0,37.30641971549186,0,521.1049241601961,0,833.2647967472031,0,0.0,0.0
2513,M/E,10379.542261628769,4.744762963559384,0,394.0639543351208,0,69.0286280249899,0,69.0286280249899,0,69.53677288574579,0,1142.582772907698,0,378.76446406248544,0,72.62620937623748,0,180.74548374977104,0,633.689677046451,0,0.0,0.0
2514,M/E,12601.760057209227,0.0,1,611.9612476109828,0,14.85143043248163,0,14.85143043248163,0,26.01310999106928,0,1022.0393945496787,0,427.10607219279996,0,70.52638677672316,0,36.88788427334329,0,479.7952505421318,0,16.0,8.0
2515,M/E,729.0719254071593,167.0804417086017,0,624.5138569969046,0,274.4442866854068,0,982.1192964228575,0,168.69589482094216,0,1679.4048042948225,0,483.0905625686458,0,135.86895269487786,0,1237.0874836057135,0,1173.9924419876352,0,0.0,0.0
2516,L,1690.9573671589283,0.0,1,513.5252395090486,0,174.14472670002195,0,174.14472670002195,0,576.3059352643147,0,1288.047204503743,0,1938.9919863518767,0,67.78097686379039,0,2873.818447942697,0,772.0702843212568,0,7.0,4.0
2517,L,5339.180704884239,0.0,4,502.92195240510364,0,56.966472757332106,0,193.791242872455,0,488.3493059891639,0,1427.7901118174468,0,1817.2927900893496,0,169.16178506904268,0,2769.91948387684,0,847.5261296070024,0,24.0,14.0
2518,L,27261.425102702717,116.36721220654117,0,590.1428656568495,0,76.12323994773146,0,458.4906459475359,0,117.85570284688029,0,1830.428143288622,0,1648.4458474118433,0,4.4656902599184,0,2368.955199064712,0,775.7050928471815,0,0.0,0.0
2519,L,59376.75970120214,0.0,16,501.05037237653727,0,0.0,1,234.58269038171613,0,167.82193594584186,0,1493.7128191668774,0,1595.6065834904518,0,2.005025104043695,0,2523.2591941282544,0,658.115556177232,0,110.0,55.0
2520,N,14962.954110580464,59.84298009417566,0,521.7516179675462,0,51.19363276032425,0,51.19363276032425,0,86.7494569949569,0,1366.495348819933,0,1229.362374222706,0,67.13153552078144,0,1081.5880573945049,0,407.07644287403014,0,0.0,0.0
2521,N,4850.176607237263,0.0,2,47.47275153701416,0,64.01344692369905,0,66.89868018622116,0,69.8332459416018,0,1637.3165156718132,0,1623.6562046949423,0,63.10687091229837,0,900.0199095433146,0,678.8206111526581,0,24.0,12.0
2522,N,11823.28997149707,281.3852964594903,0,189.9867074071347,0,0.0,1,84.93380893282323,0,116.88071675495519,0,1297.7026703718611,0,1757.2765536432373,0,27.91820645133198,0,796.7384569044468,0,403.74687413682915,0,0.0,0.0
2523,N,1749.0118881736612,79.24096162275947,0,315.9478047873735,0,42.28231989478693,0,667.8392484020259,0,78.89136213957062,0,1620.0034575842874,0,1652.5744043874574,0,401.96814185531275,0,309.58508179435944,0,474.30304875633686,0,0.0,0.0
2524,L,2039.7829491713471,422.15857344966577,0,649.6000241017109,0,584.8300251469287,0,636.9226919670608,0,204.59334824892952,0,1099.7321050018393,0,1356.6512066101773,0,52.94061734039446,0,3724.1052716306963,0,340.43970652288766,0,0.0,0.0
2525,S,5463.858627578848,27.935893168223103,0,1697.4810720098792,0,568.6029174296233,0,568.6029174296233,0,455.5711829175653,0,3804.4879993842137,0,1977.8127583569446,0,335.85128994418056,0,1216.6346890823636,0,1024.7305257362696,0,0.0,0.0
2526,S,9601.220443656483,16.491029334968523,0,245.70536548566852,0,78.02444014665166,0,138.41141621622992,0,430.2113679989548,0,2358.0820532216785,0,1816.493590117725,0,120.46389335811261,0,840.4915478829089,0,13.580113324095358,0,0.0,0.0
2527,N,875.4589009168326,197.26216522963657,0,276.79730207695513,0,65.345262975009,0,137.48266457819423,0,312.05265448969834,0,1284.7566571239347,0,231.17048440893504,0,73.81938969306958,0,978.4699999127687,0,824.4452317230035,0,0.0,0.0
2528,N,1309.0833829472438,6.640003594398805,0,433.77374177678956,0,39.65987089122921,0,39.65987089122921,0,187.42095743387094,0,1534.797140869202,0,32.395926316782415,0,105.99105355377971,0,869.995075492787,0,1052.953020095651,0,0.0,0.0
2529,N,2973.2668336780785,41.7735885190967,0,350.49948551960864,0,14.39878766162616,0,14.39878766162616,0,201.79868023484298,0,1432.7251292666267,0,49.285123417502255,0,19.257418036127937,0,888.6665040486936,0,964.0432887454473,0,0.0,0.0
2530,N,1641.5035108381778,0.5873618297661287,0,474.63052859257476,0,102.521444754925,0,102.521444754925,0,241.42477548939772,0,1590.3436985144228,0,108.1211157452341,0,116.2046284413361,0,907.1854890336888,0,1122.3682487103079,0,0.0,0.0
2531,N,17277.32132514057,148.01919627116152,0,442.70498851585523,0,12.083916620220174,0,298.90787359766205,0,820.6098140919557,0,2181.7873937733834,0,1288.5340917968363,0,477.9872046659975,0,1621.1167711348808,0,269.51656341024994,0,0.0,0.0
2532,S,11227.146271209633,108.04532242272467,0,198.8175620113591,0,71.74934868303575,0,193.51172690991956,0,224.18494862173628,0,1685.0557038845823,0,1584.3593994503783,0,134.93019811083664,0,2009.0998020701488,0,31.43246058145689,0,0.0,0.0
2533,S,2940.911361353914,151.75878009997243,0,196.85440449689784,0,69.43290285828454,0,357.27190708346194,0,190.8103403518498,0,1637.78666594344,0,1572.7795410322374,0,232.90054109614925,0,1951.5554255163693,0,213.75739735818405,0,0.0,0.0
2534,S,2346.5458448429504,5.8792440069119625,0,327.4561747175118,0,128.40721808230674,0,488.84455305577853,0,216.8653647696951,0,1494.5771684587683,0,1444.5833115765874,0,281.81754385350155,0,1676.371357158153,0,451.7769285149661,0,0.0,0.0
2535,K/E,28731.597560733204,0.0,3,146.05727133924472,0,125.77323490195147,0,125.77323490195147,0,301.6951558350948,0,1905.609617420885,0,357.74579018289114,0,13.030878143640368,0,35.76797678642179,0,616.771706338735,0,30.0,18.0
2536,K/E,1857.8824574610103,0.0,1,60.776289792116536,0,305.3708027395978,0,374.90567442846077,0,490.75529114890304,0,1839.132500233737,0,359.4814031046408,0,182.5919223091814,0,301.3858462784065,0,639.7638279764876,0,12.0,6.0
2537,K/W,95764.20064287735,7.265616224214562,0,100.34586130288821,0,28.068986771733737,0,170.7858287372315,0,635.2113631991559,0,477.3651999558031,0,390.2919313242075,0,9.015425246825517,0,795.6906721168334,0,56.92908743093021,0,0.0,0.0
2538,P/N,491.1442943318551,200.00664999642154,0,652.3273200260949,0,290.7327922838655,0,646.403865311856,0,76.52504907771008,0,1327.5137844512756,0,1274.831976698186,0,330.63105316613513,0,1055.3659371700624,0,707.7712985056318,0,0.0,0.0
2539,F/N,39258.48895307743,0.0,6,714.6775301550723,0,159.6333856772132,0,270.695744684759,0,1035.8190236585222,0,155.1448693475156,0,962.3102989291187,0,50.298277031752995,0,1309.4333841857888,0,245.43156534202186,0,101.0,46.0
2540,S,524.347013882165,113.29511779448198,0,129.84803100903147,0,199.32755901929235,0,593.3303233921034,0,14.182866135245849,0,3095.566701101721,0,281.9461527309747,0,42.8489243675481,0,1387.440850658674,0,224.88309075289368,0,0.0,0.0
